external_id,import_class,primary_name,display_name,class_code,source_type_hint,source_category_hint,lat,lng,confidence_score,source_hash,source_refs
osm:node:13111750811,safe_new,ရဲချောင်း,ရဲချောင်း,village,village,settlement,16.7145475,96.1525719,80.00,bf7f5d08405218166b508bfd90593a91,"{""place"": ""village"", ""osm_id"": ""13111750811"", ""raw_id"": 561, ""raw_table"": ""raw_osm_points"", ""population"": null, ""external_id"": ""osm:node:13111750811"", ""region_code"": ""MM-YANGON"", ""osm_feature_type"": ""N"", ""snapshot_version"": ""osm_myanmar_2026_07_21_yangon_city_v1"", ""source_snapshot_id"": 9, ""source_classification"": ""settlement""}"
osm:node:13111750692,safe_new,ကြည်စု,ကြည်စု,village,village,settlement,16.6492927,96.139196,80.00,e1d4125822d4141dc63d13689cc78cf1,"{""place"": ""village"", ""osm_id"": ""13111750692"", ""raw_id"": 656, ""raw_table"": ""raw_osm_points"", ""population"": null, ""external_id"": ""osm:node:13111750692"", ""region_code"": ""MM-YANGON"", ""osm_feature_type"": ""N"", ""snapshot_version"": ""osm_myanmar_2026_07_21_yangon_city_v1"", ""source_snapshot_id"": 9, ""source_classification"": ""settlement""}"
osm:node:7124017060,safe_new,ညောင်ချောင်း,ညောင်ချောင်း,village,village,settlement,16.6333235,96.2215303,80.00,c01916fc4039d081a95c94e449bdc30a,"{""place"": ""village"", ""osm_id"": ""7124017060"", ""raw_id"": 665, ""raw_table"": ""raw_osm_points"", ""population"": null, ""external_id"": ""osm:node:7124017060"", ""region_code"": ""MM-YANGON"", ""osm_feature_type"": ""N"", ""snapshot_version"": ""osm_myanmar_2026_07_21_yangon_city_v1"", ""source_snapshot_id"": 9, ""source_classification"": ""settlement""}"
osm:node:13179568417,safe_new,မကျည်းတန်း (မြောက်/အရှေ့) ရပ်ကွက်,မကျည်းတန်း (မြောက်/အရှေ့) ရပ်ကွက်,quarter,quarter,settlement,16.8131713,96.1240827,80.00,f20b48202519375280a04a41a0999711,"{""place"": ""quarter"", ""osm_id"": ""13179568417"", ""raw_id"": 13872, ""raw_table"": ""raw_osm_points"", ""population"": null, ""external_id"": ""osm:node:13179568417"", ""region_code"": ""MM-YANGON"", ""osm_feature_type"": ""N"", ""snapshot_version"": ""osm_myanmar_2026_07_21_yangon_city_v1"", ""source_snapshot_id"": 9, ""source_classification"": ""settlement""}"
osm:node:13115760841,safe_new,သန္ဒေပင်,သန္ဒေပင်,village,village,settlement,17.0631463,96.1287297,80.00,2303b81e2d0ed3ddab1ae0cb9004fd1c,"{""place"": ""village"", ""osm_id"": ""13115760841"", ""raw_id"": 21735, ""raw_table"": ""raw_osm_points"", ""population"": null, ""external_id"": ""osm:node:13115760841"", ""region_code"": ""MM-YANGON"", ""osm_feature_type"": ""N"", ""snapshot_version"": ""osm_myanmar_2026_07_21_yangon_city_v1"", ""source_snapshot_id"": 9, ""source_classification"": ""settlement""}"
osm:relation:19669539,safe_new,Industrial Zone,Industrial Zone,quarter,quarter,settlement,16.91946275,96.32917917299923,80.00,54f2bc7eba946769c93feff7698561ec,"{""place"": ""quarter"", ""osm_id"": ""19669539"", ""raw_id"": 15276, ""raw_table"": ""raw_osm_polygons"", ""population"": null, ""external_id"": ""osm:relation:19669539"", ""region_code"": ""MM-YANGON"", ""osm_feature_type"": ""R"", ""snapshot_version"": ""osm_myanmar_2026_07_21_yangon_city_v1"", ""source_snapshot_id"": 9, ""source_classification"": ""settlement""}"
osm:relation:19705169,safe_new,ဆိပ်ကြီး (အရှေ့) ရပ်ကွက်,ဆိပ်ကြီး (အရှေ့) ရပ်ကွက်,quarter,quarter,settlement,16.76235285,96.11771660866637,80.00,23fe9f135de7d4d6552f963938073622,"{""place"": ""quarter"", ""osm_id"": ""19705169"", ""raw_id"": 75138, ""raw_table"": ""raw_osm_polygons"", ""population"": null, ""external_id"": ""osm:relation:19705169"", ""region_code"": ""MM-YANGON"", ""osm_feature_type"": ""R"", ""snapshot_version"": ""osm_myanmar_2026_07_21_yangon_city_v1"", ""source_snapshot_id"": 9, ""source_classification"": ""settlement""}"
osm:relation:19669761,safe_new,မြို့သစ် (က/ခ) ရပ်ကွက်,မြို့သစ် (က/ခ) ရပ်ကွက်,quarter,quarter,settlement,16.8741919,96.1006042026181,80.00,39d6e25a09dcf74c93412c550876d467,"{""place"": ""quarter"", ""osm_id"": ""19669761"", ""raw_id"": 79687, ""raw_table"": ""raw_osm_polygons"", ""population"": null, ""external_id"": ""osm:relation:19669761"", ""region_code"": ""MM-YANGON"", ""osm_feature_type"": ""R"", ""snapshot_version"": ""osm_myanmar_2026_07_21_yangon_city_v1"", ""source_snapshot_id"": 9, ""source_classification"": ""settlement""}"
osm:node:7124017062,safe_new,ဓနုတ်,ဓနုတ်,village,village,settlement,16.614323,96.2190434,80.00,97d9d794f3e4fe6bef49c420632f05b0,"{""place"": ""village"", ""osm_id"": ""7124017062"", ""raw_id"": 538, ""raw_table"": ""raw_osm_points"", ""population"": null, ""external_id"": ""osm:node:7124017062"", ""region_code"": ""MM-YANGON"", ""osm_feature_type"": ""N"", ""snapshot_version"": ""osm_myanmar_2026_07_21_yangon_city_v1"", ""source_snapshot_id"": 9, ""source_classification"": ""settlement""}"
osm:node:13111750808,safe_new,ဓနုတ်စံပြ,ဓနုတ်စံပြ,village,village,settlement,16.617894,96.2168912,80.00,c6a8f6f8ee8e26b9557a3a50d1164a0c,"{""place"": ""village"", ""osm_id"": ""13111750808"", ""raw_id"": 540, ""raw_table"": ""raw_osm_points"", ""population"": null, ""external_id"": ""osm:node:13111750808"", ""region_code"": ""MM-YANGON"", ""osm_feature_type"": ""N"", ""snapshot_version"": ""osm_myanmar_2026_07_21_yangon_city_v1"", ""source_snapshot_id"": 9, ""source_classification"": ""settlement""}"
osm:relation:19705195,safe_new,အံ့ကြီးအနောက် (ပျဉ်းမကုန်း) ရပ်ကွက်,အံ့ကြီးအနောက် (ပျဉ်းမကုန်း) ရပ်ကွက်,quarter,quarter,settlement,16.747530400000002,96.16415372446099,80.00,a70ef3ad0b0e9a95328aa330ae618870,"{""place"": ""quarter"", ""osm_id"": ""19705195"", ""raw_id"": 14877, ""raw_table"": ""raw_osm_polygons"", ""population"": null, ""external_id"": ""osm:relation:19705195"", ""region_code"": ""MM-YANGON"", ""osm_feature_type"": ""R"", ""snapshot_version"": ""osm_myanmar_2026_07_21_yangon_city_v1"", ""source_snapshot_id"": 9, ""source_classification"": ""settlement""}"
osm:relation:19669470,safe_new,ရွာသာကြီး (အရှေ့ပိုင်း) ရပ်ကွက်,ရွာသာကြီး (အရှေ့ပိုင်း) ရပ်ကွက်,quarter,quarter,settlement,16.93023205,96.26367399038361,80.00,353a3c320c0b7b01ea899acd27ed4eda,"{""place"": ""quarter"", ""osm_id"": ""19669470"", ""raw_id"": 15310, ""raw_table"": ""raw_osm_polygons"", ""population"": null, ""external_id"": ""osm:relation:19669470"", ""region_code"": ""MM-YANGON"", ""osm_feature_type"": ""R"", ""snapshot_version"": ""osm_myanmar_2026_07_21_yangon_city_v1"", ""source_snapshot_id"": 9, ""source_classification"": ""settlement""}"
osm:relation:19662921,safe_new,မိချောင်းကန်အမှတ် (၃) ရပ်ကွက်,မိချောင်းကန်အမှတ် (၃) ရပ်ကွက်,quarter,quarter,settlement,16.832004249999997,96.17705177217854,80.00,a388744c8bea498ae461c8acef54f9c9,"{""place"": ""quarter"", ""osm_id"": ""19662921"", ""raw_id"": 39179, ""raw_table"": ""raw_osm_polygons"", ""population"": null, ""external_id"": ""osm:relation:19662921"", ""region_code"": ""MM-YANGON"", ""osm_feature_type"": ""R"", ""snapshot_version"": ""osm_myanmar_2026_07_21_yangon_city_v1"", ""source_snapshot_id"": 9, ""source_classification"": ""settlement""}"
osm:relation:19705172,safe_new,ခနောင်တို (အနောက်) ရပ်ကွက်,ခနောင်တို (အနောက်) ရပ်ကွက်,quarter,quarter,settlement,16.7586752,96.09925220846154,80.00,68256cb735de0379da743c70f402edcb,"{""place"": ""quarter"", ""osm_id"": ""19705172"", ""raw_id"": 75355, ""raw_table"": ""raw_osm_polygons"", ""population"": null, ""external_id"": ""osm:relation:19705172"", ""region_code"": ""MM-YANGON"", ""osm_feature_type"": ""R"", ""snapshot_version"": ""osm_myanmar_2026_07_21_yangon_city_v1"", ""source_snapshot_id"": 9, ""source_classification"": ""settlement""}"
osm:node:13179733882,safe_new,အမှတ် (၂) ရပ်ကွက်,အမှတ် (၂) ရပ်ကွက်,quarter,quarter,settlement,16.8347507,96.1203088,80.00,c606f4eb52b911aebef3602aff807907,"{""place"": ""quarter"", ""osm_id"": ""13179733882"", ""raw_id"": 14157, ""raw_table"": ""raw_osm_points"", ""population"": null, ""external_id"": ""osm:node:13179733882"", ""region_code"": ""MM-YANGON"", ""osm_feature_type"": ""N"", ""snapshot_version"": ""osm_myanmar_2026_07_21_yangon_city_v1"", ""source_snapshot_id"": 9, ""source_classification"": ""settlement""}"
osm:relation:19705214,safe_new,ကျန်းမာရေးဝန်ထမ်းအိမ်ရာရပ်ကွက်,ကျန်းမာရေးဝန်ထမ်းအိမ်ရာရပ်ကွက်,quarter,quarter,settlement,16.763104249999998,96.1338179951997,80.00,e1aba40b1eaa2bcd2fe830b32e4e0c75,"{""place"": ""quarter"", ""osm_id"": ""19705214"", ""raw_id"": 61339, ""raw_table"": ""raw_osm_polygons"", ""population"": null, ""external_id"": ""osm:relation:19705214"", ""region_code"": ""MM-YANGON"", ""osm_feature_type"": ""R"", ""snapshot_version"": ""osm_myanmar_2026_07_21_yangon_city_v1"", ""source_snapshot_id"": 9, ""source_classification"": ""settlement""}"
osm:relation:19659099,safe_new,ဂျမား (၁) ရပ်ကွက် (ဗိုလ်ချို(၁)ရပ်ကွက်),ဂျမား (၁) ရပ်ကွက် (ဗိုလ်ချို(၁)ရပ်ကွက်),quarter,quarter,settlement,16.80181485,96.15992673233177,80.00,f95b40e36195c5aee063af54df2316c5,"{""place"": ""quarter"", ""osm_id"": ""19659099"", ""raw_id"": 68400, ""raw_table"": ""raw_osm_polygons"", ""population"": null, ""external_id"": ""osm:relation:19659099"", ""region_code"": ""MM-YANGON"", ""osm_feature_type"": ""R"", ""snapshot_version"": ""osm_myanmar_2026_07_21_yangon_city_v1"", ""source_snapshot_id"": 9, ""source_classification"": ""settlement""}"
osm:relation:19659177,safe_new,ဗျိုင်းရေအိုးစဉ်ကွက်သစ်ရပ်ကွက်,ဗျိုင်းရေအိုးစဉ်ကွက်သစ်ရပ်ကွက်,quarter,quarter,settlement,16.80642015,96.17314178923289,80.00,f04fc586e89a5da02721d2eabf5e87f8,"{""place"": ""quarter"", ""osm_id"": ""19659177"", ""raw_id"": 68979, ""raw_table"": ""raw_osm_polygons"", ""population"": null, ""external_id"": ""osm:relation:19659177"", ""region_code"": ""MM-YANGON"", ""osm_feature_type"": ""R"", ""snapshot_version"": ""osm_myanmar_2026_07_21_yangon_city_v1"", ""source_snapshot_id"": 9, ""source_classification"": ""settlement""}"
osm:relation:19659008,safe_new,စမ်းချောင်း (မြောက်) ရပ်ကွက်,စမ်းချောင်း (မြောက်) ရပ်ကွက်,quarter,quarter,settlement,16.802694199999998,96.13259715983158,80.00,13e7fde5aa421915fc64f91d72f20073,"{""place"": ""quarter"", ""osm_id"": ""19659008"", ""raw_id"": 72003, ""raw_table"": ""raw_osm_polygons"", ""population"": null, ""external_id"": ""osm:relation:19659008"", ""region_code"": ""MM-YANGON"", ""osm_feature_type"": ""R"", ""snapshot_version"": ""osm_myanmar_2026_07_21_yangon_city_v1"", ""source_snapshot_id"": 9, ""source_classification"": ""settlement""}"
osm:relation:19659001,safe_new,မုန့်လုပ်ဆောင်းကုန်း (တောင်) ရပ်ကွက်,မုန့်လုပ်ဆောင်းကုန်း (တောင်) ရပ်ကွက်,quarter,quarter,settlement,16.8115294,96.13259368341537,80.00,95080da023089985259c8465e6adbc9b,"{""place"": ""quarter"", ""osm_id"": ""19659001"", ""raw_id"": 73428, ""raw_table"": ""raw_osm_polygons"", ""population"": null, ""external_id"": ""osm:relation:19659001"", ""region_code"": ""MM-YANGON"", ""osm_feature_type"": ""R"", ""snapshot_version"": ""osm_myanmar_2026_07_21_yangon_city_v1"", ""source_snapshot_id"": 9, ""source_classification"": ""settlement""}"
osm:relation:19658933,safe_new,စက်ဆန်းအောက်ရုံအလတ်ချောင်းရပ်ကွက်,စက်ဆန်းအောက်ရုံအလတ်ချောင်းရပ်ကွက်,quarter,quarter,settlement,16.8079815,96.11185726325974,80.00,8af637d33aad4b146706b4f994cb54fb,"{""place"": ""quarter"", ""osm_id"": ""19658933"", ""raw_id"": 74122, ""raw_table"": ""raw_osm_polygons"", ""population"": null, ""external_id"": ""osm:relation:19658933"", ""region_code"": ""MM-YANGON"", ""osm_feature_type"": ""R"", ""snapshot_version"": ""osm_myanmar_2026_07_21_yangon_city_v1"", ""source_snapshot_id"": 9, ""source_classification"": ""settlement""}"
osm:relation:19658952,safe_new,ဆေးရိုးတန်းငြိမ်းချမ်းရေးရက်ကွက်,ဆေးရိုးတန်းငြိမ်းချမ်းရေးရက်ကွက်,quarter,quarter,settlement,16.796143999999998,96.12359022526681,80.00,29fa4253bca203f66453b3e41bab9ad7,"{""place"": ""quarter"", ""osm_id"": ""19658952"", ""raw_id"": 74685, ""raw_table"": ""raw_osm_polygons"", ""population"": null, ""external_id"": ""osm:relation:19658952"", ""region_code"": ""MM-YANGON"", ""osm_feature_type"": ""R"", ""snapshot_version"": ""osm_myanmar_2026_07_21_yangon_city_v1"", ""source_snapshot_id"": 9, ""source_classification"": ""settlement""}"
osm:relation:19669757,safe_new,စော်ဘွားကြီးကုန်း ရပ်ကွက်,စော်ဘွားကြီးကုန်း ရပ်ကွက်,quarter,quarter,settlement,16.894652100000002,96.12136992500999,80.00,d86a2129912076a63df3e60678eb9171,"{""place"": ""quarter"", ""osm_id"": ""19669757"", ""raw_id"": 85003, ""raw_table"": ""raw_osm_polygons"", ""population"": null, ""external_id"": ""osm:relation:19669757"", ""region_code"": ""MM-YANGON"", ""osm_feature_type"": ""R"", ""snapshot_version"": ""osm_myanmar_2026_07_21_yangon_city_v1"", ""source_snapshot_id"": 9, ""source_classification"": ""settlement""}"
osm:relation:19670055,safe_new,ဝေဘာဂီမြို့သစ်ရပ်ကွက်,ဝေဘာဂီမြို့သစ်ရပ်ကွက်,quarter,quarter,settlement,16.9177006,96.14939078545004,80.00,864b2d7e83eb6bc73b3387ee9fa2a3ea,"{""place"": ""quarter"", ""osm_id"": ""19670055"", ""raw_id"": 104288, ""raw_table"": ""raw_osm_polygons"", ""population"": null, ""external_id"": ""osm:relation:19670055"", ""region_code"": ""MM-YANGON"", ""osm_feature_type"": ""R"", ""snapshot_version"": ""osm_myanmar_2026_07_21_yangon_city_v1"", ""source_snapshot_id"": 9, ""source_classification"": ""settlement""}"
osm:relation:19672470,safe_new,ဒု-စံပြရပ်ကွက်,ဒု-စံပြရပ်ကွက်,quarter,quarter,settlement,17.0394285,96.13828752093563,80.00,a8342e72671b3fe056192dbae75071ce,"{""place"": ""quarter"", ""osm_id"": ""19672470"", ""raw_id"": 125809, ""raw_table"": ""raw_osm_polygons"", ""population"": null, ""external_id"": ""osm:relation:19672470"", ""region_code"": ""MM-YANGON"", ""osm_feature_type"": ""R"", ""snapshot_version"": ""osm_myanmar_2026_07_21_yangon_city_v1"", ""source_snapshot_id"": 9, ""source_classification"": ""settlement""}"
osm:node:13111750803,safe_new,ညောင်လေးပင်,ညောင်လေးပင်,village,village,settlement,16.6224634,96.1286886,80.00,18f76f79edd4ed9ea93fb962d4fc912f,"{""place"": ""village"", ""osm_id"": ""13111750803"", ""raw_id"": 542, ""raw_table"": ""raw_osm_points"", ""population"": null, ""external_id"": ""osm:node:13111750803"", ""region_code"": ""MM-YANGON"", ""osm_feature_type"": ""N"", ""snapshot_version"": ""osm_myanmar_2026_07_21_yangon_city_v1"", ""source_snapshot_id"": 9, ""source_classification"": ""settlement""}"
osm:node:13111750802,safe_new,သာယာကုန်း,သာယာကုန်း,village,village,settlement,16.6316246,96.1088936,80.00,87e4f00320bb257d032ac9ea28d5920b,"{""place"": ""village"", ""osm_id"": ""13111750802"", ""raw_id"": 543, ""raw_table"": ""raw_osm_points"", ""population"": null, ""external_id"": ""osm:node:13111750802"", ""region_code"": ""MM-YANGON"", ""osm_feature_type"": ""N"", ""snapshot_version"": ""osm_myanmar_2026_07_21_yangon_city_v1"", ""source_snapshot_id"": 9, ""source_classification"": ""settlement""}"
osm:node:13111750804,safe_new,ကျွဲလူးအိုင်,ကျွဲလူးအိုင်,village,village,settlement,16.634985,96.1247265,80.00,4e9bfc04eb3a462444e5a6601f03467c,"{""place"": ""village"", ""osm_id"": ""13111750804"", ""raw_id"": 544, ""raw_table"": ""raw_osm_points"", ""population"": null, ""external_id"": ""osm:node:13111750804"", ""region_code"": ""MM-YANGON"", ""osm_feature_type"": ""N"", ""snapshot_version"": ""osm_myanmar_2026_07_21_yangon_city_v1"", ""source_snapshot_id"": 9, ""source_classification"": ""settlement""}"
osm:node:13111750805,safe_new,ချော်လဲ,ချော်လဲ,village,village,settlement,16.64054,96.1106025,80.00,87a602868f60248725f94b9450fc7a10,"{""place"": ""village"", ""osm_id"": ""13111750805"", ""raw_id"": 545, ""raw_table"": ""raw_osm_points"", ""population"": null, ""external_id"": ""osm:node:13111750805"", ""region_code"": ""MM-YANGON"", ""osm_feature_type"": ""N"", ""snapshot_version"": ""osm_myanmar_2026_07_21_yangon_city_v1"", ""source_snapshot_id"": 9, ""source_classification"": ""settlement""}"
osm:node:13111750688,safe_new,ဝဲကြီး,ဝဲကြီး,village,village,settlement,16.6483271,96.1246417,80.00,58d53795ad9a8f81fe2475b741d31023,"{""place"": ""village"", ""osm_id"": ""13111750688"", ""raw_id"": 546, ""raw_table"": ""raw_osm_points"", ""population"": null, ""external_id"": ""osm:node:13111750688"", ""region_code"": ""MM-YANGON"", ""osm_feature_type"": ""N"", ""snapshot_version"": ""osm_myanmar_2026_07_21_yangon_city_v1"", ""source_snapshot_id"": 9, ""source_classification"": ""settlement""}"
osm:node:13111750690,safe_new,သရောတန်း,သရောတန်း,village,village,settlement,16.6527596,96.0927532,80.00,202abad8a9623f2d638c2400985e1bbe,"{""place"": ""village"", ""osm_id"": ""13111750690"", ""raw_id"": 548, ""raw_table"": ""raw_osm_points"", ""population"": null, ""external_id"": ""osm:node:13111750690"", ""region_code"": ""MM-YANGON"", ""osm_feature_type"": ""N"", ""snapshot_version"": ""osm_myanmar_2026_07_21_yangon_city_v1"", ""source_snapshot_id"": 9, ""source_classification"": ""settlement""}"
osm:node:267340178,safe_new,ထော် (အောက်),ထော် (အောက်),village,village,settlement,16.7191123,96.1202679,80.00,a36855a490a4c1fd59096c09966d7cb3,"{""place"": ""village"", ""osm_id"": ""267340178"", ""raw_id"": 549, ""raw_table"": ""raw_osm_points"", ""population"": null, ""external_id"": ""osm:node:267340178"", ""region_code"": ""MM-YANGON"", ""osm_feature_type"": ""N"", ""snapshot_version"": ""osm_myanmar_2026_07_21_yangon_city_v1"", ""source_snapshot_id"": 9, ""source_classification"": ""settlement""}"
osm:node:13111750821,safe_new,ရွာသစ်,ရွာသစ်,village,village,settlement,16.7079137,96.0950322,80.00,72b0682078158e5fbce1b788f9b1c577,"{""place"": ""village"", ""osm_id"": ""13111750821"", ""raw_id"": 552, ""raw_table"": ""raw_osm_points"", ""population"": null, ""external_id"": ""osm:node:13111750821"", ""region_code"": ""MM-YANGON"", ""osm_feature_type"": ""N"", ""snapshot_version"": ""osm_myanmar_2026_07_21_yangon_city_v1"", ""source_snapshot_id"": 9, ""source_classification"": ""settlement""}"
osm:node:13111750822,safe_new,လှည်းဆိပ်,လှည်းဆိပ်,village,village,settlement,16.7111953,96.1030978,80.00,decee89b1dcb925b054682b27109726f,"{""place"": ""village"", ""osm_id"": ""13111750822"", ""raw_id"": 553, ""raw_table"": ""raw_osm_points"", ""population"": null, ""external_id"": ""osm:node:13111750822"", ""region_code"": ""MM-YANGON"", ""osm_feature_type"": ""N"", ""snapshot_version"": ""osm_myanmar_2026_07_21_yangon_city_v1"", ""source_snapshot_id"": 9, ""source_classification"": ""settlement""}"
osm:node:267340176,safe_new,ကြာဖြူကန်,ကြာဖြူကန်,village,village,settlement,16.7148849,96.1077278,80.00,3de9675e51eb56077ac56d5896f7b344,"{""place"": ""village"", ""osm_id"": ""267340176"", ""raw_id"": 554, ""raw_table"": ""raw_osm_points"", ""population"": null, ""external_id"": ""osm:node:267340176"", ""region_code"": ""MM-YANGON"", ""osm_feature_type"": ""N"", ""snapshot_version"": ""osm_myanmar_2026_07_21_yangon_city_v1"", ""source_snapshot_id"": 9, ""source_classification"": ""settlement""}"
osm:node:13111750806,safe_new,ကျတောစု,ကျတောစု,village,village,settlement,16.6927109,96.0819168,80.00,f6efc9d95042436002666273a6a2f079,"{""place"": ""village"", ""osm_id"": ""13111750806"", ""raw_id"": 555, ""raw_table"": ""raw_osm_points"", ""population"": null, ""external_id"": ""osm:node:13111750806"", ""region_code"": ""MM-YANGON"", ""osm_feature_type"": ""N"", ""snapshot_version"": ""osm_myanmar_2026_07_21_yangon_city_v1"", ""source_snapshot_id"": 9, ""source_classification"": ""settlement""}"
osm:node:13111750807,safe_new,ထူးကြီး,ထူးကြီး,village,village,settlement,16.6970344,96.1007699,80.00,eb8d8369315712986852818b83d90560,"{""place"": ""village"", ""osm_id"": ""13111750807"", ""raw_id"": 556, ""raw_table"": ""raw_osm_points"", ""population"": null, ""external_id"": ""osm:node:13111750807"", ""region_code"": ""MM-YANGON"", ""osm_feature_type"": ""N"", ""snapshot_version"": ""osm_myanmar_2026_07_21_yangon_city_v1"", ""source_snapshot_id"": 9, ""source_classification"": ""settlement""}"
osm:node:12025666283,safe_new,ခနောင် (ရွာမ),ခနောင် (ရွာမ),village,village,settlement,16.7032305,96.1834382,80.00,786026502930f8068b78a30a395dcef0,"{""place"": ""village"", ""osm_id"": ""12025666283"", ""raw_id"": 559, ""raw_table"": ""raw_osm_points"", ""population"": null, ""external_id"": ""osm:node:12025666283"", ""region_code"": ""MM-YANGON"", ""osm_feature_type"": ""N"", ""snapshot_version"": ""osm_myanmar_2026_07_21_yangon_city_v1"", ""source_snapshot_id"": 9, ""source_classification"": ""settlement""}"
osm:node:13111750810,safe_new,ရဲချောင်းဝ,ရဲချောင်းဝ,village,village,settlement,16.7131444,96.1396743,80.00,e9599b47aa96fb14c92075b965851787,"{""place"": ""village"", ""osm_id"": ""13111750810"", ""raw_id"": 562, ""raw_table"": ""raw_osm_points"", ""population"": null, ""external_id"": ""osm:node:13111750810"", ""region_code"": ""MM-YANGON"", ""osm_feature_type"": ""N"", ""snapshot_version"": ""osm_myanmar_2026_07_21_yangon_city_v1"", ""source_snapshot_id"": 9, ""source_classification"": ""settlement""}"
osm:node:13111750816,safe_new,ငါးတံတရာ,ငါးတံတရာ,village,village,settlement,16.7230217,96.1409207,80.00,d479be925628b05ec5528fa606f35e7e,"{""place"": ""village"", ""osm_id"": ""13111750816"", ""raw_id"": 566, ""raw_table"": ""raw_osm_points"", ""population"": null, ""external_id"": ""osm:node:13111750816"", ""region_code"": ""MM-YANGON"", ""osm_feature_type"": ""N"", ""snapshot_version"": ""osm_myanmar_2026_07_21_yangon_city_v1"", ""source_snapshot_id"": 9, ""source_classification"": ""settlement""}"
osm:node:13111750815,safe_new,ညောင်ငုတ်တို,ညောင်ငုတ်တို,village,village,settlement,16.7286716,96.138995,80.00,13cb8444c26d26a43aca810bbec9c2eb,"{""place"": ""village"", ""osm_id"": ""13111750815"", ""raw_id"": 581, ""raw_table"": ""raw_osm_points"", ""population"": null, ""external_id"": ""osm:node:13111750815"", ""region_code"": ""MM-YANGON"", ""osm_feature_type"": ""N"", ""snapshot_version"": ""osm_myanmar_2026_07_21_yangon_city_v1"", ""source_snapshot_id"": 9, ""source_classification"": ""settlement""}"
osm:node:13229162419,safe_new,ရာဇသင်္ကြင်္န်ရပ်ကွက်,ရာဇသင်္ကြင်္န်ရပ်ကွက်,quarter,quarter,settlement,16.7497771,96.1530907,80.00,570295c10e9ae28876cf8f6d7df02d24,"{""place"": ""quarter"", ""osm_id"": ""13229162419"", ""raw_id"": 586, ""raw_table"": ""raw_osm_points"", ""population"": null, ""external_id"": ""osm:node:13229162419"", ""region_code"": ""MM-YANGON"", ""osm_feature_type"": ""N"", ""snapshot_version"": ""osm_myanmar_2026_07_21_yangon_city_v1"", ""source_snapshot_id"": 9, ""source_classification"": ""settlement""}"
osm:node:13229162417,safe_new,အမှတ် (၁၁/၁၄) ရပ်ကွက်,အမှတ် (၁၁/၁၄) ရပ်ကွက်,quarter,quarter,settlement,16.7428122,96.1568716,80.00,951237d93354397bf83aa8d446723fa2,"{""place"": ""quarter"", ""osm_id"": ""13229162417"", ""raw_id"": 615, ""raw_table"": ""raw_osm_points"", ""population"": null, ""external_id"": ""osm:node:13229162417"", ""region_code"": ""MM-YANGON"", ""osm_feature_type"": ""N"", ""snapshot_version"": ""osm_myanmar_2026_07_21_yangon_city_v1"", ""source_snapshot_id"": 9, ""source_classification"": ""settlement""}"
osm:node:13229162409,safe_new,ညောင်ကုန်းရပ်ကွက်,ညောင်ကုန်းရပ်ကွက်,quarter,quarter,settlement,16.749475,96.1583106,80.00,df4a347cfeb9caf26730703d251d629b,"{""place"": ""quarter"", ""osm_id"": ""13229162409"", ""raw_id"": 616, ""raw_table"": ""raw_osm_points"", ""population"": null, ""external_id"": ""osm:node:13229162409"", ""region_code"": ""MM-YANGON"", ""osm_feature_type"": ""N"", ""snapshot_version"": ""osm_myanmar_2026_07_21_yangon_city_v1"", ""source_snapshot_id"": 9, ""source_classification"": ""settlement""}"
osm:node:13111750814,safe_new,တံတားချောင်း,တံတားချောင်း,village,village,settlement,16.7396121,96.1729923,80.00,1b1f2541d85f6f018399880d5dce7974,"{""place"": ""village"", ""osm_id"": ""13111750814"", ""raw_id"": 621, ""raw_table"": ""raw_osm_points"", ""population"": null, ""external_id"": ""osm:node:13111750814"", ""region_code"": ""MM-YANGON"", ""osm_feature_type"": ""N"", ""snapshot_version"": ""osm_myanmar_2026_07_21_yangon_city_v1"", ""source_snapshot_id"": 9, ""source_classification"": ""settlement""}"
osm:node:12025650151,safe_new,ချောင်းဝ,ချောင်းဝ,village,village,settlement,16.7079673,96.1999637,80.00,fedd6e319fcf282f3f4e636a731a9d4c,"{""place"": ""village"", ""osm_id"": ""12025650151"", ""raw_id"": 627, ""raw_table"": ""raw_osm_points"", ""population"": null, ""external_id"": ""osm:node:12025650151"", ""region_code"": ""MM-YANGON"", ""osm_feature_type"": ""N"", ""snapshot_version"": ""osm_myanmar_2026_07_21_yangon_city_v1"", ""source_snapshot_id"": 9, ""source_classification"": ""settlement""}"
osm:node:12025650165,safe_new,ခနောင် (ရှမ်းစု),ခနောင် (ရှမ်းစု),village,village,settlement,16.7083672,96.1886408,80.00,e5aad9ce5a80642d9a457aa2c5fece57,"{""place"": ""village"", ""osm_id"": ""12025650165"", ""raw_id"": 628, ""raw_table"": ""raw_osm_points"", ""population"": null, ""external_id"": ""osm:node:12025650165"", ""region_code"": ""MM-YANGON"", ""osm_feature_type"": ""N"", ""snapshot_version"": ""osm_myanmar_2026_07_21_yangon_city_v1"", ""source_snapshot_id"": 9, ""source_classification"": ""settlement""}"
osm:node:13111750819,safe_new,မီးချစ်စက်,မီးချစ်စက်,village,village,settlement,16.7057079,96.2022208,80.00,114fb51b5efa8dc98742a4f34024f850,"{""place"": ""village"", ""osm_id"": ""13111750819"", ""raw_id"": 629, ""raw_table"": ""raw_osm_points"", ""population"": null, ""external_id"": ""osm:node:13111750819"", ""region_code"": ""MM-YANGON"", ""osm_feature_type"": ""N"", ""snapshot_version"": ""osm_myanmar_2026_07_21_yangon_city_v1"", ""source_snapshot_id"": 9, ""source_classification"": ""settlement""}"
osm:node:13111750818,safe_new,တောထံကံ,တောထံကံ,village,village,settlement,16.7020503,96.202667,80.00,56b053967545e4e4287262c1b4294e12,"{""place"": ""village"", ""osm_id"": ""13111750818"", ""raw_id"": 630, ""raw_table"": ""raw_osm_points"", ""population"": null, ""external_id"": ""osm:node:13111750818"", ""region_code"": ""MM-YANGON"", ""osm_feature_type"": ""N"", ""snapshot_version"": ""osm_myanmar_2026_07_21_yangon_city_v1"", ""source_snapshot_id"": 9, ""source_classification"": ""settlement""}"
osm:node:7124017059,safe_new,သက်ကယ်ကွင်း,သက်ကယ်ကွင်း,village,village,settlement,16.6612953,96.2219269,80.00,b679f0c3393dd663b0ed9be4ad019924,"{""place"": ""village"", ""osm_id"": ""7124017059"", ""raw_id"": 636, ""raw_table"": ""raw_osm_points"", ""population"": null, ""external_id"": ""osm:node:7124017059"", ""region_code"": ""MM-YANGON"", ""osm_feature_type"": ""N"", ""snapshot_version"": ""osm_myanmar_2026_07_21_yangon_city_v1"", ""source_snapshot_id"": 9, ""source_classification"": ""settlement""}"
osm:node:13111750686,safe_new,တုံးတင်ဂံ (တောင်),တုံးတင်ဂံ (တောင်),village,village,settlement,16.6614399,96.1944427,80.00,ac4486723a9668a2d5131fd1159998b3,"{""place"": ""village"", ""osm_id"": ""13111750686"", ""raw_id"": 639, ""raw_table"": ""raw_osm_points"", ""population"": null, ""external_id"": ""osm:node:13111750686"", ""region_code"": ""MM-YANGON"", ""osm_feature_type"": ""N"", ""snapshot_version"": ""osm_myanmar_2026_07_21_yangon_city_v1"", ""source_snapshot_id"": 9, ""source_classification"": ""settlement""}"
osm:node:13111750687,safe_new,တုံးတင်ဂံ (မြောက်),တုံးတင်ဂံ (မြောက်),village,village,settlement,16.6641554,96.1926894,80.00,5c85872556bef66a92450c659497aa29,"{""place"": ""village"", ""osm_id"": ""13111750687"", ""raw_id"": 640, ""raw_table"": ""raw_osm_points"", ""population"": null, ""external_id"": ""osm:node:13111750687"", ""region_code"": ""MM-YANGON"", ""osm_feature_type"": ""N"", ""snapshot_version"": ""osm_myanmar_2026_07_21_yangon_city_v1"", ""source_snapshot_id"": 9, ""source_classification"": ""settlement""}"
osm:node:13111750697,safe_new,ကုန်းတန်း,ကုန်းတန်း,village,village,settlement,16.6767046,96.1564931,80.00,2eb45cfeeebf2cc2eacd22f061739572,"{""place"": ""village"", ""osm_id"": ""13111750697"", ""raw_id"": 642, ""raw_table"": ""raw_osm_points"", ""population"": null, ""external_id"": ""osm:node:13111750697"", ""region_code"": ""MM-YANGON"", ""osm_feature_type"": ""N"", ""snapshot_version"": ""osm_myanmar_2026_07_21_yangon_city_v1"", ""source_snapshot_id"": 9, ""source_classification"": ""settlement""}"
osm:node:267339387,safe_new,ပျော်ဘွယ်ကြီး,ပျော်ဘွယ်ကြီး,village,village,settlement,16.6774028,96.1439549,80.00,94978fbf5a88732ac2952c92dde59763,"{""place"": ""village"", ""osm_id"": ""267339387"", ""raw_id"": 643, ""raw_table"": ""raw_osm_points"", ""population"": null, ""external_id"": ""osm:node:267339387"", ""region_code"": ""MM-YANGON"", ""osm_feature_type"": ""N"", ""snapshot_version"": ""osm_myanmar_2026_07_21_yangon_city_v1"", ""source_snapshot_id"": 9, ""source_classification"": ""settlement""}"
osm:node:13111750689,safe_new,သမ္ဘာန်ချောင်း,သမ္ဘာန်ချောင်း,village,village,settlement,16.6682036,96.1358922,80.00,7c5dc891d59ad20055e1ba6cf14a25e2,"{""place"": ""village"", ""osm_id"": ""13111750689"", ""raw_id"": 648, ""raw_table"": ""raw_osm_points"", ""population"": null, ""external_id"": ""osm:node:13111750689"", ""region_code"": ""MM-YANGON"", ""osm_feature_type"": ""N"", ""snapshot_version"": ""osm_myanmar_2026_07_21_yangon_city_v1"", ""source_snapshot_id"": 9, ""source_classification"": ""settlement""}"
osm:node:4216841279,safe_new,ရခိုင်ချောင် (မြောက်),ရခိုင်ချောင် (မြောက်),village,village,settlement,16.6596225,96.1801154,80.00,639c5adc4c4d659e45a97f24bb5ee252,"{""place"": ""village"", ""osm_id"": ""4216841279"", ""raw_id"": 654, ""raw_table"": ""raw_osm_points"", ""population"": null, ""external_id"": ""osm:node:4216841279"", ""region_code"": ""MM-YANGON"", ""osm_feature_type"": ""N"", ""snapshot_version"": ""osm_myanmar_2026_07_21_yangon_city_v1"", ""source_snapshot_id"": 9, ""source_classification"": ""settlement""}"
osm:node:13111750696,safe_new,လိပ်ကုန်း,လိပ်ကုန်း,village,village,settlement,16.6480438,96.1667935,80.00,48307ccefd7ba69bfd1eacee8048eb59,"{""place"": ""village"", ""osm_id"": ""13111750696"", ""raw_id"": 655, ""raw_table"": ""raw_osm_points"", ""population"": null, ""external_id"": ""osm:node:13111750696"", ""region_code"": ""MM-YANGON"", ""osm_feature_type"": ""N"", ""snapshot_version"": ""osm_myanmar_2026_07_21_yangon_city_v1"", ""source_snapshot_id"": 9, ""source_classification"": ""settlement""}"
osm:node:13111750694,safe_new,ရွှေဝဲပျံ,ရွှေဝဲပျံ,village,village,settlement,16.6353359,96.1554203,80.00,91810d89ff29ef1dbbd353c0d19f3eb0,"{""place"": ""village"", ""osm_id"": ""13111750694"", ""raw_id"": 658, ""raw_table"": ""raw_osm_points"", ""population"": null, ""external_id"": ""osm:node:13111750694"", ""region_code"": ""MM-YANGON"", ""osm_feature_type"": ""N"", ""snapshot_version"": ""osm_myanmar_2026_07_21_yangon_city_v1"", ""source_snapshot_id"": 9, ""source_classification"": ""settlement""}"
osm:node:13111750699,safe_new,ငဖော်,ငဖော်,village,village,settlement,16.6316315,96.1446413,80.00,d1ec8130c614ff9ace045c936a8673ed,"{""place"": ""village"", ""osm_id"": ""13111750699"", ""raw_id"": 659, ""raw_table"": ""raw_osm_points"", ""population"": null, ""external_id"": ""osm:node:13111750699"", ""region_code"": ""MM-YANGON"", ""osm_feature_type"": ""N"", ""snapshot_version"": ""osm_myanmar_2026_07_21_yangon_city_v1"", ""source_snapshot_id"": 9, ""source_classification"": ""settlement""}"
osm:node:13111750698,safe_new,ညောင်ပင်,ညောင်ပင်,village,village,settlement,16.6253629,96.1508818,80.00,84ef19d5e37e5e593cea47cf2d7a0f3f,"{""place"": ""village"", ""osm_id"": ""13111750698"", ""raw_id"": 660, ""raw_table"": ""raw_osm_points"", ""population"": null, ""external_id"": ""osm:node:13111750698"", ""region_code"": ""MM-YANGON"", ""osm_feature_type"": ""N"", ""snapshot_version"": ""osm_myanmar_2026_07_21_yangon_city_v1"", ""source_snapshot_id"": 9, ""source_classification"": ""settlement""}"
osm:node:13111750809,safe_new,အန်းချောင်း,အန်းချောင်း,village,village,settlement,16.6261081,96.1724325,80.00,aa342ec84e61e791bbb6f65cdfb49270,"{""place"": ""village"", ""osm_id"": ""13111750809"", ""raw_id"": 662, ""raw_table"": ""raw_osm_points"", ""population"": null, ""external_id"": ""osm:node:13111750809"", ""region_code"": ""MM-YANGON"", ""osm_feature_type"": ""N"", ""snapshot_version"": ""osm_myanmar_2026_07_21_yangon_city_v1"", ""source_snapshot_id"": 9, ""source_classification"": ""settlement""}"
osm:node:7124017058,safe_new,ရှမ်းကန်,ရှမ်းကန်,village,village,settlement,16.6506676,96.2178318,80.00,7d456ec717350b9d290830793094ee32,"{""place"": ""village"", ""osm_id"": ""7124017058"", ""raw_id"": 663, ""raw_table"": ""raw_osm_points"", ""population"": null, ""external_id"": ""osm:node:7124017058"", ""region_code"": ""MM-YANGON"", ""osm_feature_type"": ""N"", ""snapshot_version"": ""osm_myanmar_2026_07_21_yangon_city_v1"", ""source_snapshot_id"": 9, ""source_classification"": ""settlement""}"
osm:node:13188170376,safe_new,Industrial Zone,Industrial Zone,quarter,quarter,settlement,16.9280781,96.3433556,80.00,e449aa850bcf52ed4e1cdd96cc662067,"{""place"": ""quarter"", ""osm_id"": ""13188170376"", ""raw_id"": 768, ""raw_table"": ""raw_osm_points"", ""population"": null, ""external_id"": ""osm:node:13188170376"", ""region_code"": ""MM-YANGON"", ""osm_feature_type"": ""N"", ""snapshot_version"": ""osm_myanmar_2026_07_21_yangon_city_v1"", ""source_snapshot_id"": 9, ""source_classification"": ""settlement""}"
osm:node:13185294649,safe_new,လေးဒေါင့်ကန် (တောင်) ရပ်ကွက်,လေးဒေါင့်ကန် (တောင်) ရပ်ကွက်,quarter,quarter,settlement,16.978577,96.3192897,80.00,bc15a1b1793244f865746f234cb0b1b2,"{""place"": ""quarter"", ""osm_id"": ""13185294649"", ""raw_id"": 666, ""raw_table"": ""raw_osm_points"", ""population"": null, ""external_id"": ""osm:node:13185294649"", ""region_code"": ""MM-YANGON"", ""osm_feature_type"": ""N"", ""snapshot_version"": ""osm_myanmar_2026_07_21_yangon_city_v1"", ""source_snapshot_id"": 9, ""source_classification"": ""settlement""}"
osm:node:13113495014,safe_new,ကြူချောင်း,ကြူချောင်း,village,village,settlement,16.975082,96.2688758,80.00,e604ea49980e245d6df755ea76671c52,"{""place"": ""village"", ""osm_id"": ""13113495014"", ""raw_id"": 671, ""raw_table"": ""raw_osm_points"", ""population"": null, ""external_id"": ""osm:node:13113495014"", ""region_code"": ""MM-YANGON"", ""osm_feature_type"": ""N"", ""snapshot_version"": ""osm_myanmar_2026_07_21_yangon_city_v1"", ""source_snapshot_id"": 9, ""source_classification"": ""settlement""}"
osm:node:13113495017,safe_new,လေးဒေါင့်ကန် (အရှေ့ပိုင်း),လေးဒေါင့်ကန် (အရှေ့ပိုင်း),village,village,settlement,16.9709958,96.3026941,80.00,88ad6b8c05378c11e81777ff238cdc21,"{""place"": ""village"", ""osm_id"": ""13113495017"", ""raw_id"": 672, ""raw_table"": ""raw_osm_points"", ""population"": null, ""external_id"": ""osm:node:13113495017"", ""region_code"": ""MM-YANGON"", ""osm_feature_type"": ""N"", ""snapshot_version"": ""osm_myanmar_2026_07_21_yangon_city_v1"", ""source_snapshot_id"": 9, ""source_classification"": ""settlement""}"
osm:node:13185294659,safe_new,စိုက်ပျိုးမွေးမြူရေး အမှတ် (၁) ရပ်ကွက်,စိုက်ပျိုးမွေးမြူရေး အမှတ် (၁) ရပ်ကွက်,quarter,quarter,settlement,16.9532528,96.3096022,80.00,9c916be813c6d1c8b93ed7a0e1d7cfdf,"{""place"": ""quarter"", ""osm_id"": ""13185294659"", ""raw_id"": 676, ""raw_table"": ""raw_osm_points"", ""population"": null, ""external_id"": ""osm:node:13185294659"", ""region_code"": ""MM-YANGON"", ""osm_feature_type"": ""N"", ""snapshot_version"": ""osm_myanmar_2026_07_21_yangon_city_v1"", ""source_snapshot_id"": 9, ""source_classification"": ""settlement""}"
osm:node:13188170382,safe_new,Industrial Zone,Industrial Zone,quarter,quarter,settlement,16.9091087,96.3345838,80.00,c2db3746c03714480d40a9872a7f30e9,"{""place"": ""quarter"", ""osm_id"": ""13188170382"", ""raw_id"": 760, ""raw_table"": ""raw_osm_points"", ""population"": null, ""external_id"": ""osm:node:13188170382"", ""region_code"": ""MM-YANGON"", ""osm_feature_type"": ""N"", ""snapshot_version"": ""osm_myanmar_2026_07_21_yangon_city_v1"", ""source_snapshot_id"": 9, ""source_classification"": ""settlement""}"
osm:node:13188170367,safe_new,Industrial Zone,Industrial Zone,quarter,quarter,settlement,16.9229048,96.3361682,80.00,4c2f423efd40fc472bcba16c9b237a5c,"{""place"": ""quarter"", ""osm_id"": ""13188170367"", ""raw_id"": 767, ""raw_table"": ""raw_osm_points"", ""population"": null, ""external_id"": ""osm:node:13188170367"", ""region_code"": ""MM-YANGON"", ""osm_feature_type"": ""N"", ""snapshot_version"": ""osm_myanmar_2026_07_21_yangon_city_v1"", ""source_snapshot_id"": 9, ""source_classification"": ""settlement""}"
osm:node:13188170394,safe_new,အမှတ် (၁၅၀) ရပ်ကွက်,အမှတ် (၁၅၀) ရပ်ကွက်,quarter,quarter,settlement,16.9087536,96.2872693,80.00,875530df13615c50250c3991be1fab0f,"{""place"": ""quarter"", ""osm_id"": ""13188170394"", ""raw_id"": 820, ""raw_table"": ""raw_osm_points"", ""population"": null, ""external_id"": ""osm:node:13188170394"", ""region_code"": ""MM-YANGON"", ""osm_feature_type"": ""N"", ""snapshot_version"": ""osm_myanmar_2026_07_21_yangon_city_v1"", ""source_snapshot_id"": 9, ""source_classification"": ""settlement""}"
osm:node:13188170390,safe_new,အမှတ် (၁၄၉) ရပ်ကွက်,အမှတ် (၁၄၉) ရပ်ကွက်,quarter,quarter,settlement,16.8974864,96.2901948,80.00,52c70985ce759808e9469453fcd8cade,"{""place"": ""quarter"", ""osm_id"": ""13188170390"", ""raw_id"": 821, ""raw_table"": ""raw_osm_points"", ""population"": null, ""external_id"": ""osm:node:13188170390"", ""region_code"": ""MM-YANGON"", ""osm_feature_type"": ""N"", ""snapshot_version"": ""osm_myanmar_2026_07_21_yangon_city_v1"", ""source_snapshot_id"": 9, ""source_classification"": ""settlement""}"
osm:node:13113886275,safe_new,ရွာသစ်ကလေး,ရွာသစ်ကလေး,village,village,settlement,16.8908957,96.2877402,80.00,4e64c7673641172bb763839255b50c16,"{""place"": ""village"", ""osm_id"": ""13113886275"", ""raw_id"": 822, ""raw_table"": ""raw_osm_points"", ""population"": null, ""external_id"": ""osm:node:13113886275"", ""region_code"": ""MM-YANGON"", ""osm_feature_type"": ""N"", ""snapshot_version"": ""osm_myanmar_2026_07_21_yangon_city_v1"", ""source_snapshot_id"": 9, ""source_classification"": ""settlement""}"
osm:node:13188170385,safe_new,အမှတ် (၁၅၁) ရပ်ကွက်,အမှတ် (၁၅၁) ရပ်ကွက်,quarter,quarter,settlement,16.9005541,96.2797355,80.00,b78b5e914c84f2cde803eaa085be6190,"{""place"": ""quarter"", ""osm_id"": ""13188170385"", ""raw_id"": 823, ""raw_table"": ""raw_osm_points"", ""population"": null, ""external_id"": ""osm:node:13188170385"", ""region_code"": ""MM-YANGON"", ""osm_feature_type"": ""N"", ""snapshot_version"": ""osm_myanmar_2026_07_21_yangon_city_v1"", ""source_snapshot_id"": 9, ""source_classification"": ""settlement""}"
osm:node:13185294666,safe_new,အမှတ် (၁၅၂) ရပ်ကွက်,အမှတ် (၁၅၂) ရပ်ကွက်,quarter,quarter,settlement,16.9022434,96.265476,80.00,55d2446b42a03bf374480b13be5a082d,"{""place"": ""quarter"", ""osm_id"": ""13185294666"", ""raw_id"": 827, ""raw_table"": ""raw_osm_points"", ""population"": null, ""external_id"": ""osm:node:13185294666"", ""region_code"": ""MM-YANGON"", ""osm_feature_type"": ""N"", ""snapshot_version"": ""osm_myanmar_2026_07_21_yangon_city_v1"", ""source_snapshot_id"": 9, ""source_classification"": ""settlement""}"
osm:node:13185294661,safe_new,အမှတ် (၁၄၅) ရပ်ကွက်,အမှတ် (၁၄၅) ရပ်ကွက်,quarter,quarter,settlement,16.893737,96.2601174,80.00,6448f2e08c09bf5b3f409ff7e4037c7a,"{""place"": ""quarter"", ""osm_id"": ""13185294661"", ""raw_id"": 833, ""raw_table"": ""raw_osm_points"", ""population"": null, ""external_id"": ""osm:node:13185294661"", ""region_code"": ""MM-YANGON"", ""osm_feature_type"": ""N"", ""snapshot_version"": ""osm_myanmar_2026_07_21_yangon_city_v1"", ""source_snapshot_id"": 9, ""source_classification"": ""settlement""}"
osm:node:13185294645,safe_new,ကြည်စု (အနောက်) ရပ်ကွက်,ကြည်စု (အနောက်) ရပ်ကွက်,quarter,quarter,settlement,16.8940645,96.2760347,80.00,64af325d52d02456125eb00a2f1eae0f,"{""place"": ""quarter"", ""osm_id"": ""13185294645"", ""raw_id"": 834, ""raw_table"": ""raw_osm_points"", ""population"": null, ""external_id"": ""osm:node:13185294645"", ""region_code"": ""MM-YANGON"", ""osm_feature_type"": ""N"", ""snapshot_version"": ""osm_myanmar_2026_07_21_yangon_city_v1"", ""source_snapshot_id"": 9, ""source_classification"": ""settlement""}"
osm:node:13185294656,safe_new,အမှတ် (၁၄၆) ရပ်ကွက်,အမှတ် (၁၄၆) ရပ်ကွက်,quarter,quarter,settlement,16.8882516,96.279397,80.00,2bc7677dd18d49b4ce3ec1f7761e5191,"{""place"": ""quarter"", ""osm_id"": ""13185294656"", ""raw_id"": 835, ""raw_table"": ""raw_osm_points"", ""population"": null, ""external_id"": ""osm:node:13185294656"", ""region_code"": ""MM-YANGON"", ""osm_feature_type"": ""N"", ""snapshot_version"": ""osm_myanmar_2026_07_21_yangon_city_v1"", ""source_snapshot_id"": 9, ""source_classification"": ""settlement""}"
osm:node:13185294664,safe_new,အမှတ် (၁၄၇) ရပ်ကွက်,အမှတ် (၁၄၇) ရပ်ကွက်,quarter,quarter,settlement,16.8853232,96.2710819,80.00,a414dab04d16a813edd45e303cb3fba0,"{""place"": ""quarter"", ""osm_id"": ""13185294664"", ""raw_id"": 836, ""raw_table"": ""raw_osm_points"", ""population"": null, ""external_id"": ""osm:node:13185294664"", ""region_code"": ""MM-YANGON"", ""osm_feature_type"": ""N"", ""snapshot_version"": ""osm_myanmar_2026_07_21_yangon_city_v1"", ""source_snapshot_id"": 9, ""source_classification"": ""settlement""}"
osm:node:13185294653,safe_new,အမှတ် (၁၄၄) ရပ်ကွက်,အမှတ် (၁၄၄) ရပ်ကွက်,quarter,quarter,settlement,16.8900779,96.2542362,80.00,e396f0325c321f6ba3cd1d98c6055f3c,"{""place"": ""quarter"", ""osm_id"": ""13185294653"", ""raw_id"": 838, ""raw_table"": ""raw_osm_points"", ""population"": null, ""external_id"": ""osm:node:13185294653"", ""region_code"": ""MM-YANGON"", ""osm_feature_type"": ""N"", ""snapshot_version"": ""osm_myanmar_2026_07_21_yangon_city_v1"", ""source_snapshot_id"": 9, ""source_classification"": ""settlement""}"
osm:node:13188170373,safe_new,အမှတ် (၁၄၈) ရပ်ကွက်,အမှတ် (၁၄၈) ရပ်ကွက်,quarter,quarter,settlement,16.8795954,96.2805417,80.00,0878cc2fc8610e97f276bdfb31f10744,"{""place"": ""quarter"", ""osm_id"": ""13188170373"", ""raw_id"": 864, ""raw_table"": ""raw_osm_points"", ""population"": null, ""external_id"": ""osm:node:13188170373"", ""region_code"": ""MM-YANGON"", ""osm_feature_type"": ""N"", ""snapshot_version"": ""osm_myanmar_2026_07_21_yangon_city_v1"", ""source_snapshot_id"": 9, ""source_classification"": ""settlement""}"
osm:node:13113886276,safe_new,ကျီစု (အရှေ့),ကျီစု (အရှေ့),village,village,settlement,16.8905917,96.2846867,80.00,025f2b3fcf461d22437d4b3262d3cabf,"{""place"": ""village"", ""osm_id"": ""13113886276"", ""raw_id"": 867, ""raw_table"": ""raw_osm_points"", ""population"": null, ""external_id"": ""osm:node:13113886276"", ""region_code"": ""MM-YANGON"", ""osm_feature_type"": ""N"", ""snapshot_version"": ""osm_myanmar_2026_07_21_yangon_city_v1"", ""source_snapshot_id"": 9, ""source_classification"": ""settlement""}"
osm:node:13188170361,safe_new,အမှတ် (၇၃) ရပ်ကွက်,အမှတ် (၇၃) ရပ်ကွက်,quarter,quarter,settlement,16.8135949,96.2516026,80.00,cf723ec08cf53bfbc73c992bb3885027,"{""place"": ""quarter"", ""osm_id"": ""13188170361"", ""raw_id"": 874, ""raw_table"": ""raw_osm_points"", ""population"": null, ""external_id"": ""osm:node:13188170361"", ""region_code"": ""MM-YANGON"", ""osm_feature_type"": ""N"", ""snapshot_version"": ""osm_myanmar_2026_07_21_yangon_city_v1"", ""source_snapshot_id"": 9, ""source_classification"": ""settlement""}"
osm:node:13188170364,safe_new,အမှတ် (၇၅) ရပ်ကွက်,အမှတ် (၇၅) ရပ်ကွက်,quarter,quarter,settlement,16.8194563,96.2630139,80.00,90a515a6e5b45a692677c7c2080a04b8,"{""place"": ""quarter"", ""osm_id"": ""13188170364"", ""raw_id"": 878, ""raw_table"": ""raw_osm_points"", ""population"": null, ""external_id"": ""osm:node:13188170364"", ""region_code"": ""MM-YANGON"", ""osm_feature_type"": ""N"", ""snapshot_version"": ""osm_myanmar_2026_07_21_yangon_city_v1"", ""source_snapshot_id"": 9, ""source_classification"": ""settlement""}"
osm:node:13182734274,safe_new,င/ခ-ရပ်ကွက်,င/ခ-ရပ်ကွက်,quarter,quarter,settlement,16.8308902,96.2001487,80.00,9eba8ac6831ff4e361f156875a2df97c,"{""place"": ""quarter"", ""osm_id"": ""13182734274"", ""raw_id"": 5996, ""raw_table"": ""raw_osm_points"", ""population"": null, ""external_id"": ""osm:node:13182734274"", ""region_code"": ""MM-YANGON"", ""osm_feature_type"": ""N"", ""snapshot_version"": ""osm_myanmar_2026_07_21_yangon_city_v1"", ""source_snapshot_id"": 9, ""source_classification"": ""settlement""}"
osm:node:3880817848,safe_new,သင်္ဃန်းကျွန်း,သင်္ဃန်းကျွန်း,suburb,suburb,settlement,16.8319649,96.1973169,80.00,056a37508b579342800e464fa0ed3ea4,"{""place"": ""suburb"", ""osm_id"": ""3880817848"", ""raw_id"": 5998, ""raw_table"": ""raw_osm_points"", ""population"": null, ""external_id"": ""osm:node:3880817848"", ""region_code"": ""MM-YANGON"", ""osm_feature_type"": ""N"", ""snapshot_version"": ""osm_myanmar_2026_07_21_yangon_city_v1"", ""source_snapshot_id"": 9, ""source_classification"": ""settlement""}"
osm:node:13229162412,safe_new,သမတကမ်းခြေရပ်ကွက်,သမတကမ်းခြေရပ်ကွက်,quarter,quarter,settlement,16.7540311,96.1755046,80.00,1fa5caa1a2eeb9e4ab0942067d8b9b09,"{""place"": ""quarter"", ""osm_id"": ""13229162412"", ""raw_id"": 9182, ""raw_table"": ""raw_osm_points"", ""population"": null, ""external_id"": ""osm:node:13229162412"", ""region_code"": ""MM-YANGON"", ""osm_feature_type"": ""N"", ""snapshot_version"": ""osm_myanmar_2026_07_21_yangon_city_v1"", ""source_snapshot_id"": 9, ""source_classification"": ""settlement""}"
osm:node:13229162415,safe_new,မြို့မအပိုင်း (၂) ရပ်ကွက်,မြို့မအပိုင်း (၂) ရပ်ကွက်,quarter,quarter,settlement,16.756012,96.1640347,80.00,e44e3a0ae04ecd2b8c1336bfe6bc7ec5,"{""place"": ""quarter"", ""osm_id"": ""13229162415"", ""raw_id"": 9184, ""raw_table"": ""raw_osm_points"", ""population"": null, ""external_id"": ""osm:node:13229162415"", ""region_code"": ""MM-YANGON"", ""osm_feature_type"": ""N"", ""snapshot_version"": ""osm_myanmar_2026_07_21_yangon_city_v1"", ""source_snapshot_id"": 9, ""source_classification"": ""settlement""}"
osm:node:13229162427,safe_new,အံ့ကြီးအရှေ့ (အံ့ကြီး) ရပ်ကွက်,အံ့ကြီးအရှေ့ (အံ့ကြီး) ရပ်ကွက်,quarter,quarter,settlement,16.7545565,96.1693314,80.00,9232c2e970c85a9b47d2c09feb286013,"{""place"": ""quarter"", ""osm_id"": ""13229162427"", ""raw_id"": 9187, ""raw_table"": ""raw_osm_points"", ""population"": null, ""external_id"": ""osm:node:13229162427"", ""region_code"": ""MM-YANGON"", ""osm_feature_type"": ""N"", ""snapshot_version"": ""osm_myanmar_2026_07_21_yangon_city_v1"", ""source_snapshot_id"": 9, ""source_classification"": ""settlement""}"
osm:node:13229162408,safe_new,မြို့မအပိုင်း (၄) ရပ်ကွက်,မြို့မအပိုင်း (၄) ရပ်ကွက်,quarter,quarter,settlement,16.7552349,96.1568383,80.00,42c9067c946984e7de4802b8e182762f,"{""place"": ""quarter"", ""osm_id"": ""13229162408"", ""raw_id"": 9193, ""raw_table"": ""raw_osm_points"", ""population"": null, ""external_id"": ""osm:node:13229162408"", ""region_code"": ""MM-YANGON"", ""osm_feature_type"": ""N"", ""snapshot_version"": ""osm_myanmar_2026_07_21_yangon_city_v1"", ""source_snapshot_id"": 9, ""source_classification"": ""settlement""}"
osm:node:13229162416,safe_new,တပင်ရွှေထီးရပ်ကွက်,တပင်ရွှေထီးရပ်ကွက်,quarter,quarter,settlement,16.7532579,96.1435231,80.00,d3b52511fd483a68d3dfb683849782a4,"{""place"": ""quarter"", ""osm_id"": ""13229162416"", ""raw_id"": 9252, ""raw_table"": ""raw_osm_points"", ""population"": null, ""external_id"": ""osm:node:13229162416"", ""region_code"": ""MM-YANGON"", ""osm_feature_type"": ""N"", ""snapshot_version"": ""osm_myanmar_2026_07_21_yangon_city_v1"", ""source_snapshot_id"": 9, ""source_classification"": ""settlement""}"
osm:node:13229115070,safe_new,အမှတ် (၅/၆/၇) ရပ်ကွက်,အမှတ် (၅/၆/၇) ရပ်ကွက်,quarter,quarter,settlement,16.7717626,96.118268,80.00,9c78cbabea36d0c80d93ba05b0b96f1c,"{""place"": ""quarter"", ""osm_id"": ""13229115070"", ""raw_id"": 13846, ""raw_table"": ""raw_osm_points"", ""population"": null, ""external_id"": ""osm:node:13229115070"", ""region_code"": ""MM-YANGON"", ""osm_feature_type"": ""N"", ""snapshot_version"": ""osm_myanmar_2026_07_21_yangon_city_v1"", ""source_snapshot_id"": 9, ""source_classification"": ""settlement""}"
osm:node:13229115068,safe_new,ဆိပ်ကြီး (အနောက်) ရပ်ကွက်,ဆိပ်ကြီး (အနောက်) ရပ်ကွက်,quarter,quarter,settlement,16.7595313,96.1143977,80.00,7f84bd0441199524120a7a6426271774,"{""place"": ""quarter"", ""osm_id"": ""13229115068"", ""raw_id"": 13850, ""raw_table"": ""raw_osm_points"", ""population"": null, ""external_id"": ""osm:node:13229115068"", ""region_code"": ""MM-YANGON"", ""osm_feature_type"": ""N"", ""snapshot_version"": ""osm_myanmar_2026_07_21_yangon_city_v1"", ""source_snapshot_id"": 9, ""source_classification"": ""settlement""}"
osm:node:13229115069,safe_new,ခနောင်တို (အနောက်) ရပ်ကွက်,ခနောင်တို (အနောက်) ရပ်ကွက်,quarter,quarter,settlement,16.7588995,96.0987466,80.00,7404026267846635aa33bad76294fafc,"{""place"": ""quarter"", ""osm_id"": ""13229115069"", ""raw_id"": 13861, ""raw_table"": ""raw_osm_points"", ""population"": null, ""external_id"": ""osm:node:13229115069"", ""region_code"": ""MM-YANGON"", ""osm_feature_type"": ""N"", ""snapshot_version"": ""osm_myanmar_2026_07_21_yangon_city_v1"", ""source_snapshot_id"": 9, ""source_classification"": ""settlement""}"
osm:node:13229115072,safe_new,ပန်းပင်ချောင်ရပ်ကွက်,ပန်းပင်ချောင်ရပ်ကွက်,quarter,quarter,settlement,16.7629677,96.1031163,80.00,f694d641856c536e679dd5bcb653aa3e,"{""place"": ""quarter"", ""osm_id"": ""13229115072"", ""raw_id"": 13862, ""raw_table"": ""raw_osm_points"", ""population"": null, ""external_id"": ""osm:node:13229115072"", ""region_code"": ""MM-YANGON"", ""osm_feature_type"": ""N"", ""snapshot_version"": ""osm_myanmar_2026_07_21_yangon_city_v1"", ""source_snapshot_id"": 9, ""source_classification"": ""settlement""}"
osm:node:13229115074,safe_new,ဦးထွန်းအိုရပ်ကွက်,ဦးထွန်းအိုရပ်ကွက်,quarter,quarter,settlement,16.7637894,96.093074,80.00,0ba676475c9fbf2cd75cff443af61bc9,"{""place"": ""quarter"", ""osm_id"": ""13229115074"", ""raw_id"": 13863, ""raw_table"": ""raw_osm_points"", ""population"": null, ""external_id"": ""osm:node:13229115074"", ""region_code"": ""MM-YANGON"", ""osm_feature_type"": ""N"", ""snapshot_version"": ""osm_myanmar_2026_07_21_yangon_city_v1"", ""source_snapshot_id"": 9, ""source_classification"": ""settlement""}"
osm:node:13229115066,safe_new,သခင်ဘသောင်းရပ်ကွက်,သခင်ဘသောင်းရပ်ကွက်,quarter,quarter,settlement,16.7520787,96.0889172,80.00,1e68b0b9a854b8825994824132592093,"{""place"": ""quarter"", ""osm_id"": ""13229115066"", ""raw_id"": 13865, ""raw_table"": ""raw_osm_points"", ""population"": null, ""external_id"": ""osm:node:13229115066"", ""region_code"": ""MM-YANGON"", ""osm_feature_type"": ""N"", ""snapshot_version"": ""osm_myanmar_2026_07_21_yangon_city_v1"", ""source_snapshot_id"": 9, ""source_classification"": ""settlement""}"
osm:node:13179568419,safe_new,အေးရွာဘလုတ်ညွန့်စက်ကလေးရပ်ကွက်,အေးရွာဘလုတ်ညွန့်စက်ကလေးရပ်ကွက်,quarter,quarter,settlement,16.8153027,96.1112953,80.00,1f18891fd28f9d5ad6b1e0fad2b98249,"{""place"": ""quarter"", ""osm_id"": ""13179568419"", ""raw_id"": 13867, ""raw_table"": ""raw_osm_points"", ""population"": null, ""external_id"": ""osm:node:13179568419"", ""region_code"": ""MM-YANGON"", ""osm_feature_type"": ""N"", ""snapshot_version"": ""osm_myanmar_2026_07_21_yangon_city_v1"", ""source_snapshot_id"": 9, ""source_classification"": ""settlement""}"
osm:node:1137149447,safe_new,မြို့သစ် ခ ရပ်ကွက်,မြို့သစ် ခ ရပ်ကွက်,neighbourhood,neighbourhood,settlement,16.8798692,96.1011784,80.00,ab0ea0966ad53aa424a2bc79cd8ee5a3,"{""place"": ""neighbourhood"", ""osm_id"": ""1137149447"", ""raw_id"": 16794, ""raw_table"": ""raw_osm_points"", ""population"": null, ""external_id"": ""osm:node:1137149447"", ""region_code"": ""MM-YANGON"", ""osm_feature_type"": ""N"", ""snapshot_version"": ""osm_myanmar_2026_07_21_yangon_city_v1"", ""source_snapshot_id"": 9, ""source_classification"": ""settlement""}"
osm:node:1136895246,safe_new,ဘုရင့်နောင် ရပ်ကွက်,ဘုရင့်နောင် ရပ်ကွက်,neighbourhood,neighbourhood,settlement,16.8772954,96.1021512,80.00,5708cc4f33c2b444e00c6e5015b57764,"{""place"": ""neighbourhood"", ""osm_id"": ""1136895246"", ""raw_id"": 16782, ""raw_table"": ""raw_osm_points"", ""population"": null, ""external_id"": ""osm:node:1136895246"", ""region_code"": ""MM-YANGON"", ""osm_feature_type"": ""N"", ""snapshot_version"": ""osm_myanmar_2026_07_21_yangon_city_v1"", ""source_snapshot_id"": 9, ""source_classification"": ""settlement""}"
osm:node:13188057088,safe_new,အမှတ် (၁၁၄) ရပ်ကွက်,အမှတ် (၁၁၄) ရပ်ကွက်,quarter,quarter,settlement,16.9017037,96.2408992,80.00,152eb9b7fca40aaf69e73cccbe03d97f,"{""place"": ""quarter"", ""osm_id"": ""13188057088"", ""raw_id"": 18464, ""raw_table"": ""raw_osm_points"", ""population"": null, ""external_id"": ""osm:node:13188057088"", ""region_code"": ""MM-YANGON"", ""osm_feature_type"": ""N"", ""snapshot_version"": ""osm_myanmar_2026_07_21_yangon_city_v1"", ""source_snapshot_id"": 9, ""source_classification"": ""settlement""}"
osm:node:13188057078,safe_new,အမှတ် (၁၁၆) ရပ်ကွက်,အမှတ် (၁၁၆) ရပ်ကွက်,quarter,quarter,settlement,16.9048562,96.2381751,80.00,b3ebe4e8d6fa7a384835e763b9aa0f26,"{""place"": ""quarter"", ""osm_id"": ""13188057078"", ""raw_id"": 18475, ""raw_table"": ""raw_osm_points"", ""population"": null, ""external_id"": ""osm:node:13188057078"", ""region_code"": ""MM-YANGON"", ""osm_feature_type"": ""N"", ""snapshot_version"": ""osm_myanmar_2026_07_21_yangon_city_v1"", ""source_snapshot_id"": 9, ""source_classification"": ""settlement""}"
osm:node:13188057050,safe_new,အမှတ် (၁၁၇) ရပ်ကွက်,အမှတ် (၁၁၇) ရပ်ကွက်,quarter,quarter,settlement,16.899897,96.2329777,80.00,8983ea49970bcd86b2c2e4b1ecd9b599,"{""place"": ""quarter"", ""osm_id"": ""13188057050"", ""raw_id"": 18484, ""raw_table"": ""raw_osm_points"", ""population"": null, ""external_id"": ""osm:node:13188057050"", ""region_code"": ""MM-YANGON"", ""osm_feature_type"": ""N"", ""snapshot_version"": ""osm_myanmar_2026_07_21_yangon_city_v1"", ""source_snapshot_id"": 9, ""source_classification"": ""settlement""}"
osm:node:13188057040,safe_new,အမှတ် (၁၁၁) ရပ်ကွက်,အမှတ် (၁၁၁) ရပ်ကွက်,quarter,quarter,settlement,16.9019164,96.2224067,80.00,fa9474765d6fa633c614a16c45a4a8a9,"{""place"": ""quarter"", ""osm_id"": ""13188057040"", ""raw_id"": 18491, ""raw_table"": ""raw_osm_points"", ""population"": null, ""external_id"": ""osm:node:13188057040"", ""region_code"": ""MM-YANGON"", ""osm_feature_type"": ""N"", ""snapshot_version"": ""osm_myanmar_2026_07_21_yangon_city_v1"", ""source_snapshot_id"": 9, ""source_classification"": ""settlement""}"
osm:node:13188057092,safe_new,အမှတ် (၁၁၅) ရပ်ကွက်,အမှတ် (၁၁၅) ရပ်ကွက်,quarter,quarter,settlement,16.9081567,96.2436309,80.00,040de4005366752b9cfda9422a8d4baa,"{""place"": ""quarter"", ""osm_id"": ""13188057092"", ""raw_id"": 18768, ""raw_table"": ""raw_osm_points"", ""population"": null, ""external_id"": ""osm:node:13188057092"", ""region_code"": ""MM-YANGON"", ""osm_feature_type"": ""N"", ""snapshot_version"": ""osm_myanmar_2026_07_21_yangon_city_v1"", ""source_snapshot_id"": 9, ""source_classification"": ""settlement""}"
osm:node:13188057079,safe_new,အမှတ် (၁၂၁) ရပ်ကွက်,အမှတ် (၁၂၁) ရပ်ကွက်,quarter,quarter,settlement,16.9130651,96.2409457,80.00,fc993f041b11f9c94eafb6b991437042,"{""place"": ""quarter"", ""osm_id"": ""13188057079"", ""raw_id"": 18775, ""raw_table"": ""raw_osm_points"", ""population"": null, ""external_id"": ""osm:node:13188057079"", ""region_code"": ""MM-YANGON"", ""osm_feature_type"": ""N"", ""snapshot_version"": ""osm_myanmar_2026_07_21_yangon_city_v1"", ""source_snapshot_id"": 9, ""source_classification"": ""settlement""}"
osm:node:13188057043,safe_new,အမှတ် (၁၂၂) ရပ်ကွက်,အမှတ် (၁၂၂) ရပ်ကွက်,quarter,quarter,settlement,16.9175623,96.2346831,80.00,2ae7536bde70dee4fce9b6dbd193a626,"{""place"": ""quarter"", ""osm_id"": ""13188057043"", ""raw_id"": 18776, ""raw_table"": ""raw_osm_points"", ""population"": null, ""external_id"": ""osm:node:13188057043"", ""region_code"": ""MM-YANGON"", ""osm_feature_type"": ""N"", ""snapshot_version"": ""osm_myanmar_2026_07_21_yangon_city_v1"", ""source_snapshot_id"": 9, ""source_classification"": ""settlement""}"
osm:node:13188057061,safe_new,အမှတ် (၁၂၇) ရပ်ကွက်,အမှတ် (၁၂၇) ရပ်ကွက်,quarter,quarter,settlement,16.9189303,96.2439317,80.00,b439ed6e5b078712146f3772d29319f6,"{""place"": ""quarter"", ""osm_id"": ""13188057061"", ""raw_id"": 18779, ""raw_table"": ""raw_osm_points"", ""population"": null, ""external_id"": ""osm:node:13188057061"", ""region_code"": ""MM-YANGON"", ""osm_feature_type"": ""N"", ""snapshot_version"": ""osm_myanmar_2026_07_21_yangon_city_v1"", ""source_snapshot_id"": 9, ""source_classification"": ""settlement""}"
osm:node:13188057075,safe_new,အမှတ် (၁၂၃) ရပ်ကွက်,အမှတ် (၁၂၃) ရပ်ကွက်,quarter,quarter,settlement,16.9218129,96.2396367,80.00,39f1ad0d6e68ee55a836cb6153543c01,"{""place"": ""quarter"", ""osm_id"": ""13188057075"", ""raw_id"": 18782, ""raw_table"": ""raw_osm_points"", ""population"": null, ""external_id"": ""osm:node:13188057075"", ""region_code"": ""MM-YANGON"", ""osm_feature_type"": ""N"", ""snapshot_version"": ""osm_myanmar_2026_07_21_yangon_city_v1"", ""source_snapshot_id"": 9, ""source_classification"": ""settlement""}"
osm:node:13188057073,safe_new,အမှတ် (၁၃၂) ရပ်ကွက်,အမှတ် (၁၃၂) ရပ်ကွက်,quarter,quarter,settlement,16.9218194,96.2289129,80.00,1828b72c1e16ffb13b5467d585c1f070,"{""place"": ""quarter"", ""osm_id"": ""13188057073"", ""raw_id"": 18784, ""raw_table"": ""raw_osm_points"", ""population"": null, ""external_id"": ""osm:node:13188057073"", ""region_code"": ""MM-YANGON"", ""osm_feature_type"": ""N"", ""snapshot_version"": ""osm_myanmar_2026_07_21_yangon_city_v1"", ""source_snapshot_id"": 9, ""source_classification"": ""settlement""}"
osm:node:13188057059,safe_new,အမှတ် (၁၃၄) ရပ်ကွက်,အမှတ် (၁၃၄) ရပ်ကွက်,quarter,quarter,settlement,16.9257363,96.224383,80.00,49f12dab1fae0055e1c40665981ab8fd,"{""place"": ""quarter"", ""osm_id"": ""13188057059"", ""raw_id"": 18791, ""raw_table"": ""raw_osm_points"", ""population"": null, ""external_id"": ""osm:node:13188057059"", ""region_code"": ""MM-YANGON"", ""osm_feature_type"": ""N"", ""snapshot_version"": ""osm_myanmar_2026_07_21_yangon_city_v1"", ""source_snapshot_id"": 9, ""source_classification"": ""settlement""}"
osm:node:13188057046,safe_new,အမှတ် (၁၃၅) ရပ်ကွက်,အမှတ် (၁၃၅) ရပ်ကွက်,quarter,quarter,settlement,16.9291754,96.2198452,80.00,714cbdcc3eb8ed6a2f78c7ec250d0593,"{""place"": ""quarter"", ""osm_id"": ""13188057046"", ""raw_id"": 18792, ""raw_table"": ""raw_osm_points"", ""population"": null, ""external_id"": ""osm:node:13188057046"", ""region_code"": ""MM-YANGON"", ""osm_feature_type"": ""N"", ""snapshot_version"": ""osm_myanmar_2026_07_21_yangon_city_v1"", ""source_snapshot_id"": 9, ""source_classification"": ""settlement""}"
osm:node:13188057076,safe_new,အမှတ် (၁၅၆) ရပ်ကွက်,အမှတ် (၁၅၆) ရပ်ကွက်,quarter,quarter,settlement,16.9372825,96.2342325,80.00,fa898758c935c29f70d8ea30c097c4fb,"{""place"": ""quarter"", ""osm_id"": ""13188057076"", ""raw_id"": 18815, ""raw_table"": ""raw_osm_points"", ""population"": null, ""external_id"": ""osm:node:13188057076"", ""region_code"": ""MM-YANGON"", ""osm_feature_type"": ""N"", ""snapshot_version"": ""osm_myanmar_2026_07_21_yangon_city_v1"", ""source_snapshot_id"": 9, ""source_classification"": ""settlement""}"
osm:node:13188057056,safe_new,အမှတ် (၁၃၆) ရပ်ကွက်,အမှတ် (၁၃၆) ရပ်ကွက်,quarter,quarter,settlement,16.9337689,96.2292351,80.00,e3e580fcfbd0b9f115f2794e7427ca3a,"{""place"": ""quarter"", ""osm_id"": ""13188057056"", ""raw_id"": 18817, ""raw_table"": ""raw_osm_points"", ""population"": null, ""external_id"": ""osm:node:13188057056"", ""region_code"": ""MM-YANGON"", ""osm_feature_type"": ""N"", ""snapshot_version"": ""osm_myanmar_2026_07_21_yangon_city_v1"", ""source_snapshot_id"": 9, ""source_classification"": ""settlement""}"
osm:node:13188057034,safe_new,အမှတ် (၁၃၃) ရပ်ကွက်,အမှတ် (၁၃၃) ရပ်ကွက်,quarter,quarter,settlement,16.9300501,96.2325444,80.00,8db056ec5dc96bfff17feeecb9b33cf8,"{""place"": ""quarter"", ""osm_id"": ""13188057034"", ""raw_id"": 18818, ""raw_table"": ""raw_osm_points"", ""population"": null, ""external_id"": ""osm:node:13188057034"", ""region_code"": ""MM-YANGON"", ""osm_feature_type"": ""N"", ""snapshot_version"": ""osm_myanmar_2026_07_21_yangon_city_v1"", ""source_snapshot_id"": 9, ""source_classification"": ""settlement""}"
osm:node:13188057044,safe_new,အမှတ် (၁၃၇) ရပ်ကွက်,အမှတ် (၁၃၇) ရပ်ကွက်,quarter,quarter,settlement,16.9354194,96.225353,80.00,4f15dcffcd277b2c6fe9c80dbfb001ea,"{""place"": ""quarter"", ""osm_id"": ""13188057044"", ""raw_id"": 18819, ""raw_table"": ""raw_osm_points"", ""population"": null, ""external_id"": ""osm:node:13188057044"", ""region_code"": ""MM-YANGON"", ""osm_feature_type"": ""N"", ""snapshot_version"": ""osm_myanmar_2026_07_21_yangon_city_v1"", ""source_snapshot_id"": 9, ""source_classification"": ""settlement""}"
osm:node:13188057093,safe_new,အမှတ် (၁၅၇) ရပ်ကွက်,အမှတ် (၁၅၇) ရပ်ကွက်,quarter,quarter,settlement,16.9420367,96.2377291,80.00,7372cfa153ccb99cc77b32b30b102aac,"{""place"": ""quarter"", ""osm_id"": ""13188057093"", ""raw_id"": 20553, ""raw_table"": ""raw_osm_points"", ""population"": null, ""external_id"": ""osm:node:13188057093"", ""region_code"": ""MM-YANGON"", ""osm_feature_type"": ""N"", ""snapshot_version"": ""osm_myanmar_2026_07_21_yangon_city_v1"", ""source_snapshot_id"": 9, ""source_classification"": ""settlement""}"
osm:node:13188057055,safe_new,အမှတ် (၁၅၉) ရပ်ကွက်,အမှတ် (၁၅၉) ရပ်ကွက်,quarter,quarter,settlement,16.9465179,96.240936,80.00,2f79af23b25662c819b5644e8d5fc400,"{""place"": ""quarter"", ""osm_id"": ""13188057055"", ""raw_id"": 20554, ""raw_table"": ""raw_osm_points"", ""population"": null, ""external_id"": ""osm:node:13188057055"", ""region_code"": ""MM-YANGON"", ""osm_feature_type"": ""N"", ""snapshot_version"": ""osm_myanmar_2026_07_21_yangon_city_v1"", ""source_snapshot_id"": 9, ""source_classification"": ""settlement""}"
osm:node:13188057058,safe_new,စစ်ပင်တောင်ရပ်ကွက်,စစ်ပင်တောင်ရပ်ကွက်,quarter,quarter,settlement,16.9506752,96.2282083,80.00,71919cea886410826cfa5fbcb1bb6e6b,"{""place"": ""quarter"", ""osm_id"": ""13188057058"", ""raw_id"": 20556, ""raw_table"": ""raw_osm_points"", ""population"": null, ""external_id"": ""osm:node:13188057058"", ""region_code"": ""MM-YANGON"", ""osm_feature_type"": ""N"", ""snapshot_version"": ""osm_myanmar_2026_07_21_yangon_city_v1"", ""source_snapshot_id"": 9, ""source_classification"": ""settlement""}"
osm:node:13188057049,safe_new,အမှတ် (၁၅၈) ရပ်ကွက်,အမှတ် (၁၅၈) ရပ်ကွက်,quarter,quarter,settlement,16.9470074,96.2328979,80.00,7d4c60dc1d7b8a6d05e752320d8e4b77,"{""place"": ""quarter"", ""osm_id"": ""13188057049"", ""raw_id"": 20558, ""raw_table"": ""raw_osm_points"", ""population"": null, ""external_id"": ""osm:node:13188057049"", ""region_code"": ""MM-YANGON"", ""osm_feature_type"": ""N"", ""snapshot_version"": ""osm_myanmar_2026_07_21_yangon_city_v1"", ""source_snapshot_id"": 9, ""source_classification"": ""settlement""}"
osm:node:13188057067,safe_new,အမှတ် (၁၆၂) ရပ်ကွက်,အမှတ် (၁၆၂) ရပ်ကွက်,quarter,quarter,settlement,16.9640036,96.2478382,80.00,ef43421c4352b5587096ee0d34d846d6,"{""place"": ""quarter"", ""osm_id"": ""13188057067"", ""raw_id"": 20565, ""raw_table"": ""raw_osm_points"", ""population"": null, ""external_id"": ""osm:node:13188057067"", ""region_code"": ""MM-YANGON"", ""osm_feature_type"": ""N"", ""snapshot_version"": ""osm_myanmar_2026_07_21_yangon_city_v1"", ""source_snapshot_id"": 9, ""source_classification"": ""settlement""}"
osm:node:13113495013,safe_new,မလစ် (အရှေ့),မလစ် (အရှေ့),village,village,settlement,16.9894611,96.2477751,80.00,9a385d54e66a6c121f31cce3f71bfba5,"{""place"": ""village"", ""osm_id"": ""13113495013"", ""raw_id"": 20569, ""raw_table"": ""raw_osm_points"", ""population"": null, ""external_id"": ""osm:node:13113495013"", ""region_code"": ""MM-YANGON"", ""osm_feature_type"": ""N"", ""snapshot_version"": ""osm_myanmar_2026_07_21_yangon_city_v1"", ""source_snapshot_id"": 9, ""source_classification"": ""settlement""}"
osm:node:13127725474,safe_new,ပေါင်းငူ,ပေါင်းငူ,village,village,settlement,16.978344,96.1581843,80.00,ce9eaa35ade04d211c7a6190ad50614a,"{""place"": ""village"", ""osm_id"": ""13127725474"", ""raw_id"": 20592, ""raw_table"": ""raw_osm_points"", ""population"": null, ""external_id"": ""osm:node:13127725474"", ""region_code"": ""MM-YANGON"", ""osm_feature_type"": ""N"", ""snapshot_version"": ""osm_myanmar_2026_07_21_yangon_city_v1"", ""source_snapshot_id"": 9, ""source_classification"": ""settlement""}"
osm:node:13127725480,safe_new,ဘိုခြံ,ဘိုခြံ,village,village,settlement,16.9812021,96.1341576,80.00,3b6d3d4964f7df341378cf67d64b4c65,"{""place"": ""village"", ""osm_id"": ""13127725480"", ""raw_id"": 20657, ""raw_table"": ""raw_osm_points"", ""population"": null, ""external_id"": ""osm:node:13127725480"", ""region_code"": ""MM-YANGON"", ""osm_feature_type"": ""N"", ""snapshot_version"": ""osm_myanmar_2026_07_21_yangon_city_v1"", ""source_snapshot_id"": 9, ""source_classification"": ""settlement""}"
osm:node:13127725479,safe_new,မြသီတာ,မြသီတာ,village,village,settlement,16.9806129,96.1289588,80.00,9dbaf0a834d7c7110e77a6529b20805d,"{""place"": ""village"", ""osm_id"": ""13127725479"", ""raw_id"": 20661, ""raw_table"": ""raw_osm_points"", ""population"": null, ""external_id"": ""osm:node:13127725479"", ""region_code"": ""MM-YANGON"", ""osm_feature_type"": ""N"", ""snapshot_version"": ""osm_myanmar_2026_07_21_yangon_city_v1"", ""source_snapshot_id"": 9, ""source_classification"": ""settlement""}"
osm:node:8115449798,safe_new,ကြူစမ်းရွာသစ်,ကြူစမ်းရွာသစ်,village,village,settlement,16.968516,96.1130142,80.00,537882ff1b0a9f4f55ff54b61cc15565,"{""place"": ""village"", ""osm_id"": ""8115449798"", ""raw_id"": 21053, ""raw_table"": ""raw_osm_points"", ""population"": null, ""external_id"": ""osm:node:8115449798"", ""region_code"": ""MM-YANGON"", ""osm_feature_type"": ""N"", ""snapshot_version"": ""osm_myanmar_2026_07_21_yangon_city_v1"", ""source_snapshot_id"": 9, ""source_classification"": ""settlement""}"
osm:node:13189923670,safe_new,အမှတ် (၂၃) ရပ်ကွက်,အမှတ် (၂၃) ရပ်ကွက်,quarter,quarter,settlement,16.981535,96.0541413,80.00,3e03bfdd711f68185bbf0a9b05010d9b,"{""place"": ""quarter"", ""osm_id"": ""13189923670"", ""raw_id"": 21511, ""raw_table"": ""raw_osm_points"", ""population"": null, ""external_id"": ""osm:node:13189923670"", ""region_code"": ""MM-YANGON"", ""osm_feature_type"": ""N"", ""snapshot_version"": ""osm_myanmar_2026_07_21_yangon_city_v1"", ""source_snapshot_id"": 9, ""source_classification"": ""settlement""}"
osm:node:13189923658,safe_new,အမှတ် (၂၂) ရပ်ကွက်,အမှတ် (၂၂) ရပ်ကွက်,quarter,quarter,settlement,16.9864526,96.0419215,80.00,a8368c87cdde68d29817247cb35d7725,"{""place"": ""quarter"", ""osm_id"": ""13189923658"", ""raw_id"": 21513, ""raw_table"": ""raw_osm_points"", ""population"": null, ""external_id"": ""osm:node:13189923658"", ""region_code"": ""MM-YANGON"", ""osm_feature_type"": ""N"", ""snapshot_version"": ""osm_myanmar_2026_07_21_yangon_city_v1"", ""source_snapshot_id"": 9, ""source_classification"": ""settlement""}"
osm:node:13115760840,safe_new,သန္ဒေပင် (မြောက်ပိုင်း),သန္ဒေပင် (မြောက်ပိုင်း),village,village,settlement,17.0678917,96.1155274,80.00,5188237b7fec64151e49976fe9365d1e,"{""place"": ""village"", ""osm_id"": ""13115760840"", ""raw_id"": 21729, ""raw_table"": ""raw_osm_points"", ""population"": null, ""external_id"": ""osm:node:13115760840"", ""region_code"": ""MM-YANGON"", ""osm_feature_type"": ""N"", ""snapshot_version"": ""osm_myanmar_2026_07_21_yangon_city_v1"", ""source_snapshot_id"": 9, ""source_classification"": ""settlement""}"
osm:node:13115760839,safe_new,သန္ဒေပင် (တောင်ပိုင်း),သန္ဒေပင် (တောင်ပိုင်း),village,village,settlement,17.0628301,96.1133509,80.00,00de2ccbca073bbd2b98421597b97757,"{""place"": ""village"", ""osm_id"": ""13115760839"", ""raw_id"": 21732, ""raw_table"": ""raw_osm_points"", ""population"": null, ""external_id"": ""osm:node:13115760839"", ""region_code"": ""MM-YANGON"", ""osm_feature_type"": ""N"", ""snapshot_version"": ""osm_myanmar_2026_07_21_yangon_city_v1"", ""source_snapshot_id"": 9, ""source_classification"": ""settlement""}"
osm:node:13115760847,safe_new,ထိန်စွန်း,ထိန်စွန်း,village,village,settlement,17.0732803,96.1256332,80.00,9d31cdc2e395f3cf26e788f303d7ad27,"{""place"": ""village"", ""osm_id"": ""13115760847"", ""raw_id"": 21739, ""raw_table"": ""raw_osm_points"", ""population"": null, ""external_id"": ""osm:node:13115760847"", ""region_code"": ""MM-YANGON"", ""osm_feature_type"": ""N"", ""snapshot_version"": ""osm_myanmar_2026_07_21_yangon_city_v1"", ""source_snapshot_id"": 9, ""source_classification"": ""settlement""}"
osm:node:13189839881,safe_new,ဒု-စံပြရပ်ကွက်,ဒု-စံပြရပ်ကွက်,quarter,quarter,settlement,17.0393898,96.1381947,80.00,99c64f73614c30c551e22e2270a529cb,"{""place"": ""quarter"", ""osm_id"": ""13189839881"", ""raw_id"": 21825, ""raw_table"": ""raw_osm_points"", ""population"": null, ""external_id"": ""osm:node:13189839881"", ""region_code"": ""MM-YANGON"", ""osm_feature_type"": ""N"", ""snapshot_version"": ""osm_myanmar_2026_07_21_yangon_city_v1"", ""source_snapshot_id"": 9, ""source_classification"": ""settlement""}"
osm:relation:19705194,safe_new,အမှတ် (၆) ရပ်ကွက်,အမှတ် (၆) ရပ်ကွက်,quarter,quarter,settlement,16.739859449999997,96.15658296600415,80.00,5d49697f5367a1454ce4ea6595e7bd04,"{""place"": ""quarter"", ""osm_id"": ""19705194"", ""raw_id"": 14844, ""raw_table"": ""raw_osm_polygons"", ""population"": null, ""external_id"": ""osm:relation:19705194"", ""region_code"": ""MM-YANGON"", ""osm_feature_type"": ""R"", ""snapshot_version"": ""osm_myanmar_2026_07_21_yangon_city_v1"", ""source_snapshot_id"": 9, ""source_classification"": ""settlement""}"
osm:relation:19665970,safe_new,လေးဒေါင့်ကန် (တောင်) ရပ်ကွက်,လေးဒေါင့်ကန် (တောင်) ရပ်ကွက်,quarter,quarter,settlement,16.98011295,96.31996971611736,80.00,8e92f2810081ce39c5e92c09bcfa7ca8,"{""place"": ""quarter"", ""osm_id"": ""19665970"", ""raw_id"": 14972, ""raw_table"": ""raw_osm_polygons"", ""population"": null, ""external_id"": ""osm:relation:19665970"", ""region_code"": ""MM-YANGON"", ""osm_feature_type"": ""R"", ""snapshot_version"": ""osm_myanmar_2026_07_21_yangon_city_v1"", ""source_snapshot_id"": 9, ""source_classification"": ""settlement""}"
osm:relation:19665969,safe_new,ရှမ်းတဲကြီး (တောင်) ရပ်ကွက်,ရှမ်းတဲကြီး (တောင်) ရပ်ကွက်,quarter,quarter,settlement,16.99872115,96.31569547902947,80.00,1db0411fbf8774f484432d6ddf80a14c,"{""place"": ""quarter"", ""osm_id"": ""19665969"", ""raw_id"": 14982, ""raw_table"": ""raw_osm_polygons"", ""population"": null, ""external_id"": ""osm:relation:19665969"", ""region_code"": ""MM-YANGON"", ""osm_feature_type"": ""R"", ""snapshot_version"": ""osm_myanmar_2026_07_21_yangon_city_v1"", ""source_snapshot_id"": 9, ""source_classification"": ""settlement""}"
osm:relation:19665971,safe_new,စိုက်ပျိုးမွေးမြူရေး အမှတ် (၁) ရပ်ကွက်,စိုက်ပျိုးမွေးမြူရေး အမှတ် (၁) ရပ်ကွက်,quarter,quarter,settlement,16.95534735,96.31298133544756,80.00,e62361098fd67d8008b93252f8ec0243,"{""place"": ""quarter"", ""osm_id"": ""19665971"", ""raw_id"": 14985, ""raw_table"": ""raw_osm_polygons"", ""population"": null, ""external_id"": ""osm:relation:19665971"", ""region_code"": ""MM-YANGON"", ""osm_feature_type"": ""R"", ""snapshot_version"": ""osm_myanmar_2026_07_21_yangon_city_v1"", ""source_snapshot_id"": 9, ""source_classification"": ""settlement""}"
osm:relation:19669469,safe_new,သုံးခွ (အရှေ့ပိုင်း) ရပ်ကွက်,သုံးခွ (အရှေ့ပိုင်း) ရပ်ကွက်,quarter,quarter,settlement,16.959145550000002,96.28741728310025,80.00,1de60385524f246cd73d1c54c1016f17,"{""place"": ""quarter"", ""osm_id"": ""19669469"", ""raw_id"": 15016, ""raw_table"": ""raw_osm_polygons"", ""population"": null, ""external_id"": ""osm:relation:19669469"", ""region_code"": ""MM-YANGON"", ""osm_feature_type"": ""R"", ""snapshot_version"": ""osm_myanmar_2026_07_21_yangon_city_v1"", ""source_snapshot_id"": 9, ""source_classification"": ""settlement""}"
osm:relation:19669454,safe_new,အမှတ် (၁၆၄) ရပ်ကွက်,အမှတ် (၁၆၄) ရပ်ကွက်,quarter,quarter,settlement,16.953446550000002,96.26317493243499,80.00,f0c8dc7526bd885352867fd1f58b3299,"{""place"": ""quarter"", ""osm_id"": ""19669454"", ""raw_id"": 15086, ""raw_table"": ""raw_osm_polygons"", ""population"": null, ""external_id"": ""osm:relation:19669454"", ""region_code"": ""MM-YANGON"", ""osm_feature_type"": ""R"", ""snapshot_version"": ""osm_myanmar_2026_07_21_yangon_city_v1"", ""source_snapshot_id"": 9, ""source_classification"": ""settlement""}"
osm:relation:19669453,safe_new,တောင်တလုပ်ရပ်ကွက်,တောင်တလုပ်ရပ်ကွက်,quarter,quarter,settlement,16.960620849999998,96.27074781364266,80.00,248dd300fe14754bded854533aaf2c2a,"{""place"": ""quarter"", ""osm_id"": ""19669453"", ""raw_id"": 15087, ""raw_table"": ""raw_osm_polygons"", ""population"": null, ""external_id"": ""osm:relation:19669453"", ""region_code"": ""MM-YANGON"", ""osm_feature_type"": ""R"", ""snapshot_version"": ""osm_myanmar_2026_07_21_yangon_city_v1"", ""source_snapshot_id"": 9, ""source_classification"": ""settlement""}"
osm:relation:19669540,safe_new,Industrial Zone,Industrial Zone,quarter,quarter,settlement,16.9095036,96.33450275863402,80.00,fc0ae68b14c71f37db725792d620d247,"{""place"": ""quarter"", ""osm_id"": ""19669540"", ""raw_id"": 15281, ""raw_table"": ""raw_osm_polygons"", ""population"": null, ""external_id"": ""osm:relation:19669540"", ""region_code"": ""MM-YANGON"", ""osm_feature_type"": ""R"", ""snapshot_version"": ""osm_myanmar_2026_07_21_yangon_city_v1"", ""source_snapshot_id"": 9, ""source_classification"": ""settlement""}"
osm:relation:19669538,safe_new,Industrial Zone,Industrial Zone,quarter,quarter,settlement,16.921035500000002,96.33798281699333,80.00,7d0b361459e9fb42a145fe885ea666cf,"{""place"": ""quarter"", ""osm_id"": ""19669538"", ""raw_id"": 15284, ""raw_table"": ""raw_osm_polygons"", ""population"": null, ""external_id"": ""osm:relation:19669538"", ""region_code"": ""MM-YANGON"", ""osm_feature_type"": ""R"", ""snapshot_version"": ""osm_myanmar_2026_07_21_yangon_city_v1"", ""source_snapshot_id"": 9, ""source_classification"": ""settlement""}"
osm:relation:19669537,safe_new,Industrial Zone,Industrial Zone,quarter,quarter,settlement,16.9280149,96.34341028723404,80.00,9be1657c9f512f4eb16130399c61a48d,"{""place"": ""quarter"", ""osm_id"": ""19669537"", ""raw_id"": 15285, ""raw_table"": ""raw_osm_polygons"", ""population"": null, ""external_id"": ""osm:relation:19669537"", ""region_code"": ""MM-YANGON"", ""osm_feature_type"": ""R"", ""snapshot_version"": ""osm_myanmar_2026_07_21_yangon_city_v1"", ""source_snapshot_id"": 9, ""source_classification"": ""settlement""}"
osm:relation:19665973,safe_new,အမှတ် (၁၅၄) ရပ်ကွက်,အမှတ် (၁၅၄) ရပ်ကွက်,quarter,quarter,settlement,16.9244724,96.28767635915996,80.00,fb5529d6d93c964db3860a286c64b1f7,"{""place"": ""quarter"", ""osm_id"": ""19665973"", ""raw_id"": 15295, ""raw_table"": ""raw_osm_polygons"", ""population"": null, ""external_id"": ""osm:relation:19665973"", ""region_code"": ""MM-YANGON"", ""osm_feature_type"": ""R"", ""snapshot_version"": ""osm_myanmar_2026_07_21_yangon_city_v1"", ""source_snapshot_id"": 9, ""source_classification"": ""settlement""}"
osm:relation:19665976,safe_new,ရွာသာကြီး (တောင်) ရပ်ကွက်,ရွာသာကြီး (တောင်) ရပ်ကွက်,quarter,quarter,settlement,16.9129205,96.2586709550637,80.00,f7d67e9718940ef2cdd389bf8f950bb2,"{""place"": ""quarter"", ""osm_id"": ""19665976"", ""raw_id"": 15328, ""raw_table"": ""raw_osm_polygons"", ""population"": null, ""external_id"": ""osm:relation:19665976"", ""region_code"": ""MM-YANGON"", ""osm_feature_type"": ""R"", ""snapshot_version"": ""osm_myanmar_2026_07_21_yangon_city_v1"", ""source_snapshot_id"": 9, ""source_classification"": ""settlement""}"
osm:relation:19665974,safe_new,အမှတ် (၁၅၃) ရပ်ကွက်,အမှတ် (၁၅၃) ရပ်ကွက်,quarter,quarter,settlement,16.9110777,96.26977130649233,80.00,615da4a424beae608281c529d338b995,"{""place"": ""quarter"", ""osm_id"": ""19665974"", ""raw_id"": 15552, ""raw_table"": ""raw_osm_polygons"", ""population"": null, ""external_id"": ""osm:relation:19665974"", ""region_code"": ""MM-YANGON"", ""osm_feature_type"": ""R"", ""snapshot_version"": ""osm_myanmar_2026_07_21_yangon_city_v1"", ""source_snapshot_id"": 9, ""source_classification"": ""settlement""}"
osm:relation:19669541,safe_new,အမှတ် (၁၅၀) ရပ်ကွက်,အမှတ် (၁၅၀) ရပ်ကွက်,quarter,quarter,settlement,16.908720250000002,96.28720926640915,80.00,50e2f937e976e2976d2cace71cf7ff6a,"{""place"": ""quarter"", ""osm_id"": ""19669541"", ""raw_id"": 15553, ""raw_table"": ""raw_osm_polygons"", ""population"": null, ""external_id"": ""osm:relation:19669541"", ""region_code"": ""MM-YANGON"", ""osm_feature_type"": ""R"", ""snapshot_version"": ""osm_myanmar_2026_07_21_yangon_city_v1"", ""source_snapshot_id"": 9, ""source_classification"": ""settlement""}"
osm:relation:19669542,safe_new,အမှတ် (၁၅၁) ရပ်ကွက်,အမှတ် (၁၅၁) ရပ်ကွက်,quarter,quarter,settlement,16.9002209,96.27968520194383,80.00,3c0542ee532ef3fd4934a63a99dd645b,"{""place"": ""quarter"", ""osm_id"": ""19669542"", ""raw_id"": 15572, ""raw_table"": ""raw_osm_polygons"", ""population"": null, ""external_id"": ""osm:relation:19669542"", ""region_code"": ""MM-YANGON"", ""osm_feature_type"": ""R"", ""snapshot_version"": ""osm_myanmar_2026_07_21_yangon_city_v1"", ""source_snapshot_id"": 9, ""source_classification"": ""settlement""}"
osm:relation:19669543,safe_new,အမှတ် (၁၄၉) ရပ်ကွက်,အမှတ် (၁၄၉) ရပ်ကွက်,quarter,quarter,settlement,16.898262000000003,96.29129809239444,80.00,e37fa1a394263e8b54b3260ce325ef1f,"{""place"": ""quarter"", ""osm_id"": ""19669543"", ""raw_id"": 15559, ""raw_table"": ""raw_osm_polygons"", ""population"": null, ""external_id"": ""osm:relation:19669543"", ""region_code"": ""MM-YANGON"", ""osm_feature_type"": ""R"", ""snapshot_version"": ""osm_myanmar_2026_07_21_yangon_city_v1"", ""source_snapshot_id"": 9, ""source_classification"": ""settlement""}"
osm:relation:19665975,safe_new,အမှတ် (၁၅၂) ရပ်ကွက်,အမှတ် (၁၅၂) ရပ်ကွက်,quarter,quarter,settlement,16.90277515,96.26624655823437,80.00,7ebc7da98b23ac735072b32ca370c5cf,"{""place"": ""quarter"", ""osm_id"": ""19665975"", ""raw_id"": 15574, ""raw_table"": ""raw_osm_polygons"", ""population"": null, ""external_id"": ""osm:relation:19665975"", ""region_code"": ""MM-YANGON"", ""osm_feature_type"": ""R"", ""snapshot_version"": ""osm_myanmar_2026_07_21_yangon_city_v1"", ""source_snapshot_id"": 9, ""source_classification"": ""settlement""}"
osm:relation:19665979,safe_new,အမှတ် (၁၄၀) ရပ်ကွက်,အမှတ် (၁၄၀) ရပ်ကွက်,quarter,quarter,settlement,16.9003114,96.25338569463602,80.00,17f2f1e33d5e05d7316fd229ab0d23ff,"{""place"": ""quarter"", ""osm_id"": ""19665979"", ""raw_id"": 15846, ""raw_table"": ""raw_osm_polygons"", ""population"": null, ""external_id"": ""osm:relation:19665979"", ""region_code"": ""MM-YANGON"", ""osm_feature_type"": ""R"", ""snapshot_version"": ""osm_myanmar_2026_07_21_yangon_city_v1"", ""source_snapshot_id"": 9, ""source_classification"": ""settlement""}"
osm:relation:19665980,safe_new,အမှတ် (၁၄၅) ရပ်ကွက်,အမှတ် (၁၄၅) ရပ်ကွက်,quarter,quarter,settlement,16.8933908,96.26073667049334,80.00,524d3629fd2a048d989ac4babb269006,"{""place"": ""quarter"", ""osm_id"": ""19665980"", ""raw_id"": 16057, ""raw_table"": ""raw_osm_polygons"", ""population"": null, ""external_id"": ""osm:relation:19665980"", ""region_code"": ""MM-YANGON"", ""osm_feature_type"": ""R"", ""snapshot_version"": ""osm_myanmar_2026_07_21_yangon_city_v1"", ""source_snapshot_id"": 9, ""source_classification"": ""settlement""}"
osm:relation:19665977,safe_new,ကြည်စု (အနောက်) ရပ်ကွက်,ကြည်စု (အနောက်) ရပ်ကွက်,quarter,quarter,settlement,16.8945165,96.27475146682914,80.00,1ae89daaf71bd98eda18ce8b115f851a,"{""place"": ""quarter"", ""osm_id"": ""19665977"", ""raw_id"": 16058, ""raw_table"": ""raw_osm_polygons"", ""population"": null, ""external_id"": ""osm:relation:19665977"", ""region_code"": ""MM-YANGON"", ""osm_feature_type"": ""R"", ""snapshot_version"": ""osm_myanmar_2026_07_21_yangon_city_v1"", ""source_snapshot_id"": 9, ""source_classification"": ""settlement""}"
osm:relation:19665978,safe_new,အမှတ် (၁၄၆) ရပ်ကွက်,အမှတ် (၁၄၆) ရပ်ကွက်,quarter,quarter,settlement,16.8896202,96.27676194263978,80.00,7a4a1c4297f720965b71164134d0fdf9,"{""place"": ""quarter"", ""osm_id"": ""19665978"", ""raw_id"": 16062, ""raw_table"": ""raw_osm_polygons"", ""population"": null, ""external_id"": ""osm:relation:19665978"", ""region_code"": ""MM-YANGON"", ""osm_feature_type"": ""R"", ""snapshot_version"": ""osm_myanmar_2026_07_21_yangon_city_v1"", ""source_snapshot_id"": 9, ""source_classification"": ""settlement""}"
osm:relation:19665981,safe_new,အမှတ် (၁၄၇) ရပ်ကွက်,အမှတ် (၁၄၇) ရပ်ကွက်,quarter,quarter,settlement,16.8851798,96.27107158290616,80.00,ee4d86c564130c1741b8d55eb1b27656,"{""place"": ""quarter"", ""osm_id"": ""19665981"", ""raw_id"": 16065, ""raw_table"": ""raw_osm_polygons"", ""population"": null, ""external_id"": ""osm:relation:19665981"", ""region_code"": ""MM-YANGON"", ""osm_feature_type"": ""R"", ""snapshot_version"": ""osm_myanmar_2026_07_21_yangon_city_v1"", ""source_snapshot_id"": 9, ""source_classification"": ""settlement""}"
osm:relation:19665983,safe_new,အမှတ် (၁၄၄) ရပ်ကွက်,အမှတ် (၁၄၄) ရပ်ကွက်,quarter,quarter,settlement,16.890119,96.25427097791984,80.00,b471a26579df4cb16de05b0f83abea23,"{""place"": ""quarter"", ""osm_id"": ""19665983"", ""raw_id"": 16185, ""raw_table"": ""raw_osm_polygons"", ""population"": null, ""external_id"": ""osm:relation:19665983"", ""region_code"": ""MM-YANGON"", ""osm_feature_type"": ""R"", ""snapshot_version"": ""osm_myanmar_2026_07_21_yangon_city_v1"", ""source_snapshot_id"": 9, ""source_classification"": ""settlement""}"
osm:relation:19665985,safe_new,အမှတ် (၁၀၆) ရပ်ကွက်,အမှတ် (၁၀၆) ရပ်ကွက်,quarter,quarter,settlement,16.885042849999998,96.26037176311928,80.00,d8a6af336eb080fb82dacd8368fac50a,"{""place"": ""quarter"", ""osm_id"": ""19665985"", ""raw_id"": 16415, ""raw_table"": ""raw_osm_polygons"", ""population"": null, ""external_id"": ""osm:relation:19665985"", ""region_code"": ""MM-YANGON"", ""osm_feature_type"": ""R"", ""snapshot_version"": ""osm_myanmar_2026_07_21_yangon_city_v1"", ""source_snapshot_id"": 9, ""source_classification"": ""settlement""}"
osm:relation:19665984,safe_new,အမှတ် (၁၀၆) ရပ်ကွက်,အမှတ် (၁၀၆) ရပ်ကွက်,quarter,quarter,settlement,16.885042849999998,96.26037176311928,80.00,c17d408030dd1af50525b02010ae6780,"{""place"": ""quarter"", ""osm_id"": ""19665984"", ""raw_id"": 16418, ""raw_table"": ""raw_osm_polygons"", ""population"": null, ""external_id"": ""osm:relation:19665984"", ""region_code"": ""MM-YANGON"", ""osm_feature_type"": ""R"", ""snapshot_version"": ""osm_myanmar_2026_07_21_yangon_city_v1"", ""source_snapshot_id"": 9, ""source_classification"": ""settlement""}"
osm:relation:19665988,safe_new,အမှတ် (၁၀၇) ရပ်ကွက်,အမှတ် (၁၀၇) ရပ်ကွက်,quarter,quarter,settlement,16.8803129,96.2559980135776,80.00,15872040f0ae8c5bb653426ed8baaf12,"{""place"": ""quarter"", ""osm_id"": ""19665988"", ""raw_id"": 16446, ""raw_table"": ""raw_osm_polygons"", ""population"": null, ""external_id"": ""osm:relation:19665988"", ""region_code"": ""MM-YANGON"", ""osm_feature_type"": ""R"", ""snapshot_version"": ""osm_myanmar_2026_07_21_yangon_city_v1"", ""source_snapshot_id"": 9, ""source_classification"": ""settlement""}"
osm:relation:19665987,safe_new,အမှတ် (၁၀၅) ရပ်ကွက်,အမှတ် (၁၀၅) ရပ်ကွက်,quarter,quarter,settlement,16.8780193,96.26920111595587,80.00,22991d79c7680b873fdf9b182709f91b,"{""place"": ""quarter"", ""osm_id"": ""19665987"", ""raw_id"": 16458, ""raw_table"": ""raw_osm_polygons"", ""population"": null, ""external_id"": ""osm:relation:19665987"", ""region_code"": ""MM-YANGON"", ""osm_feature_type"": ""R"", ""snapshot_version"": ""osm_myanmar_2026_07_21_yangon_city_v1"", ""source_snapshot_id"": 9, ""source_classification"": ""settlement""}"
osm:relation:19665986,safe_new,အမှတ် (၁၀၅) ရပ်ကွက်,အမှတ် (၁၀၅) ရပ်ကွက်,quarter,quarter,settlement,16.8780193,96.26920111595587,80.00,cc9004152f28419675d3cccfcb6e1403,"{""place"": ""quarter"", ""osm_id"": ""19665986"", ""raw_id"": 16459, ""raw_table"": ""raw_osm_polygons"", ""population"": null, ""external_id"": ""osm:relation:19665986"", ""region_code"": ""MM-YANGON"", ""osm_feature_type"": ""R"", ""snapshot_version"": ""osm_myanmar_2026_07_21_yangon_city_v1"", ""source_snapshot_id"": 9, ""source_classification"": ""settlement""}"
osm:relation:19669544,safe_new,အမှတ် (၁၄၈) ရပ်ကွက်,အမှတ် (၁၄၈) ရပ်ကွက်,quarter,quarter,settlement,16.88037525,96.28086203749919,80.00,a396b4496080e7d0af27e05722886317,"{""place"": ""quarter"", ""osm_id"": ""19669544"", ""raw_id"": 16463, ""raw_table"": ""raw_osm_polygons"", ""population"": null, ""external_id"": ""osm:relation:19669544"", ""region_code"": ""MM-YANGON"", ""osm_feature_type"": ""R"", ""snapshot_version"": ""osm_myanmar_2026_07_21_yangon_city_v1"", ""source_snapshot_id"": 9, ""source_classification"": ""settlement""}"
osm:relation:19669576,safe_new,အမှတ် (၇၃) ရပ်ကွက်,အမှတ် (၇၃) ရပ်ကွက်,quarter,quarter,settlement,16.8134303,96.25134629982378,80.00,dd70d82ff86e93257ff12faabdd349ee,"{""place"": ""quarter"", ""osm_id"": ""19669576"", ""raw_id"": 16522, ""raw_table"": ""raw_osm_polygons"", ""population"": null, ""external_id"": ""osm:relation:19669576"", ""region_code"": ""MM-YANGON"", ""osm_feature_type"": ""R"", ""snapshot_version"": ""osm_myanmar_2026_07_21_yangon_city_v1"", ""source_snapshot_id"": 9, ""source_classification"": ""settlement""}"
osm:relation:19669574,safe_new,အမှတ် (၇၅) ရပ်ကွက်,အမှတ် (၇၅) ရပ်ကွက်,quarter,quarter,settlement,16.817074650000002,96.26537999039247,80.00,01463ce4bfba59a402f19a32717a021f,"{""place"": ""quarter"", ""osm_id"": ""19669574"", ""raw_id"": 16537, ""raw_table"": ""raw_osm_polygons"", ""population"": null, ""external_id"": ""osm:relation:19669574"", ""region_code"": ""MM-YANGON"", ""osm_feature_type"": ""R"", ""snapshot_version"": ""osm_myanmar_2026_07_21_yangon_city_v1"", ""source_snapshot_id"": 9, ""source_classification"": ""settlement""}"
osm:relation:19669575,safe_new,အမှတ် (၇၄) ရပ်ကွက်,အမှတ် (၇၄) ရပ်ကွက်,quarter,quarter,settlement,16.813695449999997,96.25928298219586,80.00,eb85d1aa0cac437d274be3ebe3cd17ad,"{""place"": ""quarter"", ""osm_id"": ""19669575"", ""raw_id"": 16553, ""raw_table"": ""raw_osm_polygons"", ""population"": null, ""external_id"": ""osm:relation:19669575"", ""region_code"": ""MM-YANGON"", ""osm_feature_type"": ""R"", ""snapshot_version"": ""osm_myanmar_2026_07_21_yangon_city_v1"", ""source_snapshot_id"": 9, ""source_classification"": ""settlement""}"
osm:relation:19669572,safe_new,အမှတ် (၉၄) ရပ်ကွက်,အမှတ် (၉၄) ရပ်ကွက်,quarter,quarter,settlement,16.824154,96.2660689180147,80.00,630fd17e2b79f51592f7ae16de005b92,"{""place"": ""quarter"", ""osm_id"": ""19669572"", ""raw_id"": 16828, ""raw_table"": ""raw_osm_polygons"", ""population"": null, ""external_id"": ""osm:relation:19669572"", ""region_code"": ""MM-YANGON"", ""osm_feature_type"": ""R"", ""snapshot_version"": ""osm_myanmar_2026_07_21_yangon_city_v1"", ""source_snapshot_id"": 9, ""source_classification"": ""settlement""}"
osm:relation:19669557,safe_new,အမှတ် (၈၀) ရပ်ကွက်,အမှတ် (၈၀) ရပ်ကွက်,quarter,quarter,settlement,16.8434576,96.26290216684507,80.00,a0ce2fe93abaf1da2f2390e840fef0ac,"{""place"": ""quarter"", ""osm_id"": ""19669557"", ""raw_id"": 20430, ""raw_table"": ""raw_osm_polygons"", ""population"": null, ""external_id"": ""osm:relation:19669557"", ""region_code"": ""MM-YANGON"", ""osm_feature_type"": ""R"", ""snapshot_version"": ""osm_myanmar_2026_07_21_yangon_city_v1"", ""source_snapshot_id"": 9, ""source_classification"": ""settlement""}"
osm:relation:19669562,safe_new,အမှတ် (၇၉) ရပ်ကွက်,အမှတ် (၇၉) ရပ်ကွက်,quarter,quarter,settlement,16.8370356,96.26099694135128,80.00,0eff50ccff3da3eb9b3221bc2483d743,"{""place"": ""quarter"", ""osm_id"": ""19669562"", ""raw_id"": 20431, ""raw_table"": ""raw_osm_polygons"", ""population"": null, ""external_id"": ""osm:relation:19669562"", ""region_code"": ""MM-YANGON"", ""osm_feature_type"": ""R"", ""snapshot_version"": ""osm_myanmar_2026_07_21_yangon_city_v1"", ""source_snapshot_id"": 9, ""source_classification"": ""settlement""}"
osm:relation:19669563,safe_new,အမှတ် (၉၀) ရပ်ကွက်,အမှတ် (၉၀) ရပ်ကွက်,quarter,quarter,settlement,16.840563250000002,96.27339130905166,80.00,cbc25386e3b393f379c335efba90ecff,"{""place"": ""quarter"", ""osm_id"": ""19669563"", ""raw_id"": 20433, ""raw_table"": ""raw_osm_polygons"", ""population"": null, ""external_id"": ""osm:relation:19669563"", ""region_code"": ""MM-YANGON"", ""osm_feature_type"": ""R"", ""snapshot_version"": ""osm_myanmar_2026_07_21_yangon_city_v1"", ""source_snapshot_id"": 9, ""source_classification"": ""settlement""}"
osm:relation:19669564,safe_new,အမှတ် (၉၁) ရပ်ကွက်,အမှတ် (၉၁) ရပ်ကွက်,quarter,quarter,settlement,16.83494935,96.27162304376574,80.00,2bbc0856465cc3c3a167006c0a3b5d7d,"{""place"": ""quarter"", ""osm_id"": ""19669564"", ""raw_id"": 20613, ""raw_table"": ""raw_osm_polygons"", ""population"": null, ""external_id"": ""osm:relation:19669564"", ""region_code"": ""MM-YANGON"", ""osm_feature_type"": ""R"", ""snapshot_version"": ""osm_myanmar_2026_07_21_yangon_city_v1"", ""source_snapshot_id"": 9, ""source_classification"": ""settlement""}"
osm:relation:19669545,safe_new,အမှတ် (၁၆၈) ရပ်ကွက်,အမှတ် (၁၆၈) ရပ်ကွက်,quarter,quarter,settlement,16.86600145,96.28610324231953,80.00,9c2af7550ebc006a224cf03d5ab46e5a,"{""place"": ""quarter"", ""osm_id"": ""19669545"", ""raw_id"": 21895, ""raw_table"": ""raw_osm_polygons"", ""population"": null, ""external_id"": ""osm:relation:19669545"", ""region_code"": ""MM-YANGON"", ""osm_feature_type"": ""R"", ""snapshot_version"": ""osm_myanmar_2026_07_21_yangon_city_v1"", ""source_snapshot_id"": 9, ""source_classification"": ""settlement""}"
osm:relation:19669552,safe_new,Industrial Zone,Industrial Zone,quarter,quarter,settlement,16.8486173,96.28983395991307,80.00,1a0e165203bb78373ce4ad83f44e9902,"{""place"": ""quarter"", ""osm_id"": ""19669552"", ""raw_id"": 22792, ""raw_table"": ""raw_osm_polygons"", ""population"": null, ""external_id"": ""osm:relation:19669552"", ""region_code"": ""MM-YANGON"", ""osm_feature_type"": ""R"", ""snapshot_version"": ""osm_myanmar_2026_07_21_yangon_city_v1"", ""source_snapshot_id"": 9, ""source_classification"": ""settlement""}"
osm:relation:19669550,safe_new,အမှတ် (၈၇) ရပ်ကွက်,အမှတ် (၈၇) ရပ်ကွက်,quarter,quarter,settlement,16.85604955,96.27690894041467,80.00,57d2581dd486a3adf8b5228ae398ac60,"{""place"": ""quarter"", ""osm_id"": ""19669550"", ""raw_id"": 22994, ""raw_table"": ""raw_osm_polygons"", ""population"": null, ""external_id"": ""osm:relation:19669550"", ""region_code"": ""MM-YANGON"", ""osm_feature_type"": ""R"", ""snapshot_version"": ""osm_myanmar_2026_07_21_yangon_city_v1"", ""source_snapshot_id"": 9, ""source_classification"": ""settlement""}"
osm:relation:19669549,safe_new,အမှတ် (၈၄) ရပ်ကွက်,အမှတ် (၈၄) ရပ်ကွက်,quarter,quarter,settlement,16.85733435,96.27016308616703,80.00,df118b9d40e061089946c0524c2aa9e3,"{""place"": ""quarter"", ""osm_id"": ""19669549"", ""raw_id"": 22996, ""raw_table"": ""raw_osm_polygons"", ""population"": null, ""external_id"": ""osm:relation:19669549"", ""region_code"": ""MM-YANGON"", ""osm_feature_type"": ""R"", ""snapshot_version"": ""osm_myanmar_2026_07_21_yangon_city_v1"", ""source_snapshot_id"": 9, ""source_classification"": ""settlement""}"
osm:relation:19669548,safe_new,အမှတ် (၈၃) ရပ်ကွက်,အမှတ် (၈၃) ရပ်ကွက်,quarter,quarter,settlement,16.8590851,96.26564130592317,80.00,25b4649e1473be52d88f399a487d4827,"{""place"": ""quarter"", ""osm_id"": ""19669548"", ""raw_id"": 22997, ""raw_table"": ""raw_osm_polygons"", ""population"": null, ""external_id"": ""osm:relation:19669548"", ""region_code"": ""MM-YANGON"", ""osm_feature_type"": ""R"", ""snapshot_version"": ""osm_myanmar_2026_07_21_yangon_city_v1"", ""source_snapshot_id"": 9, ""source_classification"": ""settlement""}"
osm:relation:19669554,safe_new,အမှတ် (၈၈) ရပ်ကွက်,အမှတ် (၈၈) ရပ်ကွက်,quarter,quarter,settlement,16.84729865,96.27314324098626,80.00,8fc81b48660c26342bf6d55f4b2b8718,"{""place"": ""quarter"", ""osm_id"": ""19669554"", ""raw_id"": 23257, ""raw_table"": ""raw_osm_polygons"", ""population"": null, ""external_id"": ""osm:relation:19669554"", ""region_code"": ""MM-YANGON"", ""osm_feature_type"": ""R"", ""snapshot_version"": ""osm_myanmar_2026_07_21_yangon_city_v1"", ""source_snapshot_id"": 9, ""source_classification"": ""settlement""}"
osm:relation:19669553,safe_new,အမှတ် (၈၉) ရပ်ကွက်,အမှတ် (၈၉) ရပ်ကွက်,quarter,quarter,settlement,16.8469594,96.27913154871713,80.00,7b9e36f3bc4cc9cd83873b3b3a5601a9,"{""place"": ""quarter"", ""osm_id"": ""19669553"", ""raw_id"": 23469, ""raw_table"": ""raw_osm_polygons"", ""population"": null, ""external_id"": ""osm:relation:19669553"", ""region_code"": ""MM-YANGON"", ""osm_feature_type"": ""R"", ""snapshot_version"": ""osm_myanmar_2026_07_21_yangon_city_v1"", ""source_snapshot_id"": 9, ""source_classification"": ""settlement""}"
osm:relation:19669555,safe_new,အမှတ် (၈၁) ရပ်ကွက်,အမှတ် (၈၁) ရပ်ကွက်,quarter,quarter,settlement,16.8507166,96.26829519270484,80.00,86652eb4c1182969ec40e7f581a70bd8,"{""place"": ""quarter"", ""osm_id"": ""19669555"", ""raw_id"": 23887, ""raw_table"": ""raw_osm_polygons"", ""population"": null, ""external_id"": ""osm:relation:19669555"", ""region_code"": ""MM-YANGON"", ""osm_feature_type"": ""R"", ""snapshot_version"": ""osm_myanmar_2026_07_21_yangon_city_v1"", ""source_snapshot_id"": 9, ""source_classification"": ""settlement""}"
osm:relation:19669559,safe_new,အမှတ် (၆၈) ရပ်ကွက်,အမှတ် (၆၈) ရပ်ကွက်,quarter,quarter,settlement,16.850543549999998,96.25467692432116,80.00,d57d537983da9bf9803f2a2805048c06,"{""place"": ""quarter"", ""osm_id"": ""19669559"", ""raw_id"": 23941, ""raw_table"": ""raw_osm_polygons"", ""population"": null, ""external_id"": ""osm:relation:19669559"", ""region_code"": ""MM-YANGON"", ""osm_feature_type"": ""R"", ""snapshot_version"": ""osm_myanmar_2026_07_21_yangon_city_v1"", ""source_snapshot_id"": 9, ""source_classification"": ""settlement""}"
osm:relation:19669556,safe_new,အမှတ် (၈၂) ရပ်ကွက်,အမှတ် (၈၂) ရပ်ကွက်,quarter,quarter,settlement,16.851562700000002,96.26317332489717,80.00,cfcab3f2962240e16e899d60ebb2b964,"{""place"": ""quarter"", ""osm_id"": ""19669556"", ""raw_id"": 24112, ""raw_table"": ""raw_osm_polygons"", ""population"": null, ""external_id"": ""osm:relation:19669556"", ""region_code"": ""MM-YANGON"", ""osm_feature_type"": ""R"", ""snapshot_version"": ""osm_myanmar_2026_07_21_yangon_city_v1"", ""source_snapshot_id"": 9, ""source_classification"": ""settlement""}"
osm:relation:19669558,safe_new,အမှတ် (၆၉) ရပ်ကွက်,အမှတ် (၆၉) ရပ်ကွက်,quarter,quarter,settlement,16.8563929,96.25819790933528,80.00,bda7e7f7b42f34e5da77e60583b18f5b,"{""place"": ""quarter"", ""osm_id"": ""19669558"", ""raw_id"": 24113, ""raw_table"": ""raw_osm_polygons"", ""population"": null, ""external_id"": ""osm:relation:19669558"", ""region_code"": ""MM-YANGON"", ""osm_feature_type"": ""R"", ""snapshot_version"": ""osm_myanmar_2026_07_21_yangon_city_v1"", ""source_snapshot_id"": 9, ""source_classification"": ""settlement""}"
osm:relation:19665995,safe_new,အမှတ် (၅၆) ရပ်ကွက်,အမှတ် (၅၆) ရပ်ကွက်,quarter,quarter,settlement,16.8610646,96.25251683565824,80.00,02429bc5391e0aba5575a6f9a2f99973,"{""place"": ""quarter"", ""osm_id"": ""19665995"", ""raw_id"": 24118, ""raw_table"": ""raw_osm_polygons"", ""population"": null, ""external_id"": ""osm:relation:19665995"", ""region_code"": ""MM-YANGON"", ""osm_feature_type"": ""R"", ""snapshot_version"": ""osm_myanmar_2026_07_21_yangon_city_v1"", ""source_snapshot_id"": 9, ""source_classification"": ""settlement""}"
osm:relation:19665994,safe_new,အမှတ် (၇၀) ရပ်ကွက်,အမှတ် (၇၀) ရပ်ကွက်,quarter,quarter,settlement,16.86559675,96.2591896433772,80.00,7f78ed1813bdc34d0ac5000e805a535e,"{""place"": ""quarter"", ""osm_id"": ""19665994"", ""raw_id"": 24757, ""raw_table"": ""raw_osm_polygons"", ""population"": null, ""external_id"": ""osm:relation:19665994"", ""region_code"": ""MM-YANGON"", ""osm_feature_type"": ""R"", ""snapshot_version"": ""osm_myanmar_2026_07_21_yangon_city_v1"", ""source_snapshot_id"": 9, ""source_classification"": ""settlement""}"
osm:relation:19669546,safe_new,အမှတ် (၈၆) ရပ်ကွက်,အမှတ် (၈၆) ရပ်ကွက်,quarter,quarter,settlement,16.8623368,96.2775511437699,80.00,369cc04d61f76cfdadb4f4ca1108a79d,"{""place"": ""quarter"", ""osm_id"": ""19669546"", ""raw_id"": 24873, ""raw_table"": ""raw_osm_polygons"", ""population"": null, ""external_id"": ""osm:relation:19669546"", ""region_code"": ""MM-YANGON"", ""osm_feature_type"": ""R"", ""snapshot_version"": ""osm_myanmar_2026_07_21_yangon_city_v1"", ""source_snapshot_id"": 9, ""source_classification"": ""settlement""}"
osm:relation:19665989,safe_new,အမှတ် (၁၀၄) ရပ်ကွက်,အမှတ် (၁၀၄) ရပ်ကွက်,quarter,quarter,settlement,16.87223265,96.26422283502151,80.00,5e7ab67d4f4bb959580c47882b1bbf7c,"{""place"": ""quarter"", ""osm_id"": ""19665989"", ""raw_id"": 24926, ""raw_table"": ""raw_osm_polygons"", ""population"": null, ""external_id"": ""osm:relation:19665989"", ""region_code"": ""MM-YANGON"", ""osm_feature_type"": ""R"", ""snapshot_version"": ""osm_myanmar_2026_07_21_yangon_city_v1"", ""source_snapshot_id"": 9, ""source_classification"": ""settlement""}"
osm:relation:19665993,safe_new,အမှတ် (၇၁) ရပ်ကွက်,အမှတ် (၇၁) ရပ်ကွက်,quarter,quarter,settlement,16.8725834,96.25350243934564,80.00,bd27bff0ae996cf66204ea0dc7c86e28,"{""place"": ""quarter"", ""osm_id"": ""19665993"", ""raw_id"": 25872, ""raw_table"": ""raw_osm_polygons"", ""population"": null, ""external_id"": ""osm:relation:19665993"", ""region_code"": ""MM-YANGON"", ""osm_feature_type"": ""R"", ""snapshot_version"": ""osm_myanmar_2026_07_21_yangon_city_v1"", ""source_snapshot_id"": 9, ""source_classification"": ""settlement""}"
osm:relation:19665998,safe_new,အမှတ် (၅၃) ရပ်ကွက်,အမှတ် (၅၃) ရပ်ကွက်,quarter,quarter,settlement,16.86877995,96.24186674008624,80.00,514e62fd2cc10cc143b01b85455e4b3d,"{""place"": ""quarter"", ""osm_id"": ""19665998"", ""raw_id"": 25941, ""raw_table"": ""raw_osm_polygons"", ""population"": null, ""external_id"": ""osm:relation:19665998"", ""region_code"": ""MM-YANGON"", ""osm_feature_type"": ""R"", ""snapshot_version"": ""osm_myanmar_2026_07_21_yangon_city_v1"", ""source_snapshot_id"": 9, ""source_classification"": ""settlement""}"
osm:relation:19666000,safe_new,အမှတ် (၁၇) (တောင်ပိုင်း)ရပ်ကွက်,အမှတ် (၁၇) (တောင်ပိုင်း)ရပ်ကွက်,quarter,quarter,settlement,16.8694505,96.22940878302357,80.00,48cfd77660427b2f762f157aca8a052a,"{""place"": ""quarter"", ""osm_id"": ""19666000"", ""raw_id"": 26186, ""raw_table"": ""raw_osm_polygons"", ""population"": null, ""external_id"": ""osm:relation:19666000"", ""region_code"": ""MM-YANGON"", ""osm_feature_type"": ""R"", ""snapshot_version"": ""osm_myanmar_2026_07_21_yangon_city_v1"", ""source_snapshot_id"": 9, ""source_classification"": ""settlement""}"
osm:relation:19665999,safe_new,အမှတ် (၅၄) ရပ်ကွက်,အမှတ် (၅၄) ရပ်ကွက်,quarter,quarter,settlement,16.86392755,96.23804280176279,80.00,557a06b90772d0288f7db982a20eea55,"{""place"": ""quarter"", ""osm_id"": ""19665999"", ""raw_id"": 26268, ""raw_table"": ""raw_osm_polygons"", ""population"": null, ""external_id"": ""osm:relation:19665999"", ""region_code"": ""MM-YANGON"", ""osm_feature_type"": ""R"", ""snapshot_version"": ""osm_myanmar_2026_07_21_yangon_city_v1"", ""source_snapshot_id"": 9, ""source_classification"": ""settlement""}"
osm:relation:19665996,safe_new,အမှတ် (၅၇) ရပ်ကွက်,အမှတ် (၅၇) ရပ်ကွက်,quarter,quarter,settlement,16.86592105,96.24813156355913,80.00,8f6f6a49246dde3d33d3d08c6e33c207,"{""place"": ""quarter"", ""osm_id"": ""19665996"", ""raw_id"": 26269, ""raw_table"": ""raw_osm_polygons"", ""population"": null, ""external_id"": ""osm:relation:19665996"", ""region_code"": ""MM-YANGON"", ""osm_feature_type"": ""R"", ""snapshot_version"": ""osm_myanmar_2026_07_21_yangon_city_v1"", ""source_snapshot_id"": 9, ""source_classification"": ""settlement""}"
osm:relation:19666002,safe_new,အမှတ် (၁၉) ရပ်ကွက်,အမှတ် (၁၉) ရပ်ကွက်,quarter,quarter,settlement,16.8547752,96.23621520188274,80.00,244286ae16b7663d48b48af67a2e74aa,"{""place"": ""quarter"", ""osm_id"": ""19666002"", ""raw_id"": 26431, ""raw_table"": ""raw_osm_polygons"", ""population"": null, ""external_id"": ""osm:relation:19666002"", ""region_code"": ""MM-YANGON"", ""osm_feature_type"": ""R"", ""snapshot_version"": ""osm_myanmar_2026_07_21_yangon_city_v1"", ""source_snapshot_id"": 9, ""source_classification"": ""settlement""}"
osm:relation:19666003,safe_new,အမှတ် (၂၀) ရပ်ကွက်,အမှတ် (၂၀) ရပ်ကွက်,quarter,quarter,settlement,16.84930695,96.24137576785952,80.00,6b9a6001a01dbfd34920f4fa8605b332,"{""place"": ""quarter"", ""osm_id"": ""19666003"", ""raw_id"": 27858, ""raw_table"": ""raw_osm_polygons"", ""population"": null, ""external_id"": ""osm:relation:19666003"", ""region_code"": ""MM-YANGON"", ""osm_feature_type"": ""R"", ""snapshot_version"": ""osm_myanmar_2026_07_21_yangon_city_v1"", ""source_snapshot_id"": 9, ""source_classification"": ""settlement""}"
osm:relation:19662909,safe_new,၁၆/၄ ရပ်ကွက်,၁၆/၄ ရပ်ကွက်,quarter,quarter,settlement,16.83118755,96.18611669096035,80.00,123681bdce356596a5b999c7669dd8b3,"{""place"": ""quarter"", ""osm_id"": ""19662909"", ""raw_id"": 39107, ""raw_table"": ""raw_osm_polygons"", ""population"": null, ""external_id"": ""osm:relation:19662909"", ""region_code"": ""MM-YANGON"", ""osm_feature_type"": ""R"", ""snapshot_version"": ""osm_myanmar_2026_07_21_yangon_city_v1"", ""source_snapshot_id"": 9, ""source_classification"": ""settlement""}"
osm:relation:19662923,safe_new,မိချောင်းကန်အမှတ် (၁) ရပ်ကွက်,မိချောင်းကန်အမှတ် (၁) ရပ်ကွက်,quarter,quarter,settlement,16.82502365,96.17929685414455,80.00,4d710eeb73a4df2b9edead277bf0096c,"{""place"": ""quarter"", ""osm_id"": ""19662923"", ""raw_id"": 44058, ""raw_table"": ""raw_osm_polygons"", ""population"": null, ""external_id"": ""osm:relation:19662923"", ""region_code"": ""MM-YANGON"", ""osm_feature_type"": ""R"", ""snapshot_version"": ""osm_myanmar_2026_07_21_yangon_city_v1"", ""source_snapshot_id"": 9, ""source_classification"": ""settlement""}"
osm:relation:19662918,safe_new,ဇ-ရပ်ကွက် (တောင်),ဇ-ရပ်ကွက် (တောင်),quarter,quarter,settlement,16.82569505,96.1827969151876,80.00,38bf159246a2aaaef9b3715024d37e44,"{""place"": ""quarter"", ""osm_id"": ""19662918"", ""raw_id"": 44066, ""raw_table"": ""raw_osm_polygons"", ""population"": null, ""external_id"": ""osm:relation:19662918"", ""region_code"": ""MM-YANGON"", ""osm_feature_type"": ""R"", ""snapshot_version"": ""osm_myanmar_2026_07_21_yangon_city_v1"", ""source_snapshot_id"": 9, ""source_classification"": ""settlement""}"
osm:relation:19662917,safe_new,သုမင်္ဂလာရပ်ကွက်,သုမင်္ဂလာရပ်ကွက်,quarter,quarter,settlement,16.82117825,96.18985331685457,80.00,42484cb3c4a5ca55160b8f9eeaaffc19,"{""place"": ""quarter"", ""osm_id"": ""19662917"", ""raw_id"": 44732, ""raw_table"": ""raw_osm_polygons"", ""population"": null, ""external_id"": ""osm:relation:19662917"", ""region_code"": ""MM-YANGON"", ""osm_feature_type"": ""R"", ""snapshot_version"": ""osm_myanmar_2026_07_21_yangon_city_v1"", ""source_snapshot_id"": 9, ""source_classification"": ""settlement""}"
osm:relation:19662911,safe_new,နနွင်းကုန်းရပ်ကွက်,နနွင်းကုန်းရပ်ကွက်,quarter,quarter,settlement,16.82547135,96.19011018386225,80.00,62b1717796b5dfcbc7748e1425376e50,"{""place"": ""quarter"", ""osm_id"": ""19662911"", ""raw_id"": 44785, ""raw_table"": ""raw_osm_polygons"", ""population"": null, ""external_id"": ""osm:relation:19662911"", ""region_code"": ""MM-YANGON"", ""osm_feature_type"": ""R"", ""snapshot_version"": ""osm_myanmar_2026_07_21_yangon_city_v1"", ""source_snapshot_id"": 9, ""source_classification"": ""settlement""}"
osm:relation:19662899,safe_new,င/ခ-ရပ်ကွက်,င/ခ-ရပ်ကွက်,quarter,quarter,settlement,16.83096885,96.20058035680962,80.00,a2748c1c48dbdc9b86f8e364a9343264,"{""place"": ""quarter"", ""osm_id"": ""19662899"", ""raw_id"": 45349, ""raw_table"": ""raw_osm_polygons"", ""population"": null, ""external_id"": ""osm:relation:19662899"", ""region_code"": ""MM-YANGON"", ""osm_feature_type"": ""R"", ""snapshot_version"": ""osm_myanmar_2026_07_21_yangon_city_v1"", ""source_snapshot_id"": 9, ""source_classification"": ""settlement""}"
osm:relation:19662900,safe_new,ရန်အောင်ရပ်ကွက်,ရန်အောင်ရပ်ကွက်,quarter,quarter,settlement,16.8305762,96.19739438095526,80.00,2409977d17d06ef9d2e66ccc9b3064fb,"{""place"": ""quarter"", ""osm_id"": ""19662900"", ""raw_id"": 45350, ""raw_table"": ""raw_osm_polygons"", ""population"": null, ""external_id"": ""osm:relation:19662900"", ""region_code"": ""MM-YANGON"", ""osm_feature_type"": ""R"", ""snapshot_version"": ""osm_myanmar_2026_07_21_yangon_city_v1"", ""source_snapshot_id"": 9, ""source_classification"": ""settlement""}"
osm:relation:19662896,safe_new,ဃ-ရပ်ကွက်,ဃ-ရပ်ကွက်,quarter,quarter,settlement,16.8309488,96.20728593213093,80.00,1b9798a70a592e79984eadef1ed370b9,"{""place"": ""quarter"", ""osm_id"": ""19662896"", ""raw_id"": 46399, ""raw_table"": ""raw_osm_polygons"", ""population"": null, ""external_id"": ""osm:relation:19662896"", ""region_code"": ""MM-YANGON"", ""osm_feature_type"": ""R"", ""snapshot_version"": ""osm_myanmar_2026_07_21_yangon_city_v1"", ""source_snapshot_id"": 9, ""source_classification"": ""settlement""}"
osm:relation:19666012,safe_new,အမှတ် (၆၃) ရပ်ကွက်,အမှတ် (၆၃) ရပ်ကွက်,quarter,quarter,settlement,16.831575649999998,96.23177139374246,80.00,4a5d7d1ba5bcbc014e9e33a899cf7328,"{""place"": ""quarter"", ""osm_id"": ""19666012"", ""raw_id"": 46707, ""raw_table"": ""raw_osm_polygons"", ""population"": null, ""external_id"": ""osm:relation:19666012"", ""region_code"": ""MM-YANGON"", ""osm_feature_type"": ""R"", ""snapshot_version"": ""osm_myanmar_2026_07_21_yangon_city_v1"", ""source_snapshot_id"": 9, ""source_classification"": ""settlement""}"
osm:relation:19666005,safe_new,အမှတ် (၂၁) ရပ်ကွက်,အမှတ် (၂၁) ရပ်ကွက်,quarter,quarter,settlement,16.842892149999997,96.23587137021988,80.00,63d65d899e7c8c6ad6ac869d9824f63e,"{""place"": ""quarter"", ""osm_id"": ""19666005"", ""raw_id"": 48340, ""raw_table"": ""raw_osm_polygons"", ""population"": null, ""external_id"": ""osm:relation:19666005"", ""region_code"": ""MM-YANGON"", ""osm_feature_type"": ""R"", ""snapshot_version"": ""osm_myanmar_2026_07_21_yangon_city_v1"", ""source_snapshot_id"": 9, ""source_classification"": ""settlement""}"
osm:relation:19666004,safe_new,အမှတ် (၆၆) ရပ်ကွက်,အမှတ် (၆၆) ရပ်ကွက်,quarter,quarter,settlement,16.843763850000002,96.2436140613683,80.00,986d45b65a1cbfba6ff8e499ec32df60,"{""place"": ""quarter"", ""osm_id"": ""19666004"", ""raw_id"": 48423, ""raw_table"": ""raw_osm_polygons"", ""population"": null, ""external_id"": ""osm:relation:19666004"", ""region_code"": ""MM-YANGON"", ""osm_feature_type"": ""R"", ""snapshot_version"": ""osm_myanmar_2026_07_21_yangon_city_v1"", ""source_snapshot_id"": 9, ""source_classification"": ""settlement""}"
osm:relation:19669560,safe_new,အမှတ် (၅၈) ရပ်ကွက်,အမှတ် (၅၈) ရပ်ကွက်,quarter,quarter,settlement,16.84167625,96.24820261090673,80.00,d471ac8251906a7f8ef5f03044b76027,"{""place"": ""quarter"", ""osm_id"": ""19669560"", ""raw_id"": 48427, ""raw_table"": ""raw_osm_polygons"", ""population"": null, ""external_id"": ""osm:relation:19669560"", ""region_code"": ""MM-YANGON"", ""osm_feature_type"": ""R"", ""snapshot_version"": ""osm_myanmar_2026_07_21_yangon_city_v1"", ""source_snapshot_id"": 9, ""source_classification"": ""settlement""}"
osm:relation:19666011,safe_new,အမှတ် (၆၅) ရပ်ကွက်,အမှတ် (၆၅) ရပ်ကွက်,quarter,quarter,settlement,16.8330555,96.23831319700469,80.00,cc8888d4d53b23f4de6bdc2112d3c8fd,"{""place"": ""quarter"", ""osm_id"": ""19666011"", ""raw_id"": 48740, ""raw_table"": ""raw_osm_polygons"", ""population"": null, ""external_id"": ""osm:relation:19666011"", ""region_code"": ""MM-YANGON"", ""osm_feature_type"": ""R"", ""snapshot_version"": ""osm_myanmar_2026_07_21_yangon_city_v1"", ""source_snapshot_id"": 9, ""source_classification"": ""settlement""}"
osm:relation:19669571,safe_new,အမှတ် (၆၁) ရပ်ကွက်,အမှတ် (၆၁) ရပ်ကွက်,quarter,quarter,settlement,16.820313,96.24475570129623,80.00,d373f23456d1e41b3aed6e4541e06ff7,"{""place"": ""quarter"", ""osm_id"": ""19669571"", ""raw_id"": 48879, ""raw_table"": ""raw_osm_polygons"", ""population"": null, ""external_id"": ""osm:relation:19669571"", ""region_code"": ""MM-YANGON"", ""osm_feature_type"": ""R"", ""snapshot_version"": ""osm_myanmar_2026_07_21_yangon_city_v1"", ""source_snapshot_id"": 9, ""source_classification"": ""settlement""}"
osm:relation:19666013,safe_new,အမှတ် (၆၂) ရပ်ကွက်,အမှတ် (၆၂) ရပ်ကွက်,quarter,quarter,settlement,16.8223661,96.23676445159803,80.00,b74772ef044398d219d959b0a51f258d,"{""place"": ""quarter"", ""osm_id"": ""19666013"", ""raw_id"": 48934, ""raw_table"": ""raw_osm_polygons"", ""population"": null, ""external_id"": ""osm:relation:19666013"", ""region_code"": ""MM-YANGON"", ""osm_feature_type"": ""R"", ""snapshot_version"": ""osm_myanmar_2026_07_21_yangon_city_v1"", ""source_snapshot_id"": 9, ""source_classification"": ""settlement""}"
osm:relation:19662982,safe_new,နွယ်အေးရပ်ကွက်,နွယ်အေးရပ်ကွက်,quarter,quarter,settlement,16.7958289,96.19263831644591,80.00,a15ae8e55f1cc34bc49377f186bde626,"{""place"": ""quarter"", ""osm_id"": ""19662982"", ""raw_id"": 51868, ""raw_table"": ""raw_osm_polygons"", ""population"": null, ""external_id"": ""osm:relation:19662982"", ""region_code"": ""MM-YANGON"", ""osm_feature_type"": ""R"", ""snapshot_version"": ""osm_myanmar_2026_07_21_yangon_city_v1"", ""source_snapshot_id"": 9, ""source_classification"": ""settlement""}"
osm:relation:19663037,safe_new,အမှတ် (၂) ရပ်ကွက် (မြောက်),အမှတ် (၂) ရပ်ကွက် (မြောက်),quarter,quarter,settlement,16.79269015,96.198159354627,80.00,d349f9bbe580d3a98e13d9b5d64cba16,"{""place"": ""quarter"", ""osm_id"": ""19663037"", ""raw_id"": 51910, ""raw_table"": ""raw_osm_polygons"", ""population"": null, ""external_id"": ""osm:relation:19663037"", ""region_code"": ""MM-YANGON"", ""osm_feature_type"": ""R"", ""snapshot_version"": ""osm_myanmar_2026_07_21_yangon_city_v1"", ""source_snapshot_id"": 9, ""source_classification"": ""settlement""}"
osm:relation:19662971,safe_new,သင်္ဘောကျင်းရပ်ကွက်,သင်္ဘောကျင်းရပ်ကွက်,quarter,quarter,settlement,16.7745023,96.19647815579583,80.00,1387405014fa131d12f5462ccbcb916d,"{""place"": ""quarter"", ""osm_id"": ""19662971"", ""raw_id"": 54793, ""raw_table"": ""raw_osm_polygons"", ""population"": null, ""external_id"": ""osm:relation:19662971"", ""region_code"": ""MM-YANGON"", ""osm_feature_type"": ""R"", ""snapshot_version"": ""osm_myanmar_2026_07_21_yangon_city_v1"", ""source_snapshot_id"": 9, ""source_classification"": ""settlement""}"
osm:relation:19662972,safe_new,ယမုံနာ(၁)ရပ်ကွက်,ယမုံနာ(၁)ရပ်ကွက်,quarter,quarter,settlement,16.777155999999998,96.1902810486419,80.00,465aef85253fa51c8570dba82070f46c,"{""place"": ""quarter"", ""osm_id"": ""19662972"", ""raw_id"": 54860, ""raw_table"": ""raw_osm_polygons"", ""population"": null, ""external_id"": ""osm:relation:19662972"", ""region_code"": ""MM-YANGON"", ""osm_feature_type"": ""R"", ""snapshot_version"": ""osm_myanmar_2026_07_21_yangon_city_v1"", ""source_snapshot_id"": 9, ""source_classification"": ""settlement""}"
osm:relation:19662970,safe_new,ဇေယျာသီရိရပ်ကွက်,ဇေယျာသီရိရပ်ကွက်,quarter,quarter,settlement,16.77837945,96.19236558900548,80.00,ebe85648f71643f494df12b233de96a4,"{""place"": ""quarter"", ""osm_id"": ""19662970"", ""raw_id"": 54866, ""raw_table"": ""raw_osm_polygons"", ""population"": null, ""external_id"": ""osm:relation:19662970"", ""region_code"": ""MM-YANGON"", ""osm_feature_type"": ""R"", ""snapshot_version"": ""osm_myanmar_2026_07_21_yangon_city_v1"", ""source_snapshot_id"": 9, ""source_classification"": ""settlement""}"
osm:relation:19662973,safe_new,ယမုံနာ(၂)ရပ်ကွက်,ယမုံနာ(၂)ရပ်ကွက်,quarter,quarter,settlement,16.779286399999997,96.18593102228706,80.00,511f102d18c3c07bf666eb15ce1db025,"{""place"": ""quarter"", ""osm_id"": ""19662973"", ""raw_id"": 54908, ""raw_table"": ""raw_osm_polygons"", ""population"": null, ""external_id"": ""osm:relation:19662973"", ""region_code"": ""MM-YANGON"", ""osm_feature_type"": ""R"", ""snapshot_version"": ""osm_myanmar_2026_07_21_yangon_city_v1"", ""source_snapshot_id"": 9, ""source_classification"": ""settlement""}"
osm:relation:19662975,safe_new,အောင်ချမ်းသာရပ်ကွက်,အောင်ချမ်းသာရပ်ကွက်,quarter,quarter,settlement,16.77989195,96.18090057223145,80.00,531e12728ebd9456cc309884aa8c4a43,"{""place"": ""quarter"", ""osm_id"": ""19662975"", ""raw_id"": 54914, ""raw_table"": ""raw_osm_polygons"", ""population"": null, ""external_id"": ""osm:relation:19662975"", ""region_code"": ""MM-YANGON"", ""osm_feature_type"": ""R"", ""snapshot_version"": ""osm_myanmar_2026_07_21_yangon_city_v1"", ""source_snapshot_id"": 9, ""source_classification"": ""settlement""}"
osm:relation:19631167,safe_new,အမှတ် (၄) ရပ်ကွက်,အမှတ် (၄) ရပ်ကွက်,quarter,quarter,settlement,16.7755604,96.18214136862046,80.00,e2c7e4192465d83f294ae8552d3da76d,"{""place"": ""quarter"", ""osm_id"": ""19631167"", ""raw_id"": 54929, ""raw_table"": ""raw_osm_polygons"", ""population"": null, ""external_id"": ""osm:relation:19631167"", ""region_code"": ""MM-YANGON"", ""osm_feature_type"": ""R"", ""snapshot_version"": ""osm_myanmar_2026_07_21_yangon_city_v1"", ""source_snapshot_id"": 9, ""source_classification"": ""settlement""}"
osm:relation:19631066,safe_new,အမှတ် (၈) ရပ်ကွက်,အမှတ် (၈) ရပ်ကွက်,quarter,quarter,settlement,16.77417385,96.1637323050311,80.00,3974f5becfb71c2c7cea1ef7bbaba4bc,"{""place"": ""quarter"", ""osm_id"": ""19631066"", ""raw_id"": 56126, ""raw_table"": ""raw_osm_polygons"", ""population"": null, ""external_id"": ""osm:relation:19631066"", ""region_code"": ""MM-YANGON"", ""osm_feature_type"": ""R"", ""snapshot_version"": ""osm_myanmar_2026_07_21_yangon_city_v1"", ""source_snapshot_id"": 9, ""source_classification"": ""settlement""}"
osm:relation:19631067,safe_new,အမှတ် (၇) ရပ်ကွက်,အမှတ် (၇) ရပ်ကွက်,quarter,quarter,settlement,16.774196250000003,96.1631992430178,80.00,7d99aa78d5cd6da51c934c22f1255923,"{""place"": ""quarter"", ""osm_id"": ""19631067"", ""raw_id"": 56129, ""raw_table"": ""raw_osm_polygons"", ""population"": null, ""external_id"": ""osm:relation:19631067"", ""region_code"": ""MM-YANGON"", ""osm_feature_type"": ""R"", ""snapshot_version"": ""osm_myanmar_2026_07_21_yangon_city_v1"", ""source_snapshot_id"": 9, ""source_classification"": ""settlement""}"
osm:relation:19631068,safe_new,အမှတ် (၆) ရပ်ကွက်,အမှတ် (၆) ရပ်ကွက်,quarter,quarter,settlement,16.774217,96.16270761120259,80.00,6eebc6d3100893b1a8a0035a878a0380,"{""place"": ""quarter"", ""osm_id"": ""19631068"", ""raw_id"": 56130, ""raw_table"": ""raw_osm_polygons"", ""population"": null, ""external_id"": ""osm:relation:19631068"", ""region_code"": ""MM-YANGON"", ""osm_feature_type"": ""R"", ""snapshot_version"": ""osm_myanmar_2026_07_21_yangon_city_v1"", ""source_snapshot_id"": 9, ""source_classification"": ""settlement""}"
osm:relation:19631069,safe_new,အမှတ် (၅) ရပ်ကွက်,အမှတ် (၅) ရပ်ကွက်,quarter,quarter,settlement,16.77423035,96.16225209854761,80.00,30bbe24360fea13133345be8fa4aa113,"{""place"": ""quarter"", ""osm_id"": ""19631069"", ""raw_id"": 56131, ""raw_table"": ""raw_osm_polygons"", ""population"": null, ""external_id"": ""osm:relation:19631069"", ""region_code"": ""MM-YANGON"", ""osm_feature_type"": ""R"", ""snapshot_version"": ""osm_myanmar_2026_07_21_yangon_city_v1"", ""source_snapshot_id"": 9, ""source_classification"": ""settlement""}"
osm:relation:19705199,safe_new,မြို့မအပိုင်း (၂) ရပ်ကွက်,မြို့မအပိုင်း (၂) ရပ်ကွက်,quarter,quarter,settlement,16.75622455,96.16393042121973,80.00,5a12503b5a77323d72c8b5f87aa37c7b,"{""place"": ""quarter"", ""osm_id"": ""19705199"", ""raw_id"": 58050, ""raw_table"": ""raw_osm_polygons"", ""population"": null, ""external_id"": ""osm:relation:19705199"", ""region_code"": ""MM-YANGON"", ""osm_feature_type"": ""R"", ""snapshot_version"": ""osm_myanmar_2026_07_21_yangon_city_v1"", ""source_snapshot_id"": 9, ""source_classification"": ""settlement""}"
osm:relation:19705198,safe_new,မြို့မအပိုင်း (၁) ရပ်ကွက်,မြို့မအပိုင်း (၁) ရပ်ကွက်,quarter,quarter,settlement,16.7557971,96.1657639924857,80.00,677180ba634827a2b0eaf755a1b2b25f,"{""place"": ""quarter"", ""osm_id"": ""19705198"", ""raw_id"": 58074, ""raw_table"": ""raw_osm_polygons"", ""population"": null, ""external_id"": ""osm:relation:19705198"", ""region_code"": ""MM-YANGON"", ""osm_feature_type"": ""R"", ""snapshot_version"": ""osm_myanmar_2026_07_21_yangon_city_v1"", ""source_snapshot_id"": 9, ""source_classification"": ""settlement""}"
osm:relation:19705204,safe_new,အောင်မင်္ဂလာရပ်ကွက်,အောင်မင်္ဂလာရပ်ကွက်,quarter,quarter,settlement,16.75930215,96.15820924616415,80.00,69e452291293aecddbeb774cc0a13a0d,"{""place"": ""quarter"", ""osm_id"": ""19705204"", ""raw_id"": 60227, ""raw_table"": ""raw_osm_polygons"", ""population"": null, ""external_id"": ""osm:relation:19705204"", ""region_code"": ""MM-YANGON"", ""osm_feature_type"": ""R"", ""snapshot_version"": ""osm_myanmar_2026_07_21_yangon_city_v1"", ""source_snapshot_id"": 9, ""source_classification"": ""settlement""}"
osm:relation:19705207,safe_new,ကမာကသွယ်ရက်ကွက်,ကမာကသွယ်ရက်ကွက်,quarter,quarter,settlement,16.7600069,96.14891017123146,80.00,bbe57e478c75650a6205172334935cec,"{""place"": ""quarter"", ""osm_id"": ""19705207"", ""raw_id"": 60549, ""raw_table"": ""raw_osm_polygons"", ""population"": null, ""external_id"": ""osm:relation:19705207"", ""region_code"": ""MM-YANGON"", ""osm_feature_type"": ""R"", ""snapshot_version"": ""osm_myanmar_2026_07_21_yangon_city_v1"", ""source_snapshot_id"": 9, ""source_classification"": ""settlement""}"
osm:relation:19705206,safe_new,ဘီအိုင်/အိုင်အက်ဖ်ရပ်ကွက်,ဘီအိုင်/အိုင်အက်ဖ်ရပ်ကွက်,quarter,quarter,settlement,16.760057250000003,96.15341034085634,80.00,65d580decf22b03145329c2a902bdc3a,"{""place"": ""quarter"", ""osm_id"": ""19705206"", ""raw_id"": 60556, ""raw_table"": ""raw_osm_polygons"", ""population"": null, ""external_id"": ""osm:relation:19705206"", ""region_code"": ""MM-YANGON"", ""osm_feature_type"": ""R"", ""snapshot_version"": ""osm_myanmar_2026_07_21_yangon_city_v1"", ""source_snapshot_id"": 9, ""source_classification"": ""settlement""}"
osm:relation:19705205,safe_new,ဗညားဒလရပ်ကွက်,ဗညားဒလရပ်ကွက်,quarter,quarter,settlement,16.75376575,96.15059158082778,80.00,91a4c426db148b9a3140be9e48fcaaf0,"{""place"": ""quarter"", ""osm_id"": ""19705205"", ""raw_id"": 60861, ""raw_table"": ""raw_osm_polygons"", ""population"": null, ""external_id"": ""osm:relation:19705205"", ""region_code"": ""MM-YANGON"", ""osm_feature_type"": ""R"", ""snapshot_version"": ""osm_myanmar_2026_07_21_yangon_city_v1"", ""source_snapshot_id"": 9, ""source_classification"": ""settlement""}"
osm:relation:19705209,safe_new,ဘုရင့်နောင်ရပ်ကွက်,ဘုရင့်နောင်ရပ်ကွက်,quarter,quarter,settlement,16.7532778,96.1460420482812,80.00,7b102f197f159a31a912507d39b43176,"{""place"": ""quarter"", ""osm_id"": ""19705209"", ""raw_id"": 60867, ""raw_table"": ""raw_osm_polygons"", ""population"": null, ""external_id"": ""osm:relation:19705209"", ""region_code"": ""MM-YANGON"", ""osm_feature_type"": ""R"", ""snapshot_version"": ""osm_myanmar_2026_07_21_yangon_city_v1"", ""source_snapshot_id"": 9, ""source_classification"": ""settlement""}"
osm:relation:19705211,safe_new,ကျန်စစ်သားရပ်ကွက်,ကျန်စစ်သားရပ်ကွက်,quarter,quarter,settlement,16.7547613,96.13558563096555,80.00,bf5f69e33dbcd86fdf77dd3f8f1a1792,"{""place"": ""quarter"", ""osm_id"": ""19705211"", ""raw_id"": 61166, ""raw_table"": ""raw_osm_polygons"", ""population"": null, ""external_id"": ""osm:relation:19705211"", ""region_code"": ""MM-YANGON"", ""osm_feature_type"": ""R"", ""snapshot_version"": ""osm_myanmar_2026_07_21_yangon_city_v1"", ""source_snapshot_id"": 9, ""source_classification"": ""settlement""}"
osm:relation:19705215,safe_new,ဆာပါချောင်/ကျောင်းစုရပ်ကွက်,ဆာပါချောင်/ကျောင်းစုရပ်ကွက်,quarter,quarter,settlement,16.75968225,96.12828010692061,80.00,2dbce17cb6c16e5a7b70561c944caf9b,"{""place"": ""quarter"", ""osm_id"": ""19705215"", ""raw_id"": 61171, ""raw_table"": ""raw_osm_polygons"", ""population"": null, ""external_id"": ""osm:relation:19705215"", ""region_code"": ""MM-YANGON"", ""osm_feature_type"": ""R"", ""snapshot_version"": ""osm_myanmar_2026_07_21_yangon_city_v1"", ""source_snapshot_id"": 9, ""source_classification"": ""settlement""}"
osm:relation:19631014,safe_new,အမှတ် (၁) ရပ်ကွက်,အမှတ် (၁) ရပ်ကွက်,quarter,quarter,settlement,16.7733116,96.15395115814455,80.00,7c1e3d49e79945836b2518875adc0741,"{""place"": ""quarter"", ""osm_id"": ""19631014"", ""raw_id"": 61622, ""raw_table"": ""raw_osm_polygons"", ""population"": null, ""external_id"": ""osm:relation:19631014"", ""region_code"": ""MM-YANGON"", ""osm_feature_type"": ""R"", ""snapshot_version"": ""osm_myanmar_2026_07_21_yangon_city_v1"", ""source_snapshot_id"": 9, ""source_classification"": ""settlement""}"
osm:relation:19630962,safe_new,မော်တင်ယာယီဈေးရပ်ကွက်,မော်တင်ယာယီဈေးရပ်ကွက်,quarter,quarter,settlement,16.7741427,96.13998100181115,80.00,1eb6c6deac2bde77ec24bc81c1396379,"{""place"": ""quarter"", ""osm_id"": ""19630962"", ""raw_id"": 62092, ""raw_table"": ""raw_osm_polygons"", ""population"": null, ""external_id"": ""osm:relation:19630962"", ""region_code"": ""MM-YANGON"", ""osm_feature_type"": ""R"", ""snapshot_version"": ""osm_myanmar_2026_07_21_yangon_city_v1"", ""source_snapshot_id"": 9, ""source_classification"": ""settlement""}"
osm:relation:19630967,safe_new,အမှတ် (၃) ရပ်ကွက်,အမှတ် (၃) ရပ်ကွက်,quarter,quarter,settlement,16.7755988,96.14150089268722,80.00,bac61b364680576a2dda8289024b57f1,"{""place"": ""quarter"", ""osm_id"": ""19630967"", ""raw_id"": 62235, ""raw_table"": ""raw_osm_polygons"", ""population"": null, ""external_id"": ""osm:relation:19630967"", ""region_code"": ""MM-YANGON"", ""osm_feature_type"": ""R"", ""snapshot_version"": ""osm_myanmar_2026_07_21_yangon_city_v1"", ""source_snapshot_id"": 9, ""source_classification"": ""settlement""}"
osm:relation:19630966,safe_new,အမှတ် (၄) ရပ်ကွက်,အမှတ် (၄) ရပ်ကွက်,quarter,quarter,settlement,16.775493750000003,96.14290258510704,80.00,9950322e332d47a49064d5a0df2d7856,"{""place"": ""quarter"", ""osm_id"": ""19630966"", ""raw_id"": 62366, ""raw_table"": ""raw_osm_polygons"", ""population"": null, ""external_id"": ""osm:relation:19630966"", ""region_code"": ""MM-YANGON"", ""osm_feature_type"": ""R"", ""snapshot_version"": ""osm_myanmar_2026_07_21_yangon_city_v1"", ""source_snapshot_id"": 9, ""source_classification"": ""settlement""}"
osm:relation:19630993,safe_new,အမှတ် (၁) ရပ်ကွက်,အမှတ် (၁) ရပ်ကွက်,quarter,quarter,settlement,16.7733214,96.14835746624256,80.00,31d01245310cc2629a582f4d6f78e68b,"{""place"": ""quarter"", ""osm_id"": ""19630993"", ""raw_id"": 62992, ""raw_table"": ""raw_osm_polygons"", ""population"": null, ""external_id"": ""osm:relation:19630993"", ""region_code"": ""MM-YANGON"", ""osm_feature_type"": ""R"", ""snapshot_version"": ""osm_myanmar_2026_07_21_yangon_city_v1"", ""source_snapshot_id"": 9, ""source_classification"": ""settlement""}"
osm:relation:19630992,safe_new,အမှတ် (၃) ရပ်ကွက်,အမှတ် (၃) ရပ်ကွက်,quarter,quarter,settlement,16.7734086,96.14979115932631,80.00,8fb172e69eddd77c260845ee819e2f8a,"{""place"": ""quarter"", ""osm_id"": ""19630992"", ""raw_id"": 63030, ""raw_table"": ""raw_osm_polygons"", ""population"": null, ""external_id"": ""osm:relation:19630992"", ""region_code"": ""MM-YANGON"", ""osm_feature_type"": ""R"", ""snapshot_version"": ""osm_myanmar_2026_07_21_yangon_city_v1"", ""source_snapshot_id"": 9, ""source_classification"": ""settlement""}"
osm:relation:19630925,safe_new,ဧရာဝတီရပ်ကွက်,ဧရာဝတီရပ်ကွက်,quarter,quarter,settlement,16.7774187,96.13291176493749,80.00,de52fe1352e16679c12608a31a97da27,"{""place"": ""quarter"", ""osm_id"": ""19630925"", ""raw_id"": 64892, ""raw_table"": ""raw_osm_polygons"", ""population"": null, ""external_id"": ""osm:relation:19630925"", ""region_code"": ""MM-YANGON"", ""osm_feature_type"": ""R"", ""snapshot_version"": ""osm_myanmar_2026_07_21_yangon_city_v1"", ""source_snapshot_id"": 9, ""source_classification"": ""settlement""}"
osm:relation:19630926,safe_new,ဆရာမှတ်ကြီး (အနောက်) ရပ်ကွက် (စောရန်ပိုင်(အနောက်)),ဆရာမှတ်ကြီး (အနောက်) ရပ်ကွက် (စောရန်ပိုင်(အနောက်)),quarter,quarter,settlement,16.78026645,96.12703310113397,80.00,291559d00f3526fa303021bacd24291c,"{""place"": ""quarter"", ""osm_id"": ""19630926"", ""raw_id"": 64897, ""raw_table"": ""raw_osm_polygons"", ""population"": null, ""external_id"": ""osm:relation:19630926"", ""region_code"": ""MM-YANGON"", ""osm_feature_type"": ""R"", ""snapshot_version"": ""osm_myanmar_2026_07_21_yangon_city_v1"", ""source_snapshot_id"": 9, ""source_classification"": ""settlement""}"
osm:relation:19631169,safe_new,အမှတ် (၆) ရပ်ကွက်,အမှတ် (၆) ရပ်ကွက်,quarter,quarter,settlement,16.78156945,96.17562150546112,80.00,69cec29ec29a826d49ade63ce7bf0631,"{""place"": ""quarter"", ""osm_id"": ""19631169"", ""raw_id"": 67547, ""raw_table"": ""raw_osm_polygons"", ""population"": null, ""external_id"": ""osm:relation:19631169"", ""region_code"": ""MM-YANGON"", ""osm_feature_type"": ""R"", ""snapshot_version"": ""osm_myanmar_2026_07_21_yangon_city_v1"", ""source_snapshot_id"": 9, ""source_classification"": ""settlement""}"
osm:relation:19631142,safe_new,ကျီတော်ရပ်ကွက်,ကျီတော်ရပ်ကွက်,quarter,quarter,settlement,16.784688,96.17417052276338,80.00,684f555296fffb822ebe79036ea1d62d,"{""place"": ""quarter"", ""osm_id"": ""19631142"", ""raw_id"": 67562, ""raw_table"": ""raw_osm_polygons"", ""population"": null, ""external_id"": ""osm:relation:19631142"", ""region_code"": ""MM-YANGON"", ""osm_feature_type"": ""R"", ""snapshot_version"": ""osm_myanmar_2026_07_21_yangon_city_v1"", ""source_snapshot_id"": 9, ""source_classification"": ""settlement""}"
osm:relation:19631141,safe_new,တောင်လုံးပြန်ရပ်ကွက်,တောင်လုံးပြန်ရပ်ကွက်,quarter,quarter,settlement,16.78497695,96.17641632212585,80.00,3607ea78c755cf2aa92bc7992835042d,"{""place"": ""quarter"", ""osm_id"": ""19631141"", ""raw_id"": 67565, ""raw_table"": ""raw_osm_polygons"", ""population"": null, ""external_id"": ""osm:relation:19631141"", ""region_code"": ""MM-YANGON"", ""osm_feature_type"": ""R"", ""snapshot_version"": ""osm_myanmar_2026_07_21_yangon_city_v1"", ""source_snapshot_id"": 9, ""source_classification"": ""settlement""}"
osm:relation:19662976,safe_new,ဝါဆိုရပ်ကွက်,ဝါဆိုရပ်ကွက်,quarter,quarter,settlement,16.78131295,96.18051009670776,80.00,c77cf6a900a13b7cb1b8c4fc93117da6,"{""place"": ""quarter"", ""osm_id"": ""19662976"", ""raw_id"": 67575, ""raw_table"": ""raw_osm_polygons"", ""population"": null, ""external_id"": ""osm:relation:19662976"", ""region_code"": ""MM-YANGON"", ""osm_feature_type"": ""R"", ""snapshot_version"": ""osm_myanmar_2026_07_21_yangon_city_v1"", ""source_snapshot_id"": 9, ""source_classification"": ""settlement""}"
osm:relation:19662979,safe_new,မြို့သစ်ရပ်ကွက်,မြို့သစ်ရပ်ကွက်,quarter,quarter,settlement,16.7841852,96.18757693503692,80.00,c065de909cff29aa5c130e5616a7a443,"{""place"": ""quarter"", ""osm_id"": ""19662979"", ""raw_id"": 67582, ""raw_table"": ""raw_osm_polygons"", ""population"": null, ""external_id"": ""osm:relation:19662979"", ""region_code"": ""MM-YANGON"", ""osm_feature_type"": ""R"", ""snapshot_version"": ""osm_myanmar_2026_07_21_yangon_city_v1"", ""source_snapshot_id"": 9, ""source_classification"": ""settlement""}"
osm:relation:19662978,safe_new,ဆေးစက်ရပ်ကွက်,ဆေးစက်ရပ်ကွက်,quarter,quarter,settlement,16.7846203,96.1826931774147,80.00,47ac3f5eba13a830dfcf2ca1f81106a7,"{""place"": ""quarter"", ""osm_id"": ""19662978"", ""raw_id"": 67586, ""raw_table"": ""raw_osm_polygons"", ""population"": null, ""external_id"": ""osm:relation:19662978"", ""region_code"": ""MM-YANGON"", ""osm_feature_type"": ""R"", ""snapshot_version"": ""osm_myanmar_2026_07_21_yangon_city_v1"", ""source_snapshot_id"": 9, ""source_classification"": ""settlement""}"
osm:relation:19662980,safe_new,ကြည်စုရပ်ကွက်,ကြည်စုရပ်ကွက်,quarter,quarter,settlement,16.78591805,96.1866514897574,80.00,bca4961f5cc5c5d7e8ceb4e604908558,"{""place"": ""quarter"", ""osm_id"": ""19662980"", ""raw_id"": 67592, ""raw_table"": ""raw_osm_polygons"", ""population"": null, ""external_id"": ""osm:relation:19662980"", ""region_code"": ""MM-YANGON"", ""osm_feature_type"": ""R"", ""snapshot_version"": ""osm_myanmar_2026_07_21_yangon_city_v1"", ""source_snapshot_id"": 9, ""source_classification"": ""settlement""}"
osm:relation:19631143,safe_new,မင်္ဂလာတောင်ညွှန့်ရပ်ကွက်,မင်္ဂလာတောင်ညွှန့်ရပ်ကွက်,quarter,quarter,settlement,16.78681425,96.17311754652931,80.00,ab823312b957b7369003f1f7e61ff6ca,"{""place"": ""quarter"", ""osm_id"": ""19631143"", ""raw_id"": 67618, ""raw_table"": ""raw_osm_polygons"", ""population"": null, ""external_id"": ""osm:relation:19631143"", ""region_code"": ""MM-YANGON"", ""osm_feature_type"": ""R"", ""snapshot_version"": ""osm_myanmar_2026_07_21_yangon_city_v1"", ""source_snapshot_id"": 9, ""source_classification"": ""settlement""}"
osm:relation:19631136,safe_new,မလွှကုန်းမီးရထားရပ်ကွက်,မလွှကုန်းမီးရထားရပ်ကွက်,quarter,quarter,settlement,16.79655075,96.18246348429199,80.00,70487dfce76a59a582135852df9b97ca,"{""place"": ""quarter"", ""osm_id"": ""19631136"", ""raw_id"": 67943, ""raw_table"": ""raw_osm_polygons"", ""population"": null, ""external_id"": ""osm:relation:19631136"", ""region_code"": ""MM-YANGON"", ""osm_feature_type"": ""R"", ""snapshot_version"": ""osm_myanmar_2026_07_21_yangon_city_v1"", ""source_snapshot_id"": 9, ""source_classification"": ""settlement""}"
osm:relation:19659188,safe_new,ဘိုလိန်းအောင်မင်္ဂလာရပ်ကွက်,ဘိုလိန်းအောင်မင်္ဂလာရပ်ကွက်,quarter,quarter,settlement,16.79649885,96.17853373191977,80.00,7980bde465eb72adac3e827b1bf4bd35,"{""place"": ""quarter"", ""osm_id"": ""19659188"", ""raw_id"": 67946, ""raw_table"": ""raw_osm_polygons"", ""population"": null, ""external_id"": ""osm:relation:19659188"", ""region_code"": ""MM-YANGON"", ""osm_feature_type"": ""R"", ""snapshot_version"": ""osm_myanmar_2026_07_21_yangon_city_v1"", ""source_snapshot_id"": 9, ""source_classification"": ""settlement""}"
osm:relation:19631137,safe_new,ပုသိမ်ညွှန့်ရပ်ကွက်,ပုသိမ်ညွှန့်ရပ်ကွက်,quarter,quarter,settlement,16.8029321,96.18474730054871,80.00,3007b1705c640d9a10cb74241f84e223,"{""place"": ""quarter"", ""osm_id"": ""19631137"", ""raw_id"": 68614, ""raw_table"": ""raw_osm_polygons"", ""population"": null, ""external_id"": ""osm:relation:19631137"", ""region_code"": ""MM-YANGON"", ""osm_feature_type"": ""R"", ""snapshot_version"": ""osm_myanmar_2026_07_21_yangon_city_v1"", ""source_snapshot_id"": 9, ""source_classification"": ""settlement""}"
osm:relation:19659180,safe_new,ပုသိမ်ညွှန့်ရပ်ကွက်,ပုသိမ်ညွှန့်ရပ်ကွက်,quarter,quarter,settlement,16.804444750000002,96.18052986669036,80.00,9608a11ed433252638616d2901864659,"{""place"": ""quarter"", ""osm_id"": ""19659180"", ""raw_id"": 68620, ""raw_table"": ""raw_osm_polygons"", ""population"": null, ""external_id"": ""osm:relation:19659180"", ""region_code"": ""MM-YANGON"", ""osm_feature_type"": ""R"", ""snapshot_version"": ""osm_myanmar_2026_07_21_yangon_city_v1"", ""source_snapshot_id"": 9, ""source_classification"": ""settlement""}"
osm:relation:19659179,safe_new,ကျားကွက်သစ်ရပ်ကွက်,ကျားကွက်သစ်ရပ်ကွက်,quarter,quarter,settlement,16.80453265,96.1774210989388,80.00,4711fed85cc6f141edf7944690522f06,"{""place"": ""quarter"", ""osm_id"": ""19659179"", ""raw_id"": 68673, ""raw_table"": ""raw_osm_polygons"", ""population"": null, ""external_id"": ""osm:relation:19659179"", ""region_code"": ""MM-YANGON"", ""osm_feature_type"": ""R"", ""snapshot_version"": ""osm_myanmar_2026_07_21_yangon_city_v1"", ""source_snapshot_id"": 9, ""source_classification"": ""settlement""}"
osm:relation:19659181,safe_new,ကျောက်မြောင်း (အရှေ့) ရပ်ကွက်,ကျောက်မြောင်း (အရှေ့) ရပ်ကွက်,quarter,quarter,settlement,16.801930249999998,96.17937360876113,80.00,257c363898b44363555d693b0bcb31a4,"{""place"": ""quarter"", ""osm_id"": ""19659181"", ""raw_id"": 68746, ""raw_table"": ""raw_osm_polygons"", ""population"": null, ""external_id"": ""osm:relation:19659181"", ""region_code"": ""MM-YANGON"", ""osm_feature_type"": ""R"", ""snapshot_version"": ""osm_myanmar_2026_07_21_yangon_city_v1"", ""source_snapshot_id"": 9, ""source_classification"": ""settlement""}"
osm:relation:19658943,safe_new,မကျည်းတန်း (တောင်/အရှေ့) ရပ်ကွက်,မကျည်းတန်း (တောင်/အရှေ့) ရပ်ကွက်,quarter,quarter,settlement,16.81057165,96.12414033898386,80.00,ec2c934aa81921c0471af59c60f57c83,"{""place"": ""quarter"", ""osm_id"": ""19658943"", ""raw_id"": 73912, ""raw_table"": ""raw_osm_polygons"", ""population"": null, ""external_id"": ""osm:relation:19658943"", ""region_code"": ""MM-YANGON"", ""osm_feature_type"": ""R"", ""snapshot_version"": ""osm_myanmar_2026_07_21_yangon_city_v1"", ""source_snapshot_id"": 9, ""source_classification"": ""settlement""}"
osm:relation:19658947,safe_new,ဈေးကလေးရပ်ကွက်,ဈေးကလေးရပ်ကွက်,quarter,quarter,settlement,16.80238165,96.12183048294312,80.00,4aee6a19fb19b521ce2865a382771ffd,"{""place"": ""quarter"", ""osm_id"": ""19658947"", ""raw_id"": 74525, ""raw_table"": ""raw_osm_polygons"", ""population"": null, ""external_id"": ""osm:relation:19658947"", ""region_code"": ""MM-YANGON"", ""osm_feature_type"": ""R"", ""snapshot_version"": ""osm_myanmar_2026_07_21_yangon_city_v1"", ""source_snapshot_id"": 9, ""source_classification"": ""settlement""}"
osm:relation:19658948,safe_new,ဘော်ကာရပ်ကွက် (ဘောဂရပ်ကွက်),ဘော်ကာရပ်ကွက် (ဘောဂရပ်ကွက်),quarter,quarter,settlement,16.802056649999997,96.12424562088194,80.00,d7361071c5b51c16ad00ba6d4f3d02b6,"{""place"": ""quarter"", ""osm_id"": ""19658948"", ""raw_id"": 74539, ""raw_table"": ""raw_osm_polygons"", ""population"": null, ""external_id"": ""osm:relation:19658948"", ""region_code"": ""MM-YANGON"", ""osm_feature_type"": ""R"", ""snapshot_version"": ""osm_myanmar_2026_07_21_yangon_city_v1"", ""source_snapshot_id"": 9, ""source_classification"": ""settlement""}"
osm:relation:19658949,safe_new,ချင်းချောင်းဟုမ်းလမ်းရပ်ကွက် (ပန်းလှိုင်ရပ်ကွက်),ချင်းချောင်းဟုမ်းလမ်းရပ်ကွက် (ပန်းလှိုင်ရပ်ကွက်),quarter,quarter,settlement,16.79928685,96.12424134956737,80.00,c12276fd367309a4b0fdb7941cfcacc6,"{""place"": ""quarter"", ""osm_id"": ""19658949"", ""raw_id"": 74572, ""raw_table"": ""raw_osm_polygons"", ""population"": null, ""external_id"": ""osm:relation:19658949"", ""region_code"": ""MM-YANGON"", ""osm_feature_type"": ""R"", ""snapshot_version"": ""osm_myanmar_2026_07_21_yangon_city_v1"", ""source_snapshot_id"": 9, ""source_classification"": ""settlement""}"
osm:relation:19658934,safe_new,ဆိပ်ကြီးဦးမြငါးစင်ရပ်ကွက်,ဆိပ်ကြီးဦးမြငါးစင်ရပ်ကွက်,quarter,quarter,settlement,16.80248545,96.11320420361841,80.00,7ea983d4fa69ac94b0d853354128ca4b,"{""place"": ""quarter"", ""osm_id"": ""19658934"", ""raw_id"": 74655, ""raw_table"": ""raw_osm_polygons"", ""population"": null, ""external_id"": ""osm:relation:19658934"", ""region_code"": ""MM-YANGON"", ""osm_feature_type"": ""R"", ""snapshot_version"": ""osm_myanmar_2026_07_21_yangon_city_v1"", ""source_snapshot_id"": 9, ""source_classification"": ""settlement""}"
osm:relation:19658935,safe_new,သီတာရပ်ကွက်,သီတာရပ်ကွက်,quarter,quarter,settlement,16.79204815,96.11141315901543,80.00,46dfe3c1f31c4a485dfc5b7cad5d5bd6,"{""place"": ""quarter"", ""osm_id"": ""19658935"", ""raw_id"": 74680, ""raw_table"": ""raw_osm_polygons"", ""population"": null, ""external_id"": ""osm:relation:19658935"", ""region_code"": ""MM-YANGON"", ""osm_feature_type"": ""R"", ""snapshot_version"": ""osm_myanmar_2026_07_21_yangon_city_v1"", ""source_snapshot_id"": 9, ""source_classification"": ""settlement""}"
osm:relation:19658951,safe_new,ဝါးရုံဆိပ်/အေးရွာ (အနောက်ရပ်ကွက်),ဝါးရုံဆိပ်/အေးရွာ (အနောက်ရပ်ကွက်),quarter,quarter,settlement,16.796146399999998,96.12522588561356,80.00,d27787f64a5fb362166db0c8520d56a9,"{""place"": ""quarter"", ""osm_id"": ""19658951"", ""raw_id"": 74708, ""raw_table"": ""raw_osm_polygons"", ""population"": null, ""external_id"": ""osm:relation:19658951"", ""region_code"": ""MM-YANGON"", ""osm_feature_type"": ""R"", ""snapshot_version"": ""osm_myanmar_2026_07_21_yangon_city_v1"", ""source_snapshot_id"": 9, ""source_classification"": ""settlement""}"
osm:relation:19630934,safe_new,ဂဠုန်ရပ်ကွက်,ဂဠုန်ရပ်ကွက်,quarter,quarter,settlement,16.79292425,96.12416389015141,80.00,f5983779a20d1a68ab995a2be4b9e11a,"{""place"": ""quarter"", ""osm_id"": ""19630934"", ""raw_id"": 74898, ""raw_table"": ""raw_osm_polygons"", ""population"": null, ""external_id"": ""osm:relation:19630934"", ""region_code"": ""MM-YANGON"", ""osm_feature_type"": ""R"", ""snapshot_version"": ""osm_myanmar_2026_07_21_yangon_city_v1"", ""source_snapshot_id"": 9, ""source_classification"": ""settlement""}"
osm:relation:19630929,safe_new,သစ်တောရပ်ကွက်,သစ်တောရပ်ကွက်,quarter,quarter,settlement,16.784058549999997,96.12407897268302,80.00,5b0bf3a4954673dc4f5838e945dac6a5,"{""place"": ""quarter"", ""osm_id"": ""19630929"", ""raw_id"": 75121, ""raw_table"": ""raw_osm_polygons"", ""population"": null, ""external_id"": ""osm:relation:19630929"", ""region_code"": ""MM-YANGON"", ""osm_feature_type"": ""R"", ""snapshot_version"": ""osm_myanmar_2026_07_21_yangon_city_v1"", ""source_snapshot_id"": 9, ""source_classification"": ""settlement""}"
osm:relation:19705177,safe_new,ချောင်းဝိုင်းလေးရပ်ကွက်,ချောင်းဝိုင်းလေးရပ်ကွက်,quarter,quarter,settlement,16.7792149,96.11107986567568,80.00,eafc8a5727d54710fefec56049c9fbef,"{""place"": ""quarter"", ""osm_id"": ""19705177"", ""raw_id"": 75124, ""raw_table"": ""raw_osm_polygons"", ""population"": null, ""external_id"": ""osm:relation:19705177"", ""region_code"": ""MM-YANGON"", ""osm_feature_type"": ""R"", ""snapshot_version"": ""osm_myanmar_2026_07_21_yangon_city_v1"", ""source_snapshot_id"": 9, ""source_classification"": ""settlement""}"
osm:relation:19705176,safe_new,အမှတ် (၅/၆/၇) ရပ်ကွက်,အမှတ် (၅/၆/၇) ရပ်ကွက်,quarter,quarter,settlement,16.76681995,96.1237122712282,80.00,c95e98d990b3083a763eeb3633e73c39,"{""place"": ""quarter"", ""osm_id"": ""19705176"", ""raw_id"": 75135, ""raw_table"": ""raw_osm_polygons"", ""population"": null, ""external_id"": ""osm:relation:19705176"", ""region_code"": ""MM-YANGON"", ""osm_feature_type"": ""R"", ""snapshot_version"": ""osm_myanmar_2026_07_21_yangon_city_v1"", ""source_snapshot_id"": 9, ""source_classification"": ""settlement""}"
osm:relation:19705170,safe_new,ဆိပ်ကြီး (အနောက်) ရပ်ကွက်,ဆိပ်ကြီး (အနောက်) ရပ်ကွက်,quarter,quarter,settlement,16.760518249999997,96.1145586182659,80.00,e2b310e65027702e883da89cfdd075f5,"{""place"": ""quarter"", ""osm_id"": ""19705170"", ""raw_id"": 75139, ""raw_table"": ""raw_osm_polygons"", ""population"": null, ""external_id"": ""osm:relation:19705170"", ""region_code"": ""MM-YANGON"", ""osm_feature_type"": ""R"", ""snapshot_version"": ""osm_myanmar_2026_07_21_yangon_city_v1"", ""source_snapshot_id"": 9, ""source_classification"": ""settlement""}"
osm:relation:19705175,safe_new,ပန်းပင်ချောင်ရပ်ကွက်,ပန်းပင်ချောင်ရပ်ကွက်,quarter,quarter,settlement,16.763198950000003,96.1031711755743,80.00,8672c4a14ef9de3113e3dfffc350b4b9,"{""place"": ""quarter"", ""osm_id"": ""19705175"", ""raw_id"": 75351, ""raw_table"": ""raw_osm_polygons"", ""population"": null, ""external_id"": ""osm:relation:19705175"", ""region_code"": ""MM-YANGON"", ""osm_feature_type"": ""R"", ""snapshot_version"": ""osm_myanmar_2026_07_21_yangon_city_v1"", ""source_snapshot_id"": 9, ""source_classification"": ""settlement""}"
osm:relation:19705174,safe_new,ဦးထွန်းအိုရပ်ကွက်,ဦးထွန်းအိုရပ်ကွက်,quarter,quarter,settlement,16.763873,96.09377460581044,80.00,2184abb7b837b9525eaee7d10f26c7cb,"{""place"": ""quarter"", ""osm_id"": ""19705174"", ""raw_id"": 75363, ""raw_table"": ""raw_osm_polygons"", ""population"": null, ""external_id"": ""osm:relation:19705174"", ""region_code"": ""MM-YANGON"", ""osm_feature_type"": ""R"", ""snapshot_version"": ""osm_myanmar_2026_07_21_yangon_city_v1"", ""source_snapshot_id"": 9, ""source_classification"": ""settlement""}"
osm:relation:19658932,safe_new,အေးရွာဘလုတ်ညွန့်စက်ကလေးရပ်ကွက်,အေးရွာဘလုတ်ညွန့်စက်ကလေးရပ်ကွက်,quarter,quarter,settlement,16.81436255,96.11145242290235,80.00,02da7b40bf950b08a790722157af09cd,"{""place"": ""quarter"", ""osm_id"": ""19658932"", ""raw_id"": 75372, ""raw_table"": ""raw_osm_polygons"", ""population"": null, ""external_id"": ""osm:relation:19658932"", ""region_code"": ""MM-YANGON"", ""osm_feature_type"": ""R"", ""snapshot_version"": ""osm_myanmar_2026_07_21_yangon_city_v1"", ""source_snapshot_id"": 9, ""source_classification"": ""settlement""}"
osm:relation:19658941,safe_new,မကျည်းတန်း (မြောက်/အရှေ့) ရပ်ကွက်,မကျည်းတန်း (မြောက်/အရှေ့) ရပ်ကွက်,quarter,quarter,settlement,16.81324465,96.12410580996182,80.00,469f1e42af5a98fdc07218c85bdde39a,"{""place"": ""quarter"", ""osm_id"": ""19658941"", ""raw_id"": 75464, ""raw_table"": ""raw_osm_polygons"", ""population"": null, ""external_id"": ""osm:relation:19658941"", ""region_code"": ""MM-YANGON"", ""osm_feature_type"": ""R"", ""snapshot_version"": ""osm_myanmar_2026_07_21_yangon_city_v1"", ""source_snapshot_id"": 9, ""source_classification"": ""settlement""}"
osm:relation:19659247,safe_new,အမှတ် (၂) ရပ်ကွက်,အမှတ် (၂) ရပ်ကွက်,quarter,quarter,settlement,16.8341878,96.11992258347075,80.00,8ef9afed92cf00f3cf36a3569794fe34,"{""place"": ""quarter"", ""osm_id"": ""19659247"", ""raw_id"": 76424, ""raw_table"": ""raw_osm_polygons"", ""population"": null, ""external_id"": ""osm:relation:19659247"", ""region_code"": ""MM-YANGON"", ""osm_feature_type"": ""R"", ""snapshot_version"": ""osm_myanmar_2026_07_21_yangon_city_v1"", ""source_snapshot_id"": 9, ""source_classification"": ""settlement""}"
osm:relation:19659241,safe_new,အမှတ် (၃) ရပ်ကွက်,အမှတ် (၃) ရပ်ကွက်,quarter,quarter,settlement,16.835087299999998,96.11470243855732,80.00,74801ed55b3484a4db37c4570bfe684c,"{""place"": ""quarter"", ""osm_id"": ""19659241"", ""raw_id"": 76425, ""raw_table"": ""raw_osm_polygons"", ""population"": null, ""external_id"": ""osm:relation:19659241"", ""region_code"": ""MM-YANGON"", ""osm_feature_type"": ""R"", ""snapshot_version"": ""osm_myanmar_2026_07_21_yangon_city_v1"", ""source_snapshot_id"": 9, ""source_classification"": ""settlement""}"
osm:relation:19659238,safe_new,အမှတ် (၆) ရပ်ကွက်,အမှတ် (၆) ရပ်ကွက်,quarter,quarter,settlement,16.8386681,96.12415798371393,80.00,460155418ffc9b387cc30f0f2da2676a,"{""place"": ""quarter"", ""osm_id"": ""19659238"", ""raw_id"": 76442, ""raw_table"": ""raw_osm_polygons"", ""population"": null, ""external_id"": ""osm:relation:19659238"", ""region_code"": ""MM-YANGON"", ""osm_feature_type"": ""R"", ""snapshot_version"": ""osm_myanmar_2026_07_21_yangon_city_v1"", ""source_snapshot_id"": 9, ""source_classification"": ""settlement""}"
osm:relation:19659239,safe_new,အမှတ် (၅) ရပ်ကွက်,အမှတ် (၅) ရပ်ကွက်,quarter,quarter,settlement,16.84245585,96.11797873332496,80.00,c8514e90fac1f563751b3b331b65820f,"{""place"": ""quarter"", ""osm_id"": ""19659239"", ""raw_id"": 76448, ""raw_table"": ""raw_osm_polygons"", ""population"": null, ""external_id"": ""osm:relation:19659239"", ""region_code"": ""MM-YANGON"", ""osm_feature_type"": ""R"", ""snapshot_version"": ""osm_myanmar_2026_07_21_yangon_city_v1"", ""source_snapshot_id"": 9, ""source_classification"": ""settlement""}"
osm:relation:19659240,safe_new,အမှတ် (၄) ရပ်ကွက်,အမှတ် (၄) ရပ်ကွက်,quarter,quarter,settlement,16.84171965,96.11167943120505,80.00,c80bcfc764f8bbd0e9d482630324fc88,"{""place"": ""quarter"", ""osm_id"": ""19659240"", ""raw_id"": 76449, ""raw_table"": ""raw_osm_polygons"", ""population"": null, ""external_id"": ""osm:relation:19659240"", ""region_code"": ""MM-YANGON"", ""osm_feature_type"": ""R"", ""snapshot_version"": ""osm_myanmar_2026_07_21_yangon_city_v1"", ""source_snapshot_id"": 9, ""source_classification"": ""settlement""}"
osm:way:423495295,safe_new,ပန်းလှိုင်အဆင့်မြင့်အိမ်ယာ,ပန်းလှိုင်အဆင့်မြင့်အိမ်ယာ,neighbourhood,neighbourhood,settlement,16.8365609,96.09830907462339,80.00,34adc93c4e57c196be461aee506961e9,"{""place"": ""neighbourhood"", ""osm_id"": ""423495295"", ""raw_id"": 76458, ""raw_table"": ""raw_osm_polygons"", ""population"": null, ""external_id"": ""osm:way:423495295"", ""region_code"": ""MM-YANGON"", ""osm_feature_type"": ""W"", ""snapshot_version"": ""osm_myanmar_2026_07_21_yangon_city_v1"", ""source_snapshot_id"": 9, ""source_classification"": ""settlement""}"
osm:relation:19669763,safe_new,မြို့သစ် (ဂ) ရပ်ကွက်,မြို့သစ် (ဂ) ရပ်ကွက်,quarter,quarter,settlement,16.867124099999998,96.1016326392836,80.00,1125c6cbbc3e5abb89e2c5c1ab44ec4c,"{""place"": ""quarter"", ""osm_id"": ""19669763"", ""raw_id"": 79351, ""raw_table"": ""raw_osm_polygons"", ""population"": null, ""external_id"": ""osm:relation:19669763"", ""region_code"": ""MM-YANGON"", ""osm_feature_type"": ""R"", ""snapshot_version"": ""osm_myanmar_2026_07_21_yangon_city_v1"", ""source_snapshot_id"": 9, ""source_classification"": ""settlement""}"
osm:relation:19659706,safe_new,အမှတ် (၁) ရပ်ကွက် (သမိုင်းဘူတာအနောက်),အမှတ် (၁) ရပ်ကွက် (သမိုင်းဘူတာအနောက်),quarter,quarter,settlement,16.8625591,96.10550218048256,80.00,bf5aedfc5f52e4ecd72fd6e9d8ac5fc7,"{""place"": ""quarter"", ""osm_id"": ""19659706"", ""raw_id"": 79353, ""raw_table"": ""raw_osm_polygons"", ""population"": null, ""external_id"": ""osm:relation:19659706"", ""region_code"": ""MM-YANGON"", ""osm_feature_type"": ""R"", ""snapshot_version"": ""osm_myanmar_2026_07_21_yangon_city_v1"", ""source_snapshot_id"": 9, ""source_classification"": ""settlement""}"
osm:relation:19669762,safe_new,ကြို့ကုန်း (အနောက်) ရပ်ကွက်,ကြို့ကုန်း (အနောက်) ရပ်ကွက်,quarter,quarter,settlement,16.87275005,96.11173590769855,80.00,97d08e2da8d4f6df0a98c7d66697e2d3,"{""place"": ""quarter"", ""osm_id"": ""19669762"", ""raw_id"": 79682, ""raw_table"": ""raw_osm_polygons"", ""population"": null, ""external_id"": ""osm:relation:19669762"", ""region_code"": ""MM-YANGON"", ""osm_feature_type"": ""R"", ""snapshot_version"": ""osm_myanmar_2026_07_21_yangon_city_v1"", ""source_snapshot_id"": 9, ""source_classification"": ""settlement""}"
osm:relation:19672593,safe_new,အမှတ် (၄) ရပ်ကွက်,အမှတ် (၄) ရပ်ကွက်,quarter,quarter,settlement,16.86595595,96.08719167411395,80.00,7a1a40aee67f515e70910dadf192ab39,"{""place"": ""quarter"", ""osm_id"": ""19672593"", ""raw_id"": 80094, ""raw_table"": ""raw_osm_polygons"", ""population"": null, ""external_id"": ""osm:relation:19672593"", ""region_code"": ""MM-YANGON"", ""osm_feature_type"": ""R"", ""snapshot_version"": ""osm_myanmar_2026_07_21_yangon_city_v1"", ""source_snapshot_id"": 9, ""source_classification"": ""settlement""}"
osm:way:422936834,safe_new,ပဒေသာပင် မြို့တော်,ပဒေသာပင် မြို့တော်,neighbourhood,neighbourhood,settlement,16.86394535,96.08712448241724,80.00,229ad339b8442ad0f7636fafada13beb,"{""place"": ""neighbourhood"", ""osm_id"": ""422936834"", ""raw_id"": 80147, ""raw_table"": ""raw_osm_polygons"", ""population"": null, ""external_id"": ""osm:way:422936834"", ""region_code"": ""MM-YANGON"", ""osm_feature_type"": ""W"", ""snapshot_version"": ""osm_myanmar_2026_07_21_yangon_city_v1"", ""source_snapshot_id"": 9, ""source_classification"": ""settlement""}"
osm:way:421636684,safe_new,Nawaday Garden Housing Estate,Nawaday Garden Housing Estate,neighbourhood,neighbourhood,settlement,16.8677523,96.06869478730673,80.00,c5fd4c1fe84c7352041692dfb12bac98,"{""place"": ""neighbourhood"", ""osm_id"": ""421636684"", ""raw_id"": 81568, ""raw_table"": ""raw_osm_polygons"", ""population"": null, ""external_id"": ""osm:way:421636684"", ""region_code"": ""MM-YANGON"", ""osm_feature_type"": ""W"", ""snapshot_version"": ""osm_myanmar_2026_07_21_yangon_city_v1"", ""source_snapshot_id"": 9, ""source_classification"": ""settlement""}"
osm:relation:19672589,safe_new,အမှတ် (၃) ရပ်ကွက်,အမှတ် (၃) ရပ်ကွက်,quarter,quarter,settlement,16.87479185,96.07712327874077,80.00,63847db037783e380b8cf1a6f4a21b8b,"{""place"": ""quarter"", ""osm_id"": ""19672589"", ""raw_id"": 81576, ""raw_table"": ""raw_osm_polygons"", ""population"": null, ""external_id"": ""osm:relation:19672589"", ""region_code"": ""MM-YANGON"", ""osm_feature_type"": ""R"", ""snapshot_version"": ""osm_myanmar_2026_07_21_yangon_city_v1"", ""source_snapshot_id"": 9, ""source_classification"": ""settlement""}"
osm:relation:19672585,safe_new,အမှတ် (၁၅) ရပ်ကွက်,အမှတ် (၁၅) ရပ်ကွက်,quarter,quarter,settlement,16.8885766,96.06607672902278,80.00,95d8eb79a8611c490d5c029b082dbb67,"{""place"": ""quarter"", ""osm_id"": ""19672585"", ""raw_id"": 85924, ""raw_table"": ""raw_osm_polygons"", ""population"": null, ""external_id"": ""osm:relation:19672585"", ""region_code"": ""MM-YANGON"", ""osm_feature_type"": ""R"", ""snapshot_version"": ""osm_myanmar_2026_07_21_yangon_city_v1"", ""source_snapshot_id"": 9, ""source_classification"": ""settlement""}"
osm:relation:19669754,safe_new,ပေါက်တောရပ်ကွက်,ပေါက်တောရပ်ကွက်,quarter,quarter,settlement,16.8842988,96.09963776414293,80.00,dee15124d3fa8ba4c4d7d4984515cf92,"{""place"": ""quarter"", ""osm_id"": ""19669754"", ""raw_id"": 86827, ""raw_table"": ""raw_osm_polygons"", ""population"": null, ""external_id"": ""osm:relation:19669754"", ""region_code"": ""MM-YANGON"", ""osm_feature_type"": ""R"", ""snapshot_version"": ""osm_myanmar_2026_07_21_yangon_city_v1"", ""source_snapshot_id"": 9, ""source_classification"": ""settlement""}"
osm:relation:19659701,safe_new,အမှတ် (၅) ရပ်ကွက် (စိန်ပန်းမြိုင်၊ ကိုးမိုင်),အမှတ် (၅) ရပ်ကွက် (စိန်ပန်းမြိုင်၊ ကိုးမိုင်),quarter,quarter,settlement,16.8798022,96.14493022512646,80.00,23956715b6e1ee8b2ea2af9e88f0c6b9,"{""place"": ""quarter"", ""osm_id"": ""19659701"", ""raw_id"": 87744, ""raw_table"": ""raw_osm_polygons"", ""population"": null, ""external_id"": ""osm:relation:19659701"", ""region_code"": ""MM-YANGON"", ""osm_feature_type"": ""R"", ""snapshot_version"": ""osm_myanmar_2026_07_21_yangon_city_v1"", ""source_snapshot_id"": 9, ""source_classification"": ""settlement""}"
osm:relation:19670067,safe_new,ကျောက်ရေတွင်းရပ်ကွက်,ကျောက်ရေတွင်းရပ်ကွက်,quarter,quarter,settlement,16.88716795,96.1530973740361,80.00,59ae69a8a7bc75903185ff2c6045f49e,"{""place"": ""quarter"", ""osm_id"": ""19670067"", ""raw_id"": 88040, ""raw_table"": ""raw_osm_polygons"", ""population"": null, ""external_id"": ""osm:relation:19670067"", ""region_code"": ""MM-YANGON"", ""osm_feature_type"": ""R"", ""snapshot_version"": ""osm_myanmar_2026_07_21_yangon_city_v1"", ""source_snapshot_id"": 9, ""source_classification"": ""settlement""}"
osm:relation:19666085,safe_new,အမှတ် (၄၀) ရပ်ကွက်,အမှတ် (၄၀) ရပ်ကွက်,quarter,quarter,settlement,16.881258,96.18368078059365,80.00,bf8e803fcede9ba2c7a8304f3505b79e,"{""place"": ""quarter"", ""osm_id"": ""19666085"", ""raw_id"": 93998, ""raw_table"": ""raw_osm_polygons"", ""population"": null, ""external_id"": ""osm:relation:19666085"", ""region_code"": ""MM-YANGON"", ""osm_feature_type"": ""R"", ""snapshot_version"": ""osm_myanmar_2026_07_21_yangon_city_v1"", ""source_snapshot_id"": 9, ""source_classification"": ""settlement""}"
osm:relation:19666089,safe_new,၃၆ ရပ်ကွက်,၃၆ ရပ်ကွက်,quarter,quarter,settlement,16.87673565,96.1940113201623,80.00,08b2dbce8fd152339a409433c1e6a6d4,"{""place"": ""quarter"", ""osm_id"": ""19666089"", ""raw_id"": 94395, ""raw_table"": ""raw_osm_polygons"", ""population"": null, ""external_id"": ""osm:relation:19666089"", ""region_code"": ""MM-YANGON"", ""osm_feature_type"": ""R"", ""snapshot_version"": ""osm_myanmar_2026_07_21_yangon_city_v1"", ""source_snapshot_id"": 9, ""source_classification"": ""settlement""}"
osm:relation:19669483,safe_new,အမှတ် (၉) ရပ်ကွက်,အမှတ် (၉) ရပ်ကွက်,quarter,quarter,settlement,16.88941925,96.20197099270968,80.00,54b367f9523f13da82f12a9930b08ec5,"{""place"": ""quarter"", ""osm_id"": ""19669483"", ""raw_id"": 95392, ""raw_table"": ""raw_osm_polygons"", ""population"": null, ""external_id"": ""osm:relation:19669483"", ""region_code"": ""MM-YANGON"", ""osm_feature_type"": ""R"", ""snapshot_version"": ""osm_myanmar_2026_07_21_yangon_city_v1"", ""source_snapshot_id"": 9, ""source_classification"": ""settlement""}"
osm:way:280095853,safe_new,၉ ရပ်ကွက်,၉ ရပ်ကွက်,neighbourhood,neighbourhood,settlement,16.8889565,96.20263354988467,80.00,9eac55c7455c167f69c909af55706831,"{""place"": ""neighbourhood"", ""osm_id"": ""280095853"", ""raw_id"": 95393, ""raw_table"": ""raw_osm_polygons"", ""population"": null, ""external_id"": ""osm:way:280095853"", ""region_code"": ""MM-YANGON"", ""osm_feature_type"": ""W"", ""snapshot_version"": ""osm_myanmar_2026_07_21_yangon_city_v1"", ""source_snapshot_id"": 9, ""source_classification"": ""settlement""}"
osm:way:388247578,safe_new,၁၀ ရပ်ကွက်,၁၀ ရပ်ကွက်,neighbourhood,neighbourhood,settlement,16.8834058,96.20675668037536,80.00,add45f8113ef475e077b9760605783d8,"{""place"": ""neighbourhood"", ""osm_id"": ""388247578"", ""raw_id"": 95634, ""raw_table"": ""raw_osm_polygons"", ""population"": null, ""external_id"": ""osm:way:388247578"", ""region_code"": ""MM-YANGON"", ""osm_feature_type"": ""W"", ""snapshot_version"": ""osm_myanmar_2026_07_21_yangon_city_v1"", ""source_snapshot_id"": 9, ""source_classification"": ""settlement""}"
osm:relation:19669484,safe_new,အမှတ် (၁၀) ရပ်ကွက်,အမှတ် (၁၀) ရပ်ကွက်,quarter,quarter,settlement,16.883192049999998,96.20712840519383,80.00,aac1869bdfbf08680fe030905e02ca79,"{""place"": ""quarter"", ""osm_id"": ""19669484"", ""raw_id"": 95635, ""raw_table"": ""raw_osm_polygons"", ""population"": null, ""external_id"": ""osm:relation:19669484"", ""region_code"": ""MM-YANGON"", ""osm_feature_type"": ""R"", ""snapshot_version"": ""osm_myanmar_2026_07_21_yangon_city_v1"", ""source_snapshot_id"": 9, ""source_classification"": ""settlement""}"
osm:relation:19669481,safe_new,အမှတ် (၁၂) ရပ်ကွက်,အမှတ် (၁၂) ရပ်ကွက်,quarter,quarter,settlement,16.88977915,96.21807574717249,80.00,4c4016c97cb5f0020c1fc7b9f401ccfa,"{""place"": ""quarter"", ""osm_id"": ""19669481"", ""raw_id"": 95651, ""raw_table"": ""raw_osm_polygons"", ""population"": null, ""external_id"": ""osm:relation:19669481"", ""region_code"": ""MM-YANGON"", ""osm_feature_type"": ""R"", ""snapshot_version"": ""osm_myanmar_2026_07_21_yangon_city_v1"", ""source_snapshot_id"": 9, ""source_classification"": ""settlement""}"
osm:relation:19669486,safe_new,အမှတ် (၁၄) ရပ်ကွက်,အမှတ် (၁၄) ရပ်ကွက်,quarter,quarter,settlement,16.88095335,96.21712701362111,80.00,c82ad5d6d38083d30347396b1459c23d,"{""place"": ""quarter"", ""osm_id"": ""19669486"", ""raw_id"": 95658, ""raw_table"": ""raw_osm_polygons"", ""population"": null, ""external_id"": ""osm:relation:19669486"", ""region_code"": ""MM-YANGON"", ""osm_feature_type"": ""R"", ""snapshot_version"": ""osm_myanmar_2026_07_21_yangon_city_v1"", ""source_snapshot_id"": 9, ""source_classification"": ""settlement""}"
osm:way:388247715,safe_new,၁၄ ရပ်ကွက်,၁၄ ရပ်ကွက်,neighbourhood,neighbourhood,settlement,16.879995049999998,96.21332092821405,80.00,40b33240d6c609ee36dd27bdbe36d504,"{""place"": ""neighbourhood"", ""osm_id"": ""388247715"", ""raw_id"": 95660, ""raw_table"": ""raw_osm_polygons"", ""population"": null, ""external_id"": ""osm:way:388247715"", ""region_code"": ""MM-YANGON"", ""osm_feature_type"": ""W"", ""snapshot_version"": ""osm_myanmar_2026_07_21_yangon_city_v1"", ""source_snapshot_id"": 9, ""source_classification"": ""settlement""}"
osm:relation:19665992,safe_new,အမှတ် (၇၂) ရပ်ကွက်,အမှတ် (၇၂) ရပ်ကွက်,quarter,quarter,settlement,16.87525005,96.24826036591548,80.00,d5edc3cb3a273762234b52d3f8329d1d,"{""place"": ""quarter"", ""osm_id"": ""19665992"", ""raw_id"": 96090, ""raw_table"": ""raw_osm_polygons"", ""population"": null, ""external_id"": ""osm:relation:19665992"", ""region_code"": ""MM-YANGON"", ""osm_feature_type"": ""R"", ""snapshot_version"": ""osm_myanmar_2026_07_21_yangon_city_v1"", ""source_snapshot_id"": 9, ""source_classification"": ""settlement""}"
osm:relation:19665991,safe_new,အမှတ် (၁၄၃) ရပ်ကွက်,အမှတ် (၁၄၃) ရပ်ကွက်,quarter,quarter,settlement,16.88337575,96.24827034044043,80.00,d72df50d74dba86c6bce0424d7bdcce9,"{""place"": ""quarter"", ""osm_id"": ""19665991"", ""raw_id"": 96198, ""raw_table"": ""raw_osm_polygons"", ""population"": null, ""external_id"": ""osm:relation:19665991"", ""region_code"": ""MM-YANGON"", ""osm_feature_type"": ""R"", ""snapshot_version"": ""osm_myanmar_2026_07_21_yangon_city_v1"", ""source_snapshot_id"": 9, ""source_classification"": ""settlement""}"
osm:relation:19665990,safe_new,အမှတ် (၁၄၂) ရပ်ကွက်,အမှတ် (၁၄၂) ရပ်ကွက်,quarter,quarter,settlement,16.88802145,96.24277564088605,80.00,3510b37c49f24de19c3aae551530f050,"{""place"": ""quarter"", ""osm_id"": ""19665990"", ""raw_id"": 96314, ""raw_table"": ""raw_osm_polygons"", ""population"": null, ""external_id"": ""osm:relation:19665990"", ""region_code"": ""MM-YANGON"", ""osm_feature_type"": ""R"", ""snapshot_version"": ""osm_myanmar_2026_07_21_yangon_city_v1"", ""source_snapshot_id"": 9, ""source_classification"": ""settlement""}"
osm:relation:19669485,safe_new,အမှတ် (၁၃) ရပ်ကွက်,အမှတ် (၁၃) ရပ်ကွက်,quarter,quarter,settlement,16.8846825,96.22374244773876,80.00,dd254c0aa1e6755d01e2546a83559bfc,"{""place"": ""quarter"", ""osm_id"": ""19669485"", ""raw_id"": 96330, ""raw_table"": ""raw_osm_polygons"", ""population"": null, ""external_id"": ""osm:relation:19669485"", ""region_code"": ""MM-YANGON"", ""osm_feature_type"": ""R"", ""snapshot_version"": ""osm_myanmar_2026_07_21_yangon_city_v1"", ""source_snapshot_id"": 9, ""source_classification"": ""settlement""}"
osm:relation:19669476,safe_new,အမှတ် (၁၁၂) ရပ်ကွက်,အမှတ် (၁၁၂) ရပ်ကွက်,quarter,quarter,settlement,16.89779865,96.22607262118706,80.00,5493edf4b8e4e87d5a5a4b80b9593234,"{""place"": ""quarter"", ""osm_id"": ""19669476"", ""raw_id"": 96375, ""raw_table"": ""raw_osm_polygons"", ""population"": null, ""external_id"": ""osm:relation:19669476"", ""region_code"": ""MM-YANGON"", ""osm_feature_type"": ""R"", ""snapshot_version"": ""osm_myanmar_2026_07_21_yangon_city_v1"", ""source_snapshot_id"": 9, ""source_classification"": ""settlement""}"
osm:relation:19665982,safe_new,အမှတ် (၁၄၁) ရပ်ကွက်,အမှတ် (၁၄၁) ရပ်ကွက်,quarter,quarter,settlement,16.8949186,96.24849017995064,80.00,9a0656c6758b57b5939b1f439aa13dfe,"{""place"": ""quarter"", ""osm_id"": ""19665982"", ""raw_id"": 96477, ""raw_table"": ""raw_osm_polygons"", ""population"": null, ""external_id"": ""osm:relation:19665982"", ""region_code"": ""MM-YANGON"", ""osm_feature_type"": ""R"", ""snapshot_version"": ""osm_myanmar_2026_07_21_yangon_city_v1"", ""source_snapshot_id"": 9, ""source_classification"": ""settlement""}"
osm:relation:19669480,safe_new,အမှတ် (၁၀၈) ရပ်ကွက်,အမှတ် (၁၀၈) ရပ်ကွက်,quarter,quarter,settlement,16.897424700000002,96.24276701054217,80.00,71c9d0e4056d54fca0930dd38cd544b9,"{""place"": ""quarter"", ""osm_id"": ""19669480"", ""raw_id"": 96500, ""raw_table"": ""raw_osm_polygons"", ""population"": null, ""external_id"": ""osm:relation:19669480"", ""region_code"": ""MM-YANGON"", ""osm_feature_type"": ""R"", ""snapshot_version"": ""osm_myanmar_2026_07_21_yangon_city_v1"", ""source_snapshot_id"": 9, ""source_classification"": ""settlement""}"
osm:relation:19669472,safe_new,အမှတ် (၁၁၆) ရပ်ကွက်,အမှတ် (၁၁၆) ရပ်ကွက်,quarter,quarter,settlement,16.90456205,96.23814300146228,80.00,0c3218537612aa79ef03ae3e2a8ab6a9,"{""place"": ""quarter"", ""osm_id"": ""19669472"", ""raw_id"": 96566, ""raw_table"": ""raw_osm_polygons"", ""population"": null, ""external_id"": ""osm:relation:19669472"", ""region_code"": ""MM-YANGON"", ""osm_feature_type"": ""R"", ""snapshot_version"": ""osm_myanmar_2026_07_21_yangon_city_v1"", ""source_snapshot_id"": 9, ""source_classification"": ""settlement""}"
osm:relation:19669466,safe_new,အမှတ် (၁၁၈) ရပ်ကွက်,အမှတ် (၁၁၈) ရပ်ကွက်,quarter,quarter,settlement,16.9056567,96.22898646935012,80.00,c8b1f9c678e04c2a07b2052a9457a466,"{""place"": ""quarter"", ""osm_id"": ""19669466"", ""raw_id"": 96568, ""raw_table"": ""raw_osm_polygons"", ""population"": null, ""external_id"": ""osm:relation:19669466"", ""region_code"": ""MM-YANGON"", ""osm_feature_type"": ""R"", ""snapshot_version"": ""osm_myanmar_2026_07_21_yangon_city_v1"", ""source_snapshot_id"": 9, ""source_classification"": ""settlement""}"
osm:relation:19669451,safe_new,အမှတ် (၆) ရပ်ကွက်,အမှတ် (၆) ရပ်ကွက်,quarter,quarter,settlement,16.89980315,96.20589626149084,80.00,9e075b50b7035b88a25c547a8afe9623,"{""place"": ""quarter"", ""osm_id"": ""19669451"", ""raw_id"": 96624, ""raw_table"": ""raw_osm_polygons"", ""population"": null, ""external_id"": ""osm:relation:19669451"", ""region_code"": ""MM-YANGON"", ""osm_feature_type"": ""R"", ""snapshot_version"": ""osm_myanmar_2026_07_21_yangon_city_v1"", ""source_snapshot_id"": 9, ""source_classification"": ""settlement""}"
osm:relation:19669468,safe_new,အမှတ် (၁၁၀) ရပ်ကွက်,အမှတ် (၁၁၀) ရပ်ကွက်,quarter,quarter,settlement,16.898272849999998,96.21617726364572,80.00,9bcf24b0700ac4054950ab317f206666,"{""place"": ""quarter"", ""osm_id"": ""19669468"", ""raw_id"": 96629, ""raw_table"": ""raw_osm_polygons"", ""population"": null, ""external_id"": ""osm:relation:19669468"", ""region_code"": ""MM-YANGON"", ""osm_feature_type"": ""R"", ""snapshot_version"": ""osm_myanmar_2026_07_21_yangon_city_v1"", ""source_snapshot_id"": 9, ""source_classification"": ""settlement""}"
osm:way:280095851,safe_new,Ward 8,Ward 8,neighbourhood,neighbourhood,settlement,16.8919903,96.20670326695573,80.00,c378e6262a1f40516a115c346136b1a4,"{""place"": ""neighbourhood"", ""osm_id"": ""280095851"", ""raw_id"": 96638, ""raw_table"": ""raw_osm_polygons"", ""population"": null, ""external_id"": ""osm:way:280095851"", ""region_code"": ""MM-YANGON"", ""osm_feature_type"": ""W"", ""snapshot_version"": ""osm_myanmar_2026_07_21_yangon_city_v1"", ""source_snapshot_id"": 9, ""source_classification"": ""settlement""}"
osm:relation:19669479,safe_new,အမှတ် (၈) ရပ်ကွက်,အမှတ် (၈) ရပ်ကွက်,quarter,quarter,settlement,16.89300395,96.20643849367843,80.00,fae6a87d3bbe284e7d79f142ee6ddebb,"{""place"": ""quarter"", ""osm_id"": ""19669479"", ""raw_id"": 96639, ""raw_table"": ""raw_osm_polygons"", ""population"": null, ""external_id"": ""osm:relation:19669479"", ""region_code"": ""MM-YANGON"", ""osm_feature_type"": ""R"", ""snapshot_version"": ""osm_myanmar_2026_07_21_yangon_city_v1"", ""source_snapshot_id"": 9, ""source_classification"": ""settlement""}"
osm:way:280094464,safe_new,၅ ရပ်ကွက်,၅ ရပ်ကွက်,neighbourhood,neighbourhood,settlement,16.89747005,96.19884013853259,80.00,77a3d825ab35d6541dc5da0ee69a8a4a,"{""place"": ""neighbourhood"", ""osm_id"": ""280094464"", ""raw_id"": 96706, ""raw_table"": ""raw_osm_polygons"", ""population"": null, ""external_id"": ""osm:way:280094464"", ""region_code"": ""MM-YANGON"", ""osm_feature_type"": ""W"", ""snapshot_version"": ""osm_myanmar_2026_07_21_yangon_city_v1"", ""source_snapshot_id"": 9, ""source_classification"": ""settlement""}"
osm:way:280092649,safe_new,၃ ရပ်ကွက်,၃ ရပ်ကွက်,neighbourhood,neighbourhood,settlement,16.9054276,96.19957658674792,80.00,26717a026787a2b64917a0079c494d78,"{""place"": ""neighbourhood"", ""osm_id"": ""280092649"", ""raw_id"": 97971, ""raw_table"": ""raw_osm_polygons"", ""population"": null, ""external_id"": ""osm:way:280092649"", ""region_code"": ""MM-YANGON"", ""osm_feature_type"": ""W"", ""snapshot_version"": ""osm_myanmar_2026_07_21_yangon_city_v1"", ""source_snapshot_id"": 9, ""source_classification"": ""settlement""}"
osm:way:280093293,safe_new,၄ ရပ်ကွက်,၄ ရပ်ကွက်,neighbourhood,neighbourhood,settlement,16.9028071,96.19484688077898,80.00,01015d8cf9b140a91fc1cd2d03e90402,"{""place"": ""neighbourhood"", ""osm_id"": ""280093293"", ""raw_id"": 98387, ""raw_table"": ""raw_osm_polygons"", ""population"": null, ""external_id"": ""osm:way:280093293"", ""region_code"": ""MM-YANGON"", ""osm_feature_type"": ""W"", ""snapshot_version"": ""osm_myanmar_2026_07_21_yangon_city_v1"", ""source_snapshot_id"": 9, ""source_classification"": ""settlement""}"
osm:relation:19669450,safe_new,အမှတ် (၄) ရပ်ကွက်,အမှတ် (၄) ရပ်ကွက်,quarter,quarter,settlement,16.90260795,96.19436108842154,80.00,d85f82152c2a76115d1287c7c17b5514,"{""place"": ""quarter"", ""osm_id"": ""19669450"", ""raw_id"": 98397, ""raw_table"": ""raw_osm_polygons"", ""population"": null, ""external_id"": ""osm:relation:19669450"", ""region_code"": ""MM-YANGON"", ""osm_feature_type"": ""R"", ""snapshot_version"": ""osm_myanmar_2026_07_21_yangon_city_v1"", ""source_snapshot_id"": 9, ""source_classification"": ""settlement""}"
osm:relation:19669446,safe_new,အမှတ် (၂) ရပ်ကွက်,အမှတ် (၂) ရပ်ကွက်,quarter,quarter,settlement,16.91166835,96.19263343743344,80.00,3beace77292f26f348528a4c8cfa1e91,"{""place"": ""quarter"", ""osm_id"": ""19669446"", ""raw_id"": 99857, ""raw_table"": ""raw_osm_polygons"", ""population"": null, ""external_id"": ""osm:relation:19669446"", ""region_code"": ""MM-YANGON"", ""osm_feature_type"": ""R"", ""snapshot_version"": ""osm_myanmar_2026_07_21_yangon_city_v1"", ""source_snapshot_id"": 9, ""source_classification"": ""settlement""}"
osm:way:386857761,safe_new,၁ ရပ်ကွက်,၁ ရပ်ကွက်,neighbourhood,neighbourhood,settlement,16.9128616,96.18952762427296,80.00,bbcc097558fc96ebcc7ab6a25fb0206a,"{""place"": ""neighbourhood"", ""osm_id"": ""386857761"", ""raw_id"": 100299, ""raw_table"": ""raw_osm_polygons"", ""population"": null, ""external_id"": ""osm:way:386857761"", ""region_code"": ""MM-YANGON"", ""osm_feature_type"": ""W"", ""snapshot_version"": ""osm_myanmar_2026_07_21_yangon_city_v1"", ""source_snapshot_id"": 9, ""source_classification"": ""settlement""}"
osm:relation:19669463,safe_new,အမှတ် (၁၂၁) ရပ်ကွက်,အမှတ် (၁၂၁) ရပ်ကွက်,quarter,quarter,settlement,16.91407875,96.24130871855198,80.00,b5d0f15a55c1b497df7e9c01b7fb4ea0,"{""place"": ""quarter"", ""osm_id"": ""19669463"", ""raw_id"": 100529, ""raw_table"": ""raw_osm_polygons"", ""population"": null, ""external_id"": ""osm:relation:19669463"", ""region_code"": ""MM-YANGON"", ""osm_feature_type"": ""R"", ""snapshot_version"": ""osm_myanmar_2026_07_21_yangon_city_v1"", ""source_snapshot_id"": 9, ""source_classification"": ""settlement""}"
osm:relation:19669459,safe_new,အမှတ် (၁၂၂) ရပ်ကွက်,အမှတ် (၁၂၂) ရပ်ကွက်,quarter,quarter,settlement,16.91693385,96.23475736502769,80.00,66fda69cb649e5a8eb9a25e9839d7033,"{""place"": ""quarter"", ""osm_id"": ""19669459"", ""raw_id"": 100530, ""raw_table"": ""raw_osm_polygons"", ""population"": null, ""external_id"": ""osm:relation:19669459"", ""region_code"": ""MM-YANGON"", ""osm_feature_type"": ""R"", ""snapshot_version"": ""osm_myanmar_2026_07_21_yangon_city_v1"", ""source_snapshot_id"": 9, ""source_classification"": ""settlement""}"
osm:relation:19669461,safe_new,အမှတ် (၁၂၇) ရပ်ကွက်,အမှတ် (၁၂၇) ရပ်ကွက်,quarter,quarter,settlement,16.918936600000002,96.24370036281942,80.00,4fce0fa6f8869cac8e87ad9620b0556c,"{""place"": ""quarter"", ""osm_id"": ""19669461"", ""raw_id"": 100532, ""raw_table"": ""raw_osm_polygons"", ""population"": null, ""external_id"": ""osm:relation:19669461"", ""region_code"": ""MM-YANGON"", ""osm_feature_type"": ""R"", ""snapshot_version"": ""osm_myanmar_2026_07_21_yangon_city_v1"", ""source_snapshot_id"": 9, ""source_classification"": ""settlement""}"
osm:relation:19669462,safe_new,အမှတ် (၁၂၈) ရပ်ကွက်,အမှတ် (၁၂၈) ရပ်ကွက်,quarter,quarter,settlement,16.9194593,96.24857443948872,80.00,e3e99f89f80a7e44408f17279664ee36,"{""place"": ""quarter"", ""osm_id"": ""19669462"", ""raw_id"": 100533, ""raw_table"": ""raw_osm_polygons"", ""population"": null, ""external_id"": ""osm:relation:19669462"", ""region_code"": ""MM-YANGON"", ""osm_feature_type"": ""R"", ""snapshot_version"": ""osm_myanmar_2026_07_21_yangon_city_v1"", ""source_snapshot_id"": 9, ""source_classification"": ""settlement""}"
osm:relation:19669458,safe_new,အမှတ် (၁၂၃) ရပ်ကွက်,အမှတ် (၁၂၃) ရပ်ကွက်,quarter,quarter,settlement,16.921836,96.23963919459038,80.00,6e4db8341509c544cb8654f35fa2591b,"{""place"": ""quarter"", ""osm_id"": ""19669458"", ""raw_id"": 100535, ""raw_table"": ""raw_osm_polygons"", ""population"": null, ""external_id"": ""osm:relation:19669458"", ""region_code"": ""MM-YANGON"", ""osm_feature_type"": ""R"", ""snapshot_version"": ""osm_myanmar_2026_07_21_yangon_city_v1"", ""source_snapshot_id"": 9, ""source_classification"": ""settlement""}"
osm:relation:19669444,safe_new,အမှတ် (၁၃၂) ရပ်ကွက်,အမှတ် (၁၃၂) ရပ်ကွက်,quarter,quarter,settlement,16.9213565,96.22834423772906,80.00,c7de4bfd5d0ccc348dd58162669ed4bf,"{""place"": ""quarter"", ""osm_id"": ""19669444"", ""raw_id"": 100536, ""raw_table"": ""raw_osm_polygons"", ""population"": null, ""external_id"": ""osm:relation:19669444"", ""region_code"": ""MM-YANGON"", ""osm_feature_type"": ""R"", ""snapshot_version"": ""osm_myanmar_2026_07_21_yangon_city_v1"", ""source_snapshot_id"": 9, ""source_classification"": ""settlement""}"
osm:relation:19669441,safe_new,အမှတ် (၁၃၄) ရပ်ကွက်,အမှတ် (၁၃၄) ရပ်ကွက်,quarter,quarter,settlement,16.925893950000003,96.22427498206108,80.00,619fa2712b03d30ca9cf7348360cceab,"{""place"": ""quarter"", ""osm_id"": ""19669441"", ""raw_id"": 100550, ""raw_table"": ""raw_osm_polygons"", ""population"": null, ""external_id"": ""osm:relation:19669441"", ""region_code"": ""MM-YANGON"", ""osm_feature_type"": ""R"", ""snapshot_version"": ""osm_myanmar_2026_07_21_yangon_city_v1"", ""source_snapshot_id"": 9, ""source_classification"": ""settlement""}"
osm:relation:19669438,safe_new,အမှတ် (၁၃၅) ရပ်ကွက်,အမှတ် (၁၃၅) ရပ်ကွက်,quarter,quarter,settlement,16.928378000000002,96.21919140863278,80.00,a55bf80966fc458c37ec242cd4d27009,"{""place"": ""quarter"", ""osm_id"": ""19669438"", ""raw_id"": 100552, ""raw_table"": ""raw_osm_polygons"", ""population"": null, ""external_id"": ""osm:relation:19669438"", ""region_code"": ""MM-YANGON"", ""osm_feature_type"": ""R"", ""snapshot_version"": ""osm_myanmar_2026_07_21_yangon_city_v1"", ""source_snapshot_id"": 9, ""source_classification"": ""settlement""}"
osm:relation:19669456,safe_new,အမှတ် (၁၂၄) ရပ်ကွက်,အမှတ် (၁၂၄) ရပ်ကွက်,quarter,quarter,settlement,16.92371845,96.235488716115,80.00,9449d4297b140260b73f3bf387e8e8b4,"{""place"": ""quarter"", ""osm_id"": ""19669456"", ""raw_id"": 100556, ""raw_table"": ""raw_osm_polygons"", ""population"": null, ""external_id"": ""osm:relation:19669456"", ""region_code"": ""MM-YANGON"", ""osm_feature_type"": ""R"", ""snapshot_version"": ""osm_myanmar_2026_07_21_yangon_city_v1"", ""source_snapshot_id"": 9, ""source_classification"": ""settlement""}"
osm:relation:19669460,safe_new,အမှတ် (၁၂၉) ရပ်ကွက်,အမှတ် (၁၂၉) ရပ်ကွက်,quarter,quarter,settlement,16.923577,96.24686716293968,80.00,f7e2076c5fd38a0aaa11799722561f08,"{""place"": ""quarter"", ""osm_id"": ""19669460"", ""raw_id"": 100557, ""raw_table"": ""raw_osm_polygons"", ""population"": null, ""external_id"": ""osm:relation:19669460"", ""region_code"": ""MM-YANGON"", ""osm_feature_type"": ""R"", ""snapshot_version"": ""osm_myanmar_2026_07_21_yangon_city_v1"", ""source_snapshot_id"": 9, ""source_classification"": ""settlement""}"
osm:relation:19669457,safe_new,အမှတ် (၁၂၆) ရပ်ကွက်,အမှတ် (၁၂၆) ရပ်ကွက်,quarter,quarter,settlement,16.92625185,96.24267782135203,80.00,65bf82becc0a96c8a4ce6bbc64af4c0e,"{""place"": ""quarter"", ""osm_id"": ""19669457"", ""raw_id"": 100558, ""raw_table"": ""raw_osm_polygons"", ""population"": null, ""external_id"": ""osm:relation:19669457"", ""region_code"": ""MM-YANGON"", ""osm_feature_type"": ""R"", ""snapshot_version"": ""osm_myanmar_2026_07_21_yangon_city_v1"", ""source_snapshot_id"": 9, ""source_classification"": ""settlement""}"
osm:relation:19669455,safe_new,အမှတ် (၁၂၅) ရပ်ကွက်,အမှတ် (၁၂၅) ရပ်ကွက်,quarter,quarter,settlement,16.9290169,96.23825034036625,80.00,0782814347297738aaede340b3c616a7,"{""place"": ""quarter"", ""osm_id"": ""19669455"", ""raw_id"": 100559, ""raw_table"": ""raw_osm_polygons"", ""population"": null, ""external_id"": ""osm:relation:19669455"", ""region_code"": ""MM-YANGON"", ""osm_feature_type"": ""R"", ""snapshot_version"": ""osm_myanmar_2026_07_21_yangon_city_v1"", ""source_snapshot_id"": 9, ""source_classification"": ""settlement""}"
osm:way:656671642,safe_new,၁၅၆ ရပ်ကွက်,၁၅၆ ရပ်ကွက်,neighbourhood,neighbourhood,settlement,16.937181199999998,96.23433337658227,80.00,6396f3c454601e4ee5ff2348f97bb5f7,"{""place"": ""neighbourhood"", ""osm_id"": ""656671642"", ""raw_id"": 100563, ""raw_table"": ""raw_osm_polygons"", ""population"": null, ""external_id"": ""osm:way:656671642"", ""region_code"": ""MM-YANGON"", ""osm_feature_type"": ""W"", ""snapshot_version"": ""osm_myanmar_2026_07_21_yangon_city_v1"", ""source_snapshot_id"": 9, ""source_classification"": ""settlement""}"
osm:relation:19669443,safe_new,အမှတ် (၁၃၃) ရပ်ကွက်,အမှတ် (၁၃၃) ရပ်ကွက်,quarter,quarter,settlement,16.9304225,96.23255208890336,80.00,b1ef47ff4bc03345260ca81f809e7895,"{""place"": ""quarter"", ""osm_id"": ""19669443"", ""raw_id"": 100568, ""raw_table"": ""raw_osm_polygons"", ""population"": null, ""external_id"": ""osm:relation:19669443"", ""region_code"": ""MM-YANGON"", ""osm_feature_type"": ""R"", ""snapshot_version"": ""osm_myanmar_2026_07_21_yangon_city_v1"", ""source_snapshot_id"": 9, ""source_classification"": ""settlement""}"
osm:relation:19669437,safe_new,အမှတ် (၁၃၇) ရပ်ကွက်,အမှတ် (၁၃၇) ရပ်ကွက်,quarter,quarter,settlement,16.93603465,96.22571223746553,80.00,216f77dfde8e68a4277c8d9912f84760,"{""place"": ""quarter"", ""osm_id"": ""19669437"", ""raw_id"": 100570, ""raw_table"": ""raw_osm_polygons"", ""population"": null, ""external_id"": ""osm:relation:19669437"", ""region_code"": ""MM-YANGON"", ""osm_feature_type"": ""R"", ""snapshot_version"": ""osm_myanmar_2026_07_21_yangon_city_v1"", ""source_snapshot_id"": 9, ""source_classification"": ""settlement""}"
osm:relation:19669426,safe_new,အမှတ် (၁၃၉) ရပ်ကွက်,အမှတ် (၁၃၉) ရပ်ကွက်,quarter,quarter,settlement,16.93432915,96.21346365078587,80.00,5ce6b3bb950c366d484f500d1ef92739,"{""place"": ""quarter"", ""osm_id"": ""19669426"", ""raw_id"": 100572, ""raw_table"": ""raw_osm_polygons"", ""population"": null, ""external_id"": ""osm:relation:19669426"", ""region_code"": ""MM-YANGON"", ""osm_feature_type"": ""R"", ""snapshot_version"": ""osm_myanmar_2026_07_21_yangon_city_v1"", ""source_snapshot_id"": 9, ""source_classification"": ""settlement""}"
osm:relation:19669442,safe_new,အမှတ် (၁၃၁) ရပ်ကွက်,အမှတ် (၁၃၁) ရပ်ကွက်,quarter,quarter,settlement,16.92247325,96.21798564349703,80.00,f84b361c207e794afc831911e78bc161,"{""place"": ""quarter"", ""osm_id"": ""19669442"", ""raw_id"": 100582, ""raw_table"": ""raw_osm_polygons"", ""population"": null, ""external_id"": ""osm:relation:19669442"", ""region_code"": ""MM-YANGON"", ""osm_feature_type"": ""R"", ""snapshot_version"": ""osm_myanmar_2026_07_21_yangon_city_v1"", ""source_snapshot_id"": 9, ""source_classification"": ""settlement""}"
osm:way:741165619,safe_new,၁၄ ရပ်ကွက်,၁၄ ရပ်ကွက်,quarter,quarter,settlement,16.931730100000003,96.18888044746379,80.00,e84467e9971fc73b4ef2cc7f61e7440c,"{""place"": ""quarter"", ""osm_id"": ""741165619"", ""raw_id"": 100597, ""raw_table"": ""raw_osm_polygons"", ""population"": null, ""external_id"": ""osm:way:741165619"", ""region_code"": ""MM-YANGON"", ""osm_feature_type"": ""W"", ""snapshot_version"": ""osm_myanmar_2026_07_21_yangon_city_v1"", ""source_snapshot_id"": 9, ""source_classification"": ""settlement""}"
osm:way:741143138,safe_new,၁၂ ရပ်ကွက်,၁၂ ရပ်ကွက်,quarter,quarter,settlement,16.9369337,96.19821278685836,80.00,c177cd6a06cbc1f61254f22dba7920ee,"{""place"": ""quarter"", ""osm_id"": ""741143138"", ""raw_id"": 100680, ""raw_table"": ""raw_osm_polygons"", ""population"": null, ""external_id"": ""osm:way:741143138"", ""region_code"": ""MM-YANGON"", ""osm_feature_type"": ""W"", ""snapshot_version"": ""osm_myanmar_2026_07_21_yangon_city_v1"", ""source_snapshot_id"": 9, ""source_classification"": ""settlement""}"
osm:way:738887113,safe_new,၁၇ ရပ်ကွက်,၁၇ ရပ်ကွက်,quarter,quarter,settlement,16.93412765,96.18033072091232,80.00,1a11e0b59bf3a1bc300fb15776c04bd0,"{""place"": ""quarter"", ""osm_id"": ""738887113"", ""raw_id"": 100910, ""raw_table"": ""raw_osm_polygons"", ""population"": null, ""external_id"": ""osm:way:738887113"", ""region_code"": ""MM-YANGON"", ""osm_feature_type"": ""W"", ""snapshot_version"": ""osm_myanmar_2026_07_21_yangon_city_v1"", ""source_snapshot_id"": 9, ""source_classification"": ""settlement""}"
osm:relation:19672484,safe_new,ချစ်တီးကုန်းရပ်ကွက်,ချစ်တီးကုန်းရပ်ကွက်,quarter,quarter,settlement,16.933571800000003,96.15911961465795,80.00,04a79f5cf510a94312d4a53a07b5767c,"{""place"": ""quarter"", ""osm_id"": ""19672484"", ""raw_id"": 101119, ""raw_table"": ""raw_osm_polygons"", ""population"": null, ""external_id"": ""osm:relation:19672484"", ""region_code"": ""MM-YANGON"", ""osm_feature_type"": ""R"", ""snapshot_version"": ""osm_myanmar_2026_07_21_yangon_city_v1"", ""source_snapshot_id"": 9, ""source_classification"": ""settlement""}"
osm:relation:19670051,safe_new,ရွှေပေါက်ကံမြို့သစ်ရပ်ကွက်,ရွှေပေါက်ကံမြို့သစ်ရပ်ကွက်,quarter,quarter,settlement,16.9402218,96.1913649813847,80.00,adcbf185edccfbd87c9106df6dcfcf24,"{""place"": ""quarter"", ""osm_id"": ""19670051"", ""raw_id"": 108099, ""raw_table"": ""raw_osm_polygons"", ""population"": null, ""external_id"": ""osm:relation:19670051"", ""region_code"": ""MM-YANGON"", ""osm_feature_type"": ""R"", ""snapshot_version"": ""osm_myanmar_2026_07_21_yangon_city_v1"", ""source_snapshot_id"": 9, ""source_classification"": ""settlement""}"
osm:way:741141457,safe_new,၁၁/၂ ရပ်ကွက်,၁၁/၂ ရပ်ကွက်,quarter,quarter,settlement,16.941506099999998,96.20833586696308,80.00,84e2584c6a2389ec3bac5887984dab39,"{""place"": ""quarter"", ""osm_id"": ""741141457"", ""raw_id"": 109157, ""raw_table"": ""raw_osm_polygons"", ""population"": null, ""external_id"": ""osm:way:741141457"", ""region_code"": ""MM-YANGON"", ""osm_feature_type"": ""W"", ""snapshot_version"": ""osm_myanmar_2026_07_21_yangon_city_v1"", ""source_snapshot_id"": 9, ""source_classification"": ""settlement""}"
osm:relation:19669427,safe_new,အမှတ် (၁၃၈) ရပ်ကွက်,အမှတ် (၁၃၈) ရပ်ကွက်,quarter,quarter,settlement,16.938960350000002,96.22015915490859,80.00,827141578e905c5ea7a1be478780fa64,"{""place"": ""quarter"", ""osm_id"": ""19669427"", ""raw_id"": 109332, ""raw_table"": ""raw_osm_polygons"", ""population"": null, ""external_id"": ""osm:relation:19669427"", ""region_code"": ""MM-YANGON"", ""osm_feature_type"": ""R"", ""snapshot_version"": ""osm_myanmar_2026_07_21_yangon_city_v1"", ""source_snapshot_id"": 9, ""source_classification"": ""settlement""}"
osm:relation:19669436,safe_new,အမှတ် (၁၅၅) ရပ်ကွက်,အမှတ် (၁၅၅) ရပ်ကွက်,quarter,quarter,settlement,16.9425471,96.22838812426035,80.00,1db044a46dc8e9da507acb0a8514dd54,"{""place"": ""quarter"", ""osm_id"": ""19669436"", ""raw_id"": 109334, ""raw_table"": ""raw_osm_polygons"", ""population"": null, ""external_id"": ""osm:relation:19669436"", ""region_code"": ""MM-YANGON"", ""osm_feature_type"": ""R"", ""snapshot_version"": ""osm_myanmar_2026_07_21_yangon_city_v1"", ""source_snapshot_id"": 9, ""source_classification"": ""settlement""}"
osm:relation:19669433,safe_new,အမှတ် (၁၅၉) ရပ်ကွက်,အမှတ် (၁၅၉) ရပ်ကွက်,quarter,quarter,settlement,16.94651495,96.24094245805944,80.00,020c0c9be8646d2b5ab422141f4d4b9b,"{""place"": ""quarter"", ""osm_id"": ""19669433"", ""raw_id"": 109337, ""raw_table"": ""raw_osm_polygons"", ""population"": null, ""external_id"": ""osm:relation:19669433"", ""region_code"": ""MM-YANGON"", ""osm_feature_type"": ""R"", ""snapshot_version"": ""osm_myanmar_2026_07_21_yangon_city_v1"", ""source_snapshot_id"": 9, ""source_classification"": ""settlement""}"
osm:relation:19669432,safe_new,အမှတ် (၁၆၀) ရပ်ကွက်,အမှတ် (၁၆၀) ရပ်ကွက်,quarter,quarter,settlement,16.951896150000003,96.24274382822793,80.00,57a54b02dfc87d433a4367516d407fd5,"{""place"": ""quarter"", ""osm_id"": ""19669432"", ""raw_id"": 109338, ""raw_table"": ""raw_osm_polygons"", ""population"": null, ""external_id"": ""osm:relation:19669432"", ""region_code"": ""MM-YANGON"", ""osm_feature_type"": ""R"", ""snapshot_version"": ""osm_myanmar_2026_07_21_yangon_city_v1"", ""source_snapshot_id"": 9, ""source_classification"": ""settlement""}"
osm:relation:19669428,safe_new,စစ်ပင်တောင်ရပ်ကွက်,စစ်ပင်တောင်ရပ်ကွက်,quarter,quarter,settlement,16.951042200000003,96.22998402419715,80.00,a1784f47b3bde96eef8ad50085c95c6c,"{""place"": ""quarter"", ""osm_id"": ""19669428"", ""raw_id"": 109340, ""raw_table"": ""raw_osm_polygons"", ""population"": null, ""external_id"": ""osm:relation:19669428"", ""region_code"": ""MM-YANGON"", ""osm_feature_type"": ""R"", ""snapshot_version"": ""osm_myanmar_2026_07_21_yangon_city_v1"", ""source_snapshot_id"": 9, ""source_classification"": ""settlement""}"
osm:relation:19669435,safe_new,အမှတ် (၁၅၈) ရပ်ကွက်,အမှတ် (၁၅၈) ရပ်ကွက်,quarter,quarter,settlement,16.94723385,96.23339622744133,80.00,bf167ec007a870958af4a138e1f9d5b2,"{""place"": ""quarter"", ""osm_id"": ""19669435"", ""raw_id"": 109341, ""raw_table"": ""raw_osm_polygons"", ""population"": null, ""external_id"": ""osm:relation:19669435"", ""region_code"": ""MM-YANGON"", ""osm_feature_type"": ""R"", ""snapshot_version"": ""osm_myanmar_2026_07_21_yangon_city_v1"", ""source_snapshot_id"": 9, ""source_classification"": ""settlement""}"
osm:relation:19669429,safe_new,အမှတ် (၁၆၁) ရပ်ကွက်,အမှတ် (၁၆၁) ရပ်ကွက်,quarter,quarter,settlement,16.9594403,96.24416339203933,80.00,a2beb889776c3cdf64ed0d9bda00f0e4,"{""place"": ""quarter"", ""osm_id"": ""19669429"", ""raw_id"": 109345, ""raw_table"": ""raw_osm_polygons"", ""population"": null, ""external_id"": ""osm:relation:19669429"", ""region_code"": ""MM-YANGON"", ""osm_feature_type"": ""R"", ""snapshot_version"": ""osm_myanmar_2026_07_21_yangon_city_v1"", ""source_snapshot_id"": 9, ""source_classification"": ""settlement""}"
osm:relation:19669430,safe_new,အမှတ် (၁၆၂) ရပ်ကွက်,အမှတ် (၁၆၂) ရပ်ကွက်,quarter,quarter,settlement,16.961521599999998,96.24878045134588,80.00,55f2f9498e1b9eaf78f6cd9ffc9b96c0,"{""place"": ""quarter"", ""osm_id"": ""19669430"", ""raw_id"": 109347, ""raw_table"": ""raw_osm_polygons"", ""population"": null, ""external_id"": ""osm:relation:19669430"", ""region_code"": ""MM-YANGON"", ""osm_feature_type"": ""R"", ""snapshot_version"": ""osm_myanmar_2026_07_21_yangon_city_v1"", ""source_snapshot_id"": 9, ""source_classification"": ""settlement""}"
osm:relation:19672559,safe_new,အမှတ် (၆) ရပ်ကွက်,အမှတ် (၆) ရပ်ကွက်,quarter,quarter,settlement,16.96467445,96.07847264397955,80.00,48bcb27c87114114b3fe521628443b87,"{""place"": ""quarter"", ""osm_id"": ""19672559"", ""raw_id"": 117372, ""raw_table"": ""raw_osm_polygons"", ""population"": null, ""external_id"": ""osm:relation:19672559"", ""region_code"": ""MM-YANGON"", ""osm_feature_type"": ""R"", ""snapshot_version"": ""osm_myanmar_2026_07_21_yangon_city_v1"", ""source_snapshot_id"": 9, ""source_classification"": ""settlement""}"
osm:relation:19672560,safe_new,အမှတ် (၃) ရပ်ကွက်,အမှတ် (၃) ရပ်ကွက်,quarter,quarter,settlement,16.9673269,96.0905816675845,80.00,bb59a49579d50f2fee96dcf576189810,"{""place"": ""quarter"", ""osm_id"": ""19672560"", ""raw_id"": 117375, ""raw_table"": ""raw_osm_polygons"", ""population"": null, ""external_id"": ""osm:relation:19672560"", ""region_code"": ""MM-YANGON"", ""osm_feature_type"": ""R"", ""snapshot_version"": ""osm_myanmar_2026_07_21_yangon_city_v1"", ""source_snapshot_id"": 9, ""source_classification"": ""settlement""}"
osm:relation:19672552,safe_new,အမှတ် (၂၃) ရပ်ကွက်,အမှတ် (၂၃) ရပ်ကွက်,quarter,quarter,settlement,16.982575150000002,96.05461295797568,80.00,61e853d402ef455fcca4336c5514eb6b,"{""place"": ""quarter"", ""osm_id"": ""19672552"", ""raw_id"": 120136, ""raw_table"": ""raw_osm_polygons"", ""population"": null, ""external_id"": ""osm:relation:19672552"", ""region_code"": ""MM-YANGON"", ""osm_feature_type"": ""R"", ""snapshot_version"": ""osm_myanmar_2026_07_21_yangon_city_v1"", ""source_snapshot_id"": 9, ""source_classification"": ""settlement""}"
osm:relation:19672548,safe_new,အမှတ် (၂၁) ရပ်ကွက်,အမှတ် (၂၁) ရပ်ကွက်,quarter,quarter,settlement,16.9967368,96.04532864015252,80.00,4866b4af972afbf452c2d99b0475f715,"{""place"": ""quarter"", ""osm_id"": ""19672548"", ""raw_id"": 121323, ""raw_table"": ""raw_osm_polygons"", ""population"": null, ""external_id"": ""osm:relation:19672548"", ""region_code"": ""MM-YANGON"", ""osm_feature_type"": ""R"", ""snapshot_version"": ""osm_myanmar_2026_07_21_yangon_city_v1"", ""source_snapshot_id"": 9, ""source_classification"": ""settlement""}"
osm:relation:19672547,safe_new,အမှတ် (၁၇) ရပ်ကွက်,အမှတ် (၁၇) ရပ်ကွက်,quarter,quarter,settlement,17.007455200000003,96.05875431208136,80.00,31e4057c2a613f7608ffd273c6c85267,"{""place"": ""quarter"", ""osm_id"": ""19672547"", ""raw_id"": 121792, ""raw_table"": ""raw_osm_polygons"", ""population"": null, ""external_id"": ""osm:relation:19672547"", ""region_code"": ""MM-YANGON"", ""osm_feature_type"": ""R"", ""snapshot_version"": ""osm_myanmar_2026_07_21_yangon_city_v1"", ""source_snapshot_id"": 9, ""source_classification"": ""settlement""}"
osm:relation:19672463,safe_new,ဘော်လုံးကွင်းရပ်ကွက်,ဘော်လုံးကွင်းရပ်ကွက်,quarter,quarter,settlement,17.05206185,96.13099869406933,80.00,a090d8aa63b770ff1dda48bdf0d024fc,"{""place"": ""quarter"", ""osm_id"": ""19672463"", ""raw_id"": 123796, ""raw_table"": ""raw_osm_polygons"", ""population"": null, ""external_id"": ""osm:relation:19672463"", ""region_code"": ""MM-YANGON"", ""osm_feature_type"": ""R"", ""snapshot_version"": ""osm_myanmar_2026_07_21_yangon_city_v1"", ""source_snapshot_id"": 9, ""source_classification"": ""settlement""}"
osm:node:13111750812,safe_new,နွားစု,နွားစု,village,village,settlement,16.7185117,96.1661873,80.00,8f3a4f2aba4f84943001c951228f00f5,"{""place"": ""village"", ""osm_id"": ""13111750812"", ""raw_id"": 560, ""raw_table"": ""raw_osm_points"", ""population"": null, ""external_id"": ""osm:node:13111750812"", ""region_code"": ""MM-YANGON"", ""osm_feature_type"": ""N"", ""snapshot_version"": ""osm_myanmar_2026_07_21_yangon_city_v1"", ""source_snapshot_id"": 9, ""source_classification"": ""settlement""}"
osm:node:12025740799,safe_new,သပြေကုန်း,သပြေကုန်း,village,village,settlement,16.7343331,96.1336077,80.00,f2db2d39e699b7d355204ebca13b6952,"{""place"": ""village"", ""osm_id"": ""12025740799"", ""raw_id"": 580, ""raw_table"": ""raw_osm_points"", ""population"": null, ""external_id"": ""osm:node:12025740799"", ""region_code"": ""MM-YANGON"", ""osm_feature_type"": ""N"", ""snapshot_version"": ""osm_myanmar_2026_07_21_yangon_city_v1"", ""source_snapshot_id"": 9, ""source_classification"": ""settlement""}"
osm:node:12025650108,safe_new,ရေတံခါး,ရေတံခါး,village,village,settlement,16.6715815,96.2124983,80.00,30569727c4749a0b42b7ecc1cf160916,"{""place"": ""village"", ""osm_id"": ""12025650108"", ""raw_id"": 637, ""raw_table"": ""raw_osm_points"", ""population"": null, ""external_id"": ""osm:node:12025650108"", ""region_code"": ""MM-YANGON"", ""osm_feature_type"": ""N"", ""snapshot_version"": ""osm_myanmar_2026_07_21_yangon_city_v1"", ""source_snapshot_id"": 9, ""source_classification"": ""settlement""}"
osm:node:13229162422,safe_new,အံ့ကြီးအနောက် (ပျဉ်းမကုန်း) ရပ်ကွက်,အံ့ကြီးအနောက် (ပျဉ်းမကုန်း) ရပ်ကွက်,quarter,quarter,settlement,16.7479304,96.1642755,80.00,e3ce727c6f0786d4a1089da59c9ee25f,"{""place"": ""quarter"", ""osm_id"": ""13229162422"", ""raw_id"": 620, ""raw_table"": ""raw_osm_points"", ""population"": null, ""external_id"": ""osm:node:13229162422"", ""region_code"": ""MM-YANGON"", ""osm_feature_type"": ""N"", ""snapshot_version"": ""osm_myanmar_2026_07_21_yangon_city_v1"", ""source_snapshot_id"": 9, ""source_classification"": ""settlement""}"
osm:node:13111750813,safe_new,မင်းရွာဆိပ်ကြီး,မင်းရွာဆိပ်ကြီး,village,village,settlement,16.7292848,96.1585441,80.00,84e0d79c8f737fe59ccd189e8292e198,"{""place"": ""village"", ""osm_id"": ""13111750813"", ""raw_id"": 623, ""raw_table"": ""raw_osm_points"", ""population"": null, ""external_id"": ""osm:node:13111750813"", ""region_code"": ""MM-YANGON"", ""osm_feature_type"": ""N"", ""snapshot_version"": ""osm_myanmar_2026_07_21_yangon_city_v1"", ""source_snapshot_id"": 9, ""source_classification"": ""settlement""}"
osm:node:13111750820,safe_new,ဓနိတော,ဓနိတော,village,village,settlement,16.7264457,96.1865896,80.00,c8d00bda7638cc841b7393b733095ef2,"{""place"": ""village"", ""osm_id"": ""13111750820"", ""raw_id"": 624, ""raw_table"": ""raw_osm_points"", ""population"": null, ""external_id"": ""osm:node:13111750820"", ""region_code"": ""MM-YANGON"", ""osm_feature_type"": ""N"", ""snapshot_version"": ""osm_myanmar_2026_07_21_yangon_city_v1"", ""source_snapshot_id"": 9, ""source_classification"": ""settlement""}"
osm:node:13111750693,safe_new,ကုန်းတန်း,ကုန်းတန်း,village,village,settlement,16.6753402,96.1578647,80.00,b11b790e55361da24d2d6c7d3048b8d1,"{""place"": ""village"", ""osm_id"": ""13111750693"", ""raw_id"": 641, ""raw_table"": ""raw_osm_points"", ""population"": null, ""external_id"": ""osm:node:13111750693"", ""region_code"": ""MM-YANGON"", ""osm_feature_type"": ""N"", ""snapshot_version"": ""osm_myanmar_2026_07_21_yangon_city_v1"", ""source_snapshot_id"": 9, ""source_classification"": ""settlement""}"
osm:node:13111750691,safe_new,ရွှေလှေချောင် (ပ),ရွှေလှေချောင် (ပ),village,village,settlement,16.6666528,96.1459198,80.00,e154aed1ea5f70818aeb5243b2ad002d,"{""place"": ""village"", ""osm_id"": ""13111750691"", ""raw_id"": 647, ""raw_table"": ""raw_osm_points"", ""population"": null, ""external_id"": ""osm:node:13111750691"", ""region_code"": ""MM-YANGON"", ""osm_feature_type"": ""N"", ""snapshot_version"": ""osm_myanmar_2026_07_21_yangon_city_v1"", ""source_snapshot_id"": 9, ""source_classification"": ""settlement""}"
osm:node:13111750695,safe_new,ရခိုင်ချောင် (တောင်),ရခိုင်ချောင် (တောင်),village,village,settlement,16.657521,96.1763375,80.00,9cce03555ce6f46e37505bf6b082fc29,"{""place"": ""village"", ""osm_id"": ""13111750695"", ""raw_id"": 653, ""raw_table"": ""raw_osm_points"", ""population"": null, ""external_id"": ""osm:node:13111750695"", ""region_code"": ""MM-YANGON"", ""osm_feature_type"": ""N"", ""snapshot_version"": ""osm_myanmar_2026_07_21_yangon_city_v1"", ""source_snapshot_id"": 9, ""source_classification"": ""settlement""}"
osm:node:13111750700,safe_new,ဂါတ်,ဂါတ်,village,village,settlement,16.6479674,96.1438864,80.00,5dbd6b3ba9beb044331b469d2c056d59,"{""place"": ""village"", ""osm_id"": ""13111750700"", ""raw_id"": 657, ""raw_table"": ""raw_osm_points"", ""population"": null, ""external_id"": ""osm:node:13111750700"", ""region_code"": ""MM-YANGON"", ""osm_feature_type"": ""N"", ""snapshot_version"": ""osm_myanmar_2026_07_21_yangon_city_v1"", ""source_snapshot_id"": 9, ""source_classification"": ""settlement""}"
osm:node:13111750801,safe_new,အန်းချောင်းကြီး,အန်းချောင်းကြီး,village,village,settlement,16.6295812,96.1627396,80.00,87cb5a5fe86a4b80693bd8f03fffa0e4,"{""place"": ""village"", ""osm_id"": ""13111750801"", ""raw_id"": 661, ""raw_table"": ""raw_osm_points"", ""population"": null, ""external_id"": ""osm:node:13111750801"", ""region_code"": ""MM-YANGON"", ""osm_feature_type"": ""N"", ""snapshot_version"": ""osm_myanmar_2026_07_21_yangon_city_v1"", ""source_snapshot_id"": 9, ""source_classification"": ""settlement""}"
osm:node:7124017061,safe_new,ချောင်းဦး,ချောင်းဦး,village,village,settlement,16.6472361,96.2412883,80.00,02648742e2dc1672971177cfe5899f08,"{""place"": ""village"", ""osm_id"": ""7124017061"", ""raw_id"": 664, ""raw_table"": ""raw_osm_points"", ""population"": null, ""external_id"": ""osm:node:7124017061"", ""region_code"": ""MM-YANGON"", ""osm_feature_type"": ""N"", ""snapshot_version"": ""osm_myanmar_2026_07_21_yangon_city_v1"", ""source_snapshot_id"": 9, ""source_classification"": ""settlement""}"
osm:node:13113495015,safe_new,ကြာနီကန်,ကြာနီကန်,village,village,settlement,16.9701527,96.271123,80.00,27b24bc57c3805f955de64bdbbb4a88e,"{""place"": ""village"", ""osm_id"": ""13113495015"", ""raw_id"": 670, ""raw_table"": ""raw_osm_points"", ""population"": null, ""external_id"": ""osm:node:13113495015"", ""region_code"": ""MM-YANGON"", ""osm_feature_type"": ""N"", ""snapshot_version"": ""osm_myanmar_2026_07_21_yangon_city_v1"", ""source_snapshot_id"": 9, ""source_classification"": ""settlement""}"
osm:node:13188057085,safe_new,အမှတ် (၁၆၃) ရပ်ကွက်,အမှတ် (၁၆၃) ရပ်ကွက်,quarter,quarter,settlement,16.9582538,96.2520756,80.00,ef511e1187ed39ee45abae78de26fbd1,"{""place"": ""quarter"", ""osm_id"": ""13188057085"", ""raw_id"": 704, ""raw_table"": ""raw_osm_points"", ""population"": null, ""external_id"": ""osm:node:13188057085"", ""region_code"": ""MM-YANGON"", ""osm_feature_type"": ""N"", ""snapshot_version"": ""osm_myanmar_2026_07_21_yangon_city_v1"", ""source_snapshot_id"": 9, ""source_classification"": ""settlement""}"
osm:node:13188057072,safe_new,အမှတ် (၁၆၄) ရပ်ကွက်,အမှတ် (၁၆၄) ရပ်ကွက်,quarter,quarter,settlement,16.9533571,96.2632799,80.00,fd18158914c9921e9f5a1f1f1e1566e2,"{""place"": ""quarter"", ""osm_id"": ""13188057072"", ""raw_id"": 706, ""raw_table"": ""raw_osm_points"", ""population"": null, ""external_id"": ""osm:node:13188057072"", ""region_code"": ""MM-YANGON"", ""osm_feature_type"": ""N"", ""snapshot_version"": ""osm_myanmar_2026_07_21_yangon_city_v1"", ""source_snapshot_id"": 9, ""source_classification"": ""settlement""}"
osm:node:13188170358,safe_new,Industrial Zone,Industrial Zone,quarter,quarter,settlement,16.9207977,96.3293341,80.00,6e7684795c2340fa3b4451c2d47d03d5,"{""place"": ""quarter"", ""osm_id"": ""13188170358"", ""raw_id"": 754, ""raw_table"": ""raw_osm_points"", ""population"": null, ""external_id"": ""osm:node:13188170358"", ""region_code"": ""MM-YANGON"", ""osm_feature_type"": ""N"", ""snapshot_version"": ""osm_myanmar_2026_07_21_yangon_city_v1"", ""source_snapshot_id"": 9, ""source_classification"": ""settlement""}"
osm:node:269679603,safe_new,ညောင်ပင်,ညောင်ပင်,village,village,settlement,16.9203588,96.3305994,80.00,e834cd86052db33aa69f294f3c5f14a4,"{""place"": ""village"", ""osm_id"": ""269679603"", ""raw_id"": 755, ""raw_table"": ""raw_osm_points"", ""population"": null, ""external_id"": ""osm:node:269679603"", ""region_code"": ""MM-YANGON"", ""osm_feature_type"": ""N"", ""snapshot_version"": ""osm_myanmar_2026_07_21_yangon_city_v1"", ""source_snapshot_id"": 9, ""source_classification"": ""settlement""}"
osm:node:9540443884,safe_new,သရက်ပင်ချောင်,သရက်ပင်ချောင်,village,village,settlement,16.9146915,96.337829,80.00,53f58332bac2fc7a787fd0dd3b307497,"{""place"": ""village"", ""osm_id"": ""9540443884"", ""raw_id"": 757, ""raw_table"": ""raw_osm_points"", ""population"": null, ""external_id"": ""osm:node:9540443884"", ""region_code"": ""MM-YANGON"", ""osm_feature_type"": ""N"", ""snapshot_version"": ""osm_myanmar_2026_07_21_yangon_city_v1"", ""source_snapshot_id"": 9, ""source_classification"": ""settlement""}"
osm:node:13185294640,safe_new,အမှတ် (၁၅၄) ရပ်ကွက်,အမှတ် (၁၅၄) ရပ်ကွက်,quarter,quarter,settlement,16.9264059,96.2905992,80.00,da7dbc7bad8d30e3fa06fa3b96893cb7,"{""place"": ""quarter"", ""osm_id"": ""13185294640"", ""raw_id"": 770, ""raw_table"": ""raw_osm_points"", ""population"": null, ""external_id"": ""osm:node:13185294640"", ""region_code"": ""MM-YANGON"", ""osm_feature_type"": ""N"", ""snapshot_version"": ""osm_myanmar_2026_07_21_yangon_city_v1"", ""source_snapshot_id"": 9, ""source_classification"": ""settlement""}"
osm:node:13185294669,safe_new,သုံးခွ (တောင်) ရပ်ကွက်,သုံးခွ (တောင်) ရပ်ကွက်,quarter,quarter,settlement,16.9328983,96.2790074,80.00,a34122d9232ea20410b9e975ce669542,"{""place"": ""quarter"", ""osm_id"": ""13185294669"", ""raw_id"": 771, ""raw_table"": ""raw_osm_points"", ""population"": null, ""external_id"": ""osm:node:13185294669"", ""region_code"": ""MM-YANGON"", ""osm_feature_type"": ""N"", ""snapshot_version"": ""osm_myanmar_2026_07_21_yangon_city_v1"", ""source_snapshot_id"": 9, ""source_classification"": ""settlement""}"
osm:node:13185294672,safe_new,ရွာသာကြီး (တောင်) ရပ်ကွက်,ရွာသာကြီး (တောင်) ရပ်ကွက်,quarter,quarter,settlement,16.9073735,96.2542801,80.00,9414a0186e116167b3f65f18611fe99d,"{""place"": ""quarter"", ""osm_id"": ""13185294672"", ""raw_id"": 818, ""raw_table"": ""raw_osm_points"", ""population"": null, ""external_id"": ""osm:node:13185294672"", ""region_code"": ""MM-YANGON"", ""osm_feature_type"": ""N"", ""snapshot_version"": ""osm_myanmar_2026_07_21_yangon_city_v1"", ""source_snapshot_id"": 9, ""source_classification"": ""settlement""}"
osm:node:13185294636,safe_new,အမှတ် (၁၅၃) ရပ်ကွက်,အမှတ် (၁၅၃) ရပ်ကွက်,quarter,quarter,settlement,16.9104153,96.2712367,80.00,ce75eabeaac03b02aea8198d374617d1,"{""place"": ""quarter"", ""osm_id"": ""13185294636"", ""raw_id"": 819, ""raw_table"": ""raw_osm_points"", ""population"": null, ""external_id"": ""osm:node:13185294636"", ""region_code"": ""MM-YANGON"", ""osm_feature_type"": ""N"", ""snapshot_version"": ""osm_myanmar_2026_07_21_yangon_city_v1"", ""source_snapshot_id"": 9, ""source_classification"": ""settlement""}"
osm:node:13185291961,safe_new,အမှတ် (၁၄၀) ရပ်ကွက်,အမှတ် (၁၄၀) ရပ်ကွက်,quarter,quarter,settlement,16.9001194,96.2527947,80.00,79e4a69d7ada99eb0634091327deaf79,"{""place"": ""quarter"", ""osm_id"": ""13185291961"", ""raw_id"": 826, ""raw_table"": ""raw_osm_points"", ""population"": null, ""external_id"": ""osm:node:13185291961"", ""region_code"": ""MM-YANGON"", ""osm_feature_type"": ""N"", ""snapshot_version"": ""osm_myanmar_2026_07_21_yangon_city_v1"", ""source_snapshot_id"": 9, ""source_classification"": ""settlement""}"
osm:node:13188170370,safe_new,အမှတ် (၇၇) ရပ်ကွက်,အမှတ် (၇၇) ရပ်ကွက်,quarter,quarter,settlement,16.8291436,96.2563212,80.00,4c70cc21753e6a6569c023538b97d909,"{""place"": ""quarter"", ""osm_id"": ""13188170370"", ""raw_id"": 940, ""raw_table"": ""raw_osm_points"", ""population"": null, ""external_id"": ""osm:node:13188170370"", ""region_code"": ""MM-YANGON"", ""osm_feature_type"": ""N"", ""snapshot_version"": ""osm_myanmar_2026_07_21_yangon_city_v1"", ""source_snapshot_id"": 9, ""source_classification"": ""settlement""}"
osm:node:13188170379,safe_new,အမှတ် (၇၈) ရပ်ကွက်,အမှတ် (၇၈) ရပ်ကွက်,quarter,quarter,settlement,16.8282489,96.2613943,80.00,26b727c6c3d4afa864c9c0f8cacb6932,"{""place"": ""quarter"", ""osm_id"": ""13188170379"", ""raw_id"": 941, ""raw_table"": ""raw_osm_points"", ""population"": null, ""external_id"": ""osm:node:13188170379"", ""region_code"": ""MM-YANGON"", ""osm_feature_type"": ""N"", ""snapshot_version"": ""osm_myanmar_2026_07_21_yangon_city_v1"", ""source_snapshot_id"": 9, ""source_classification"": ""settlement""}"
osm:node:13188170369,safe_new,အမှတ် (၅၉) ရပ်ကွက်,အမှတ် (၅၉) ရပ်ကွက်,quarter,quarter,settlement,16.8419634,96.2541505,80.00,c2b8ce4f6139010813ecc8d5058b664a,"{""place"": ""quarter"", ""osm_id"": ""13188170369"", ""raw_id"": 956, ""raw_table"": ""raw_osm_points"", ""population"": null, ""external_id"": ""osm:node:13188170369"", ""region_code"": ""MM-YANGON"", ""osm_feature_type"": ""N"", ""snapshot_version"": ""osm_myanmar_2026_07_21_yangon_city_v1"", ""source_snapshot_id"": 9, ""source_classification"": ""settlement""}"
osm:node:13188170354,safe_new,အမှတ် (၈၀) ရပ်ကွက်,အမှတ် (၈၀) ရပ်ကွက်,quarter,quarter,settlement,16.843456,96.2629098,80.00,71ecd24f10be64c858573abaa82da0b6,"{""place"": ""quarter"", ""osm_id"": ""13188170354"", ""raw_id"": 957, ""raw_table"": ""raw_osm_points"", ""population"": null, ""external_id"": ""osm:node:13188170354"", ""region_code"": ""MM-YANGON"", ""osm_feature_type"": ""N"", ""snapshot_version"": ""osm_myanmar_2026_07_21_yangon_city_v1"", ""source_snapshot_id"": 9, ""source_classification"": ""settlement""}"
osm:node:13188170362,safe_new,အမှတ် (၇၉) ရပ်ကွက်,အမှတ် (၇၉) ရပ်ကွက်,quarter,quarter,settlement,16.8370648,96.2610072,80.00,31f51c1fa4d1f6f2b7a63fca9aac8d83,"{""place"": ""quarter"", ""osm_id"": ""13188170362"", ""raw_id"": 960, ""raw_table"": ""raw_osm_points"", ""population"": null, ""external_id"": ""osm:node:13188170362"", ""region_code"": ""MM-YANGON"", ""osm_feature_type"": ""N"", ""snapshot_version"": ""osm_myanmar_2026_07_21_yangon_city_v1"", ""source_snapshot_id"": 9, ""source_classification"": ""settlement""}"
osm:node:13188170389,safe_new,အမှတ် (၉၀) ရပ်ကွက်,အမှတ် (၉၀) ရပ်ကွက်,quarter,quarter,settlement,16.8409857,96.2731561,80.00,ee8f346151eaa22e4f95db595f81b32f,"{""place"": ""quarter"", ""osm_id"": ""13188170389"", ""raw_id"": 964, ""raw_table"": ""raw_osm_points"", ""population"": null, ""external_id"": ""osm:node:13188170389"", ""region_code"": ""MM-YANGON"", ""osm_feature_type"": ""N"", ""snapshot_version"": ""osm_myanmar_2026_07_21_yangon_city_v1"", ""source_snapshot_id"": 9, ""source_classification"": ""settlement""}"
osm:node:13188170391,safe_new,Industrial Zone,Industrial Zone,quarter,quarter,settlement,16.8341484,96.286599,80.00,10b4254ebda1bebf536499e69f6c9ebb,"{""place"": ""quarter"", ""osm_id"": ""13188170391"", ""raw_id"": 998, ""raw_table"": ""raw_osm_points"", ""population"": null, ""external_id"": ""osm:node:13188170391"", ""region_code"": ""MM-YANGON"", ""osm_feature_type"": ""N"", ""snapshot_version"": ""osm_myanmar_2026_07_21_yangon_city_v1"", ""source_snapshot_id"": 9, ""source_classification"": ""settlement""}"
osm:node:13188170374,safe_new,Industrial Zone,Industrial Zone,quarter,quarter,settlement,16.8473448,96.2891979,80.00,e9c32f3ada1b2261ab8f5c0c8b6c2190,"{""place"": ""quarter"", ""osm_id"": ""13188170374"", ""raw_id"": 1012, ""raw_table"": ""raw_osm_points"", ""population"": null, ""external_id"": ""osm:node:13188170374"", ""region_code"": ""MM-YANGON"", ""osm_feature_type"": ""N"", ""snapshot_version"": ""osm_myanmar_2026_07_21_yangon_city_v1"", ""source_snapshot_id"": 9, ""source_classification"": ""settlement""}"
osm:node:13188170383,safe_new,အမှတ် (၈၇) ရပ်ကွက်,အမှတ် (၈၇) ရပ်ကွက်,quarter,quarter,settlement,16.856439,96.2762849,80.00,76362a9e8897ce2f16499a1d52b57ae2,"{""place"": ""quarter"", ""osm_id"": ""13188170383"", ""raw_id"": 1021, ""raw_table"": ""raw_osm_points"", ""population"": null, ""external_id"": ""osm:node:13188170383"", ""region_code"": ""MM-YANGON"", ""osm_feature_type"": ""N"", ""snapshot_version"": ""osm_myanmar_2026_07_21_yangon_city_v1"", ""source_snapshot_id"": 9, ""source_classification"": ""settlement""}"
osm:node:13188170386,safe_new,အမှတ် (၈၃) ရပ်ကွက်,အမှတ် (၈၃) ရပ်ကွက်,quarter,quarter,settlement,16.8588615,96.2656492,80.00,1204a3420095048cd5064c3438d195cd,"{""place"": ""quarter"", ""osm_id"": ""13188170386"", ""raw_id"": 1022, ""raw_table"": ""raw_osm_points"", ""population"": null, ""external_id"": ""osm:node:13188170386"", ""region_code"": ""MM-YANGON"", ""osm_feature_type"": ""N"", ""snapshot_version"": ""osm_myanmar_2026_07_21_yangon_city_v1"", ""source_snapshot_id"": 9, ""source_classification"": ""settlement""}"
osm:node:13188170375,safe_new,အမှတ် (၈၄) ရပ်ကွက်,အမှတ် (၈၄) ရပ်ကွက်,quarter,quarter,settlement,16.857386,96.2702501,80.00,a4a21dd88df5d40a99a871f7edcded6e,"{""place"": ""quarter"", ""osm_id"": ""13188170375"", ""raw_id"": 1023, ""raw_table"": ""raw_osm_points"", ""population"": null, ""external_id"": ""osm:node:13188170375"", ""region_code"": ""MM-YANGON"", ""osm_feature_type"": ""N"", ""snapshot_version"": ""osm_myanmar_2026_07_21_yangon_city_v1"", ""source_snapshot_id"": 9, ""source_classification"": ""settlement""}"
osm:node:13188170357,safe_new,အမှတ် (၈၈) ရပ်ကွက်,အမှတ် (၈၈) ရပ်ကွက်,quarter,quarter,settlement,16.8490299,96.2738488,80.00,072c435d2553466d7023227645ee9b6b,"{""place"": ""quarter"", ""osm_id"": ""13188170357"", ""raw_id"": 1027, ""raw_table"": ""raw_osm_points"", ""population"": null, ""external_id"": ""osm:node:13188170357"", ""region_code"": ""MM-YANGON"", ""osm_feature_type"": ""N"", ""snapshot_version"": ""osm_myanmar_2026_07_21_yangon_city_v1"", ""source_snapshot_id"": 9, ""source_classification"": ""settlement""}"
osm:node:13188170368,safe_new,အမှတ် (၈၁) ရပ်ကွက်,အမှတ် (၈၁) ရပ်ကွက်,quarter,quarter,settlement,16.8498884,96.2680581,80.00,1a80bb77b80d302a323106f8df7e640d,"{""place"": ""quarter"", ""osm_id"": ""13188170368"", ""raw_id"": 1051, ""raw_table"": ""raw_osm_points"", ""population"": null, ""external_id"": ""osm:node:13188170368"", ""region_code"": ""MM-YANGON"", ""osm_feature_type"": ""N"", ""snapshot_version"": ""osm_myanmar_2026_07_21_yangon_city_v1"", ""source_snapshot_id"": 9, ""source_classification"": ""settlement""}"
osm:node:13188170377,safe_new,အမှတ် (၈၂) ရပ်ကွက်,အမှတ် (၈၂) ရပ်ကွက်,quarter,quarter,settlement,16.8512881,96.2630687,80.00,90e121e93115653644019e5bf7f4c6d9,"{""place"": ""quarter"", ""osm_id"": ""13188170377"", ""raw_id"": 1052, ""raw_table"": ""raw_osm_points"", ""population"": null, ""external_id"": ""osm:node:13188170377"", ""region_code"": ""MM-YANGON"", ""osm_feature_type"": ""N"", ""snapshot_version"": ""osm_myanmar_2026_07_21_yangon_city_v1"", ""source_snapshot_id"": 9, ""source_classification"": ""settlement""}"
osm:node:13188170392,safe_new,အမှတ် (၆၉) ရပ်ကွက်,အမှတ် (၆၉) ရပ်ကွက်,quarter,quarter,settlement,16.8561036,96.2584399,80.00,8f8019d25f0e856a9ec4e7e1c2b1a9fc,"{""place"": ""quarter"", ""osm_id"": ""13188170392"", ""raw_id"": 1061, ""raw_table"": ""raw_osm_points"", ""population"": null, ""external_id"": ""osm:node:13188170392"", ""region_code"": ""MM-YANGON"", ""osm_feature_type"": ""N"", ""snapshot_version"": ""osm_myanmar_2026_07_21_yangon_city_v1"", ""source_snapshot_id"": 9, ""source_classification"": ""settlement""}"
osm:node:13185294658,safe_new,အမှတ် (၅၆) ရပ်ကွက်,အမှတ် (၅၆) ရပ်ကွက်,quarter,quarter,settlement,16.8611176,96.2526323,80.00,bb0f02668a1f3bcb191671487e700dfa,"{""place"": ""quarter"", ""osm_id"": ""13185294658"", ""raw_id"": 1063, ""raw_table"": ""raw_osm_points"", ""population"": null, ""external_id"": ""osm:node:13185294658"", ""region_code"": ""MM-YANGON"", ""osm_feature_type"": ""N"", ""snapshot_version"": ""osm_myanmar_2026_07_21_yangon_city_v1"", ""source_snapshot_id"": 9, ""source_classification"": ""settlement""}"
osm:node:13188170366,safe_new,အမှတ် (၈၆) ရပ်ကွက်,အမှတ် (၈၆) ရပ်ကွက်,quarter,quarter,settlement,16.862613,96.2778051,80.00,0c39f47303b0e315405c7620f0b68537,"{""place"": ""quarter"", ""osm_id"": ""13188170366"", ""raw_id"": 1078, ""raw_table"": ""raw_osm_points"", ""population"": null, ""external_id"": ""osm:node:13188170366"", ""region_code"": ""MM-YANGON"", ""osm_feature_type"": ""N"", ""snapshot_version"": ""osm_myanmar_2026_07_21_yangon_city_v1"", ""source_snapshot_id"": 9, ""source_classification"": ""settlement""}"
osm:node:13188170393,safe_new,အမှတ် (၈၅) ရပ်ကွက်,အမှတ် (၈၅) ရပ်ကွက်,quarter,quarter,settlement,16.8679138,96.2731418,80.00,b4f1bbda50be11ba722543e3dd3e7cfd,"{""place"": ""quarter"", ""osm_id"": ""13188170393"", ""raw_id"": 1080, ""raw_table"": ""raw_osm_points"", ""population"": null, ""external_id"": ""osm:node:13188170393"", ""region_code"": ""MM-YANGON"", ""osm_feature_type"": ""N"", ""snapshot_version"": ""osm_myanmar_2026_07_21_yangon_city_v1"", ""source_snapshot_id"": 9, ""source_classification"": ""settlement""}"
osm:node:13185294646,safe_new,အမှတ် (၁၉) ရပ်ကွက်,အမှတ် (၁၉) ရပ်ကွက်,quarter,quarter,settlement,16.8540653,96.2355675,80.00,87a8b9d30ebe0350d1c7d24bc80ad4b1,"{""place"": ""quarter"", ""osm_id"": ""13185294646"", ""raw_id"": 1215, ""raw_table"": ""raw_osm_points"", ""population"": null, ""external_id"": ""osm:node:13185294646"", ""region_code"": ""MM-YANGON"", ""osm_feature_type"": ""N"", ""snapshot_version"": ""osm_myanmar_2026_07_21_yangon_city_v1"", ""source_snapshot_id"": 9, ""source_classification"": ""settlement""}"
osm:node:13875311812,safe_new,၁၄/၁ ရပ်ကွက်,၁၄/၁ ရပ်ကွက်,quarter,quarter,settlement,16.8501176,96.1970309,80.00,f8df866bda89b69d96c4c51088de2cd8,"{""place"": ""quarter"", ""osm_id"": ""13875311812"", ""raw_id"": 1431, ""raw_table"": ""raw_osm_points"", ""population"": null, ""external_id"": ""osm:node:13875311812"", ""region_code"": ""MM-YANGON"", ""osm_feature_type"": ""N"", ""snapshot_version"": ""osm_myanmar_2026_07_21_yangon_city_v1"", ""source_snapshot_id"": 9, ""source_classification"": ""settlement""}"
osm:node:13185333742,safe_new,၂၉ ရပ်ကွက်,၂၉ ရပ်ကွက်,quarter,quarter,settlement,16.87246,96.203402,80.00,dde3f60f1d8b7b2fbbe9a917189d73a7,"{""place"": ""quarter"", ""osm_id"": ""13185333742"", ""raw_id"": 1719, ""raw_table"": ""raw_osm_points"", ""population"": null, ""external_id"": ""osm:node:13185333742"", ""region_code"": ""MM-YANGON"", ""osm_feature_type"": ""N"", ""snapshot_version"": ""osm_myanmar_2026_07_21_yangon_city_v1"", ""source_snapshot_id"": 9, ""source_classification"": ""settlement""}"
osm:node:13182426997,safe_new,၁o ရပ်ကွက်,၁o ရပ်ကွက်,quarter,quarter,settlement,16.8471615,96.1855604,80.00,998501e466adfacac40f14796c1d3c28,"{""place"": ""quarter"", ""osm_id"": ""13182426997"", ""raw_id"": 3313, ""raw_table"": ""raw_osm_points"", ""population"": null, ""external_id"": ""osm:node:13182426997"", ""region_code"": ""MM-YANGON"", ""osm_feature_type"": ""N"", ""snapshot_version"": ""osm_myanmar_2026_07_21_yangon_city_v1"", ""source_snapshot_id"": 9, ""source_classification"": ""settlement""}"
osm:node:13182416620,safe_new,အမှတ် (၁၅) ရပ်ကွက်,အမှတ် (၁၅) ရပ်ကွက်,quarter,quarter,settlement,16.8286032,96.1674411,80.00,657981a7475d8f8a6910b0b66b586c1e,"{""place"": ""quarter"", ""osm_id"": ""13182416620"", ""raw_id"": 3724, ""raw_table"": ""raw_osm_points"", ""population"": null, ""external_id"": ""osm:node:13182416620"", ""region_code"": ""MM-YANGON"", ""osm_feature_type"": ""N"", ""snapshot_version"": ""osm_myanmar_2026_07_21_yangon_city_v1"", ""source_snapshot_id"": 9, ""source_classification"": ""settlement""}"
osm:node:13182416624,safe_new,အမှတ် (၁) ရပ်ကွက်,အမှတ် (၁) ရပ်ကွက်,quarter,quarter,settlement,16.8297736,96.1641699,80.00,efd9f3bb65bf7995cae6ce8f7bc96730,"{""place"": ""quarter"", ""osm_id"": ""13182416624"", ""raw_id"": 3726, ""raw_table"": ""raw_osm_points"", ""population"": null, ""external_id"": ""osm:node:13182416624"", ""region_code"": ""MM-YANGON"", ""osm_feature_type"": ""N"", ""snapshot_version"": ""osm_myanmar_2026_07_21_yangon_city_v1"", ""source_snapshot_id"": 9, ""source_classification"": ""settlement""}"
osm:node:13182416617,safe_new,အမှတ် (၁၁) ရပ်ကွက်,အမှတ် (၁၁) ရပ်ကွက်,quarter,quarter,settlement,16.8399135,96.1636513,80.00,f13bcfa382ba49c7eebbf82326abda64,"{""place"": ""quarter"", ""osm_id"": ""13182416617"", ""raw_id"": 3901, ""raw_table"": ""raw_osm_points"", ""population"": null, ""external_id"": ""osm:node:13182416617"", ""region_code"": ""MM-YANGON"", ""osm_feature_type"": ""N"", ""snapshot_version"": ""osm_myanmar_2026_07_21_yangon_city_v1"", ""source_snapshot_id"": 9, ""source_classification"": ""settlement""}"
osm:node:13182416612,safe_new,အမှတ် (၇) ရပ်ကွက်,အမှတ် (၇) ရပ်ကွက်,quarter,quarter,settlement,16.8405629,96.1577772,80.00,2bf1f5246ed3b18011a2a81e8ba2fc32,"{""place"": ""quarter"", ""osm_id"": ""13182416612"", ""raw_id"": 3905, ""raw_table"": ""raw_osm_points"", ""population"": null, ""external_id"": ""osm:node:13182416612"", ""region_code"": ""MM-YANGON"", ""osm_feature_type"": ""N"", ""snapshot_version"": ""osm_myanmar_2026_07_21_yangon_city_v1"", ""source_snapshot_id"": 9, ""source_classification"": ""settlement""}"
osm:node:13179642843,safe_new,သာသနာ့ရိပ်သာရပ်ကွက်,သာသနာ့ရိပ်သာရပ်ကွက်,quarter,quarter,settlement,16.8147141,96.1585062,80.00,0dc47fc1be770a9f8ee462d3e3e0faf7,"{""place"": ""quarter"", ""osm_id"": ""13179642843"", ""raw_id"": 5036, ""raw_table"": ""raw_osm_points"", ""population"": null, ""external_id"": ""osm:node:13179642843"", ""region_code"": ""MM-YANGON"", ""osm_feature_type"": ""N"", ""snapshot_version"": ""osm_myanmar_2026_07_21_yangon_city_v1"", ""source_snapshot_id"": 9, ""source_classification"": ""settlement""}"
osm:node:13179642835,safe_new,ကျိုက္ကဆံရပ်ကွက်,ကျိုက္ကဆံရပ်ကွက်,quarter,quarter,settlement,16.8137957,96.1653795,80.00,6986cac544afe1278ce9480c7a8ee57c,"{""place"": ""quarter"", ""osm_id"": ""13179642835"", ""raw_id"": 5042, ""raw_table"": ""raw_osm_points"", ""population"": null, ""external_id"": ""osm:node:13179642835"", ""region_code"": ""MM-YANGON"", ""osm_feature_type"": ""N"", ""snapshot_version"": ""osm_myanmar_2026_07_21_yangon_city_v1"", ""source_snapshot_id"": 9, ""source_classification"": ""settlement""}"
osm:node:13182734272,safe_new,ဇ-ရပ်ကွက် (တောင်),ဇ-ရပ်ကွက် (တောင်),quarter,quarter,settlement,16.8259952,96.1826525,80.00,b63daa30e48c788d24582133c93e90a3,"{""place"": ""quarter"", ""osm_id"": ""13182734272"", ""raw_id"": 5434, ""raw_table"": ""raw_osm_points"", ""population"": ""4015"", ""external_id"": ""osm:node:13182734272"", ""region_code"": ""MM-YANGON"", ""osm_feature_type"": ""N"", ""snapshot_version"": ""osm_myanmar_2026_07_21_yangon_city_v1"", ""source_snapshot_id"": 9, ""source_classification"": ""settlement""}"
osm:node:2965516594,safe_new,ဝေဇယန္တာဥယျာဉ်အိမ်ရာ,ဝေဇယန္တာဥယျာဉ်အိမ်ရာ,neighbourhood,neighbourhood,settlement,16.8257256,96.1807792,80.00,81b316de92a2dce11c823dbcd3465f43,"{""place"": ""neighbourhood"", ""osm_id"": ""2965516594"", ""raw_id"": 5435, ""raw_table"": ""raw_osm_points"", ""population"": null, ""external_id"": ""osm:node:2965516594"", ""region_code"": ""MM-YANGON"", ""osm_feature_type"": ""N"", ""snapshot_version"": ""osm_myanmar_2026_07_21_yangon_city_v1"", ""source_snapshot_id"": 9, ""source_classification"": ""settlement""}"
osm:node:13182734294,safe_new,အောင်ဆုပန်ရပ်ကွက်,အောင်ဆုပန်ရပ်ကွက်,quarter,quarter,settlement,16.8134483,96.1888129,80.00,8e5ace0665245539f099e533c721f314,"{""place"": ""quarter"", ""osm_id"": ""13182734294"", ""raw_id"": 5626, ""raw_table"": ""raw_osm_points"", ""population"": null, ""external_id"": ""osm:node:13182734294"", ""region_code"": ""MM-YANGON"", ""osm_feature_type"": ""N"", ""snapshot_version"": ""osm_myanmar_2026_07_21_yangon_city_v1"", ""source_snapshot_id"": 9, ""source_classification"": ""settlement""}"
osm:node:13182734277,safe_new,အမှတ် (၂၄) သုဝဏ္ဏရပ်ကွက်,အမှတ် (၂၄) သုဝဏ္ဏရပ်ကွက်,quarter,quarter,settlement,16.8137054,96.1948761,80.00,d7d2fe00d60252f6b11b3db2e328dbee,"{""place"": ""quarter"", ""osm_id"": ""13182734277"", ""raw_id"": 5631, ""raw_table"": ""raw_osm_points"", ""population"": null, ""external_id"": ""osm:node:13182734277"", ""region_code"": ""MM-YANGON"", ""osm_feature_type"": ""N"", ""snapshot_version"": ""osm_myanmar_2026_07_21_yangon_city_v1"", ""source_snapshot_id"": 9, ""source_classification"": ""settlement""}"
osm:node:13182734300,safe_new,ခ-ရပ်ကွက်,ခ-ရပ်ကွက်,quarter,quarter,settlement,16.8267384,96.1988214,80.00,623eafb760e260974d4c12259f1168a1,"{""place"": ""quarter"", ""osm_id"": ""13182734300"", ""raw_id"": 5827, ""raw_table"": ""raw_osm_points"", ""population"": null, ""external_id"": ""osm:node:13182734300"", ""region_code"": ""MM-YANGON"", ""osm_feature_type"": ""N"", ""snapshot_version"": ""osm_myanmar_2026_07_21_yangon_city_v1"", ""source_snapshot_id"": 9, ""source_classification"": ""settlement""}"
osm:node:13182734276,safe_new,ဗိုလ်ကံညွှန့်ရပ်ကွက်,ဗိုလ်ကံညွှန့်ရပ်ကွက်,quarter,quarter,settlement,16.8296752,96.1958532,80.00,f763ee8757ebb2491fedda54e3a00df7,"{""place"": ""quarter"", ""osm_id"": ""13182734276"", ""raw_id"": 5993, ""raw_table"": ""raw_osm_points"", ""population"": null, ""external_id"": ""osm:node:13182734276"", ""region_code"": ""MM-YANGON"", ""osm_feature_type"": ""N"", ""snapshot_version"": ""osm_myanmar_2026_07_21_yangon_city_v1"", ""source_snapshot_id"": 9, ""source_classification"": ""settlement""}"
osm:node:13182734284,safe_new,ရန်အောင်ရပ်ကွက်,ရန်အောင်ရပ်ကွက်,quarter,quarter,settlement,16.8310033,96.1974515,80.00,329fa273d5f266d9095bec445ed67434,"{""place"": ""quarter"", ""osm_id"": ""13182734284"", ""raw_id"": 5999, ""raw_table"": ""raw_osm_points"", ""population"": null, ""external_id"": ""osm:node:13182734284"", ""region_code"": ""MM-YANGON"", ""osm_feature_type"": ""N"", ""snapshot_version"": ""osm_myanmar_2026_07_21_yangon_city_v1"", ""source_snapshot_id"": 9, ""source_classification"": ""settlement""}"
osm:node:13182734281,safe_new,ဘဏ်ရိပ်သာရပ်ကွက်,ဘဏ်ရိပ်သာရပ်ကွက်,quarter,quarter,settlement,16.8310639,96.196292,80.00,25b425bd015c30c9a854431c1faabebf,"{""place"": ""quarter"", ""osm_id"": ""13182734281"", ""raw_id"": 6000, ""raw_table"": ""raw_osm_points"", ""population"": null, ""external_id"": ""osm:node:13182734281"", ""region_code"": ""MM-YANGON"", ""osm_feature_type"": ""N"", ""snapshot_version"": ""osm_myanmar_2026_07_21_yangon_city_v1"", ""source_snapshot_id"": 9, ""source_classification"": ""settlement""}"
osm:node:2959455265,safe_new,မေခအိမ်ယာ,မေခအိမ်ယာ,neighbourhood,neighbourhood,settlement,16.8363048,96.1963257,80.00,7b2e4b92d08db5853165742c8a779dd1,"{""place"": ""neighbourhood"", ""osm_id"": ""2959455265"", ""raw_id"": 6258, ""raw_table"": ""raw_osm_points"", ""population"": null, ""external_id"": ""osm:node:2959455265"", ""region_code"": ""MM-YANGON"", ""osm_feature_type"": ""N"", ""snapshot_version"": ""osm_myanmar_2026_07_21_yangon_city_v1"", ""source_snapshot_id"": 9, ""source_classification"": ""settlement""}"
osm:node:13188170360,safe_new,အမှတ် (၅၈) ရပ်ကွက်,အမှတ် (၅၈) ရပ်ကွက်,quarter,quarter,settlement,16.8418756,96.2481908,80.00,55015c07bb531062cb058f7f0dc96ffb,"{""place"": ""quarter"", ""osm_id"": ""13188170360"", ""raw_id"": 6523, ""raw_table"": ""raw_osm_points"", ""population"": null, ""external_id"": ""osm:node:13188170360"", ""region_code"": ""MM-YANGON"", ""osm_feature_type"": ""N"", ""snapshot_version"": ""osm_myanmar_2026_07_21_yangon_city_v1"", ""source_snapshot_id"": 9, ""source_classification"": ""settlement""}"
osm:node:13185294673,safe_new,အမှတ် (၆၅) ရပ်ကွက်,အမှတ် (၆၅) ရပ်ကွက်,quarter,quarter,settlement,16.8342822,96.238651,80.00,12df9e32ab48c69637d6158362700eb7,"{""place"": ""quarter"", ""osm_id"": ""13185294673"", ""raw_id"": 6540, ""raw_table"": ""raw_osm_points"", ""population"": null, ""external_id"": ""osm:node:13185294673"", ""region_code"": ""MM-YANGON"", ""osm_feature_type"": ""N"", ""snapshot_version"": ""osm_myanmar_2026_07_21_yangon_city_v1"", ""source_snapshot_id"": 9, ""source_classification"": ""settlement""}"
osm:node:13183321472,safe_new,အမှတ် (၉) ရပ်ကွက်,အမှတ် (၉) ရပ်ကွက်,quarter,quarter,settlement,16.8125865,96.2217139,80.00,fa03ed8a472666bd7de0291291b0f38b,"{""place"": ""quarter"", ""osm_id"": ""13183321472"", ""raw_id"": 6813, ""raw_table"": ""raw_osm_points"", ""population"": null, ""external_id"": ""osm:node:13183321472"", ""region_code"": ""MM-YANGON"", ""osm_feature_type"": ""N"", ""snapshot_version"": ""osm_myanmar_2026_07_21_yangon_city_v1"", ""source_snapshot_id"": 9, ""source_classification"": ""settlement""}"
osm:node:13188170356,safe_new,အမှတ် (၆၇) ရပ်ကွက်,အမှတ် (၆၇) ရပ်ကွက်,quarter,quarter,settlement,16.8099868,96.2403418,80.00,d54c0532f90551886b39d4c661bd2275,"{""place"": ""quarter"", ""osm_id"": ""13188170356"", ""raw_id"": 6870, ""raw_table"": ""raw_osm_points"", ""population"": null, ""external_id"": ""osm:node:13188170356"", ""region_code"": ""MM-YANGON"", ""osm_feature_type"": ""N"", ""snapshot_version"": ""osm_myanmar_2026_07_21_yangon_city_v1"", ""source_snapshot_id"": 9, ""source_classification"": ""settlement""}"
osm:node:13183321468,safe_new,အမှတ် (၆) ရပ်ကွက် (အနောက်),အမှတ် (၆) ရပ်ကွက် (အနောက်),quarter,quarter,settlement,16.7947504,96.2060774,80.00,fa1ee09b3bfff37e51929f921da3267e,"{""place"": ""quarter"", ""osm_id"": ""13183321468"", ""raw_id"": 7321, ""raw_table"": ""raw_osm_points"", ""population"": null, ""external_id"": ""osm:node:13183321468"", ""region_code"": ""MM-YANGON"", ""osm_feature_type"": ""N"", ""snapshot_version"": ""osm_myanmar_2026_07_21_yangon_city_v1"", ""source_snapshot_id"": 9, ""source_classification"": ""settlement""}"
osm:node:13183321467,safe_new,အမှတ် (၆) ရပ်ကွက် (အရှေ့),အမှတ် (၆) ရပ်ကွက် (အရှေ့),quarter,quarter,settlement,16.7939526,96.2104787,80.00,ee9f1b7eca7ff020dbe02753a0c9dcb5,"{""place"": ""quarter"", ""osm_id"": ""13183321467"", ""raw_id"": 7322, ""raw_table"": ""raw_osm_points"", ""population"": null, ""external_id"": ""osm:node:13183321467"", ""region_code"": ""MM-YANGON"", ""osm_feature_type"": ""N"", ""snapshot_version"": ""osm_myanmar_2026_07_21_yangon_city_v1"", ""source_snapshot_id"": 9, ""source_classification"": ""settlement""}"
osm:node:13183321463,safe_new,အမှတ် (၂) ရပ်ကွက် (တောင်),အမှတ် (၂) ရပ်ကွက် (တောင်),quarter,quarter,settlement,16.789278,96.1964388,80.00,52d87edd05d15b562da4a8a877413ff0,"{""place"": ""quarter"", ""osm_id"": ""13183321463"", ""raw_id"": 7400, ""raw_table"": ""raw_osm_points"", ""population"": null, ""external_id"": ""osm:node:13183321463"", ""region_code"": ""MM-YANGON"", ""osm_feature_type"": ""N"", ""snapshot_version"": ""osm_myanmar_2026_07_21_yangon_city_v1"", ""source_snapshot_id"": 9, ""source_classification"": ""settlement""}"
osm:node:13183321465,safe_new,အမှတ် (၂) ရပ်ကွက် (မြောက်),အမှတ် (၂) ရပ်ကွက် (မြောက်),quarter,quarter,settlement,16.7926253,96.1981703,80.00,5ddd1a7557fa7116887ac29cc9ff6364,"{""place"": ""quarter"", ""osm_id"": ""13183321465"", ""raw_id"": 7402, ""raw_table"": ""raw_osm_points"", ""population"": null, ""external_id"": ""osm:node:13183321465"", ""region_code"": ""MM-YANGON"", ""osm_feature_type"": ""N"", ""snapshot_version"": ""osm_myanmar_2026_07_21_yangon_city_v1"", ""source_snapshot_id"": 9, ""source_classification"": ""settlement""}"
osm:node:13183321462,safe_new,အမှတ် (၃) ရန်ပြေရပ်ကွက်,အမှတ် (၃) ရန်ပြေရပ်ကွက်,quarter,quarter,settlement,16.7846805,96.1922863,80.00,77d0647be5efad9e16ea0ad1626f14d1,"{""place"": ""quarter"", ""osm_id"": ""13183321462"", ""raw_id"": 7460, ""raw_table"": ""raw_osm_points"", ""population"": null, ""external_id"": ""osm:node:13183321462"", ""region_code"": ""MM-YANGON"", ""osm_feature_type"": ""N"", ""snapshot_version"": ""osm_myanmar_2026_07_21_yangon_city_v1"", ""source_snapshot_id"": 9, ""source_classification"": ""settlement""}"
osm:node:3534629276,safe_new,ဒေါပုံ,ဒေါပုံ,suburb,suburb,settlement,16.7826249,96.1877755,80.00,f7dd87f73375c6068b10cc0b5260630e,"{""place"": ""suburb"", ""osm_id"": ""3534629276"", ""raw_id"": 7461, ""raw_table"": ""raw_osm_points"", ""population"": null, ""external_id"": ""osm:node:3534629276"", ""region_code"": ""MM-YANGON"", ""osm_feature_type"": ""N"", ""snapshot_version"": ""osm_myanmar_2026_07_21_yangon_city_v1"", ""source_snapshot_id"": 9, ""source_classification"": ""settlement""}"
osm:node:13161362248,safe_new,အမှတ် (၁၁) ရပ်ကွက်,အမှတ် (၁၁) ရပ်ကွက်,quarter,quarter,settlement,16.7781675,96.1577822,80.00,41098f6b8ab662983fed92acd25007a2,"{""place"": ""quarter"", ""osm_id"": ""13161362248"", ""raw_id"": 7963, ""raw_table"": ""raw_osm_points"", ""population"": null, ""external_id"": ""osm:node:13161362248"", ""region_code"": ""MM-YANGON"", ""osm_feature_type"": ""N"", ""snapshot_version"": ""osm_myanmar_2026_07_21_yangon_city_v1"", ""source_snapshot_id"": 9, ""source_classification"": ""settlement""}"
osm:node:13161362249,safe_new,အမှတ် (၈) ရပ်ကွက်,အမှတ် (၈) ရပ်ကွက်,quarter,quarter,settlement,16.7781628,96.1567435,80.00,b1b36275af0ce932ac3378453af0f9d5,"{""place"": ""quarter"", ""osm_id"": ""13161362249"", ""raw_id"": 7968, ""raw_table"": ""raw_osm_points"", ""population"": null, ""external_id"": ""osm:node:13161362249"", ""region_code"": ""MM-YANGON"", ""osm_feature_type"": ""N"", ""snapshot_version"": ""osm_myanmar_2026_07_21_yangon_city_v1"", ""source_snapshot_id"": 9, ""source_classification"": ""settlement""}"
osm:node:13161425798,safe_new,အမှတ် (၅) ရပ်ကွက်,အမှတ် (၅) ရပ်ကွက်,quarter,quarter,settlement,16.7726772,96.1712796,80.00,7c94b853261415b80eb1822b06ecceaf,"{""place"": ""quarter"", ""osm_id"": ""13161425798"", ""raw_id"": 8638, ""raw_table"": ""raw_osm_points"", ""population"": null, ""external_id"": ""osm:node:13161425798"", ""region_code"": ""MM-YANGON"", ""osm_feature_type"": ""N"", ""snapshot_version"": ""osm_myanmar_2026_07_21_yangon_city_v1"", ""source_snapshot_id"": 9, ""source_classification"": ""settlement""}"
osm:node:3533081981,safe_new,ဗိုလ်တထောင်,ဗိုလ်တထောင်,suburb,suburb,settlement,16.7714469,96.178371,80.00,1e720ae766d7814464cd456d04e26000,"{""place"": ""suburb"", ""osm_id"": ""3533081981"", ""raw_id"": 9149, ""raw_table"": ""raw_osm_points"", ""population"": null, ""external_id"": ""osm:node:3533081981"", ""region_code"": ""MM-YANGON"", ""osm_feature_type"": ""N"", ""snapshot_version"": ""osm_myanmar_2026_07_21_yangon_city_v1"", ""source_snapshot_id"": 9, ""source_classification"": ""settlement""}"
osm:node:13161425793,safe_new,အမှတ် (၃) ရပ်ကွက်,အမှတ် (၃) ရပ်ကွက်,quarter,quarter,settlement,16.77146,96.1780842,80.00,d42ecf36d37a747fbfa7c29627894d78,"{""place"": ""quarter"", ""osm_id"": ""13161425793"", ""raw_id"": 9150, ""raw_table"": ""raw_osm_points"", ""population"": null, ""external_id"": ""osm:node:13161425793"", ""region_code"": ""MM-YANGON"", ""osm_feature_type"": ""N"", ""snapshot_version"": ""osm_myanmar_2026_07_21_yangon_city_v1"", ""source_snapshot_id"": 9, ""source_classification"": ""settlement""}"
osm:node:13161425799,safe_new,အမှတ် (၁) ရပ်ကွက်,အမှတ် (၁) ရပ်ကွက်,quarter,quarter,settlement,16.7675083,96.1848052,80.00,5bf771795ea56c12a566929d00f7f7f5,"{""place"": ""quarter"", ""osm_id"": ""13161425799"", ""raw_id"": 9180, ""raw_table"": ""raw_osm_points"", ""population"": null, ""external_id"": ""osm:node:13161425799"", ""region_code"": ""MM-YANGON"", ""osm_feature_type"": ""N"", ""snapshot_version"": ""osm_myanmar_2026_07_21_yangon_city_v1"", ""source_snapshot_id"": 9, ""source_classification"": ""settlement""}"
osm:node:13229162428,safe_new,မြို့မအပိုင်း (၁) ရပ်ကွက်,မြို့မအပိုင်း (၁) ရပ်ကွက်,quarter,quarter,settlement,16.755642,96.1655744,80.00,56a94f31502a6e4064c0935674ff51f6,"{""place"": ""quarter"", ""osm_id"": ""13229162428"", ""raw_id"": 9186, ""raw_table"": ""raw_osm_points"", ""population"": null, ""external_id"": ""osm:node:13229162428"", ""region_code"": ""MM-YANGON"", ""osm_feature_type"": ""N"", ""snapshot_version"": ""osm_myanmar_2026_07_21_yangon_city_v1"", ""source_snapshot_id"": 9, ""source_classification"": ""settlement""}"
osm:node:13229162425,safe_new,မြို့မအပိုင်း (၃) ရပ်ကွက်,မြို့မအပိုင်း (၃) ရပ်ကွက်,quarter,quarter,settlement,16.7557575,96.1625128,80.00,50905f069d3302f44732db93ee644a02,"{""place"": ""quarter"", ""osm_id"": ""13229162425"", ""raw_id"": 9195, ""raw_table"": ""raw_osm_points"", ""population"": null, ""external_id"": ""osm:node:13229162425"", ""region_code"": ""MM-YANGON"", ""osm_feature_type"": ""N"", ""snapshot_version"": ""osm_myanmar_2026_07_21_yangon_city_v1"", ""source_snapshot_id"": 9, ""source_classification"": ""settlement""}"
osm:node:13229162421,safe_new,အောင်မင်္ဂလာရပ်ကွက်,အောင်မင်္ဂလာရပ်ကွက်,quarter,quarter,settlement,16.7591078,96.1580265,80.00,3dc43e24a82f6ba5169afc5546c4856d,"{""place"": ""quarter"", ""osm_id"": ""13229162421"", ""raw_id"": 9202, ""raw_table"": ""raw_osm_points"", ""population"": null, ""external_id"": ""osm:node:13229162421"", ""region_code"": ""MM-YANGON"", ""osm_feature_type"": ""N"", ""snapshot_version"": ""osm_myanmar_2026_07_21_yangon_city_v1"", ""source_snapshot_id"": 9, ""source_classification"": ""settlement""}"
osm:node:13229162410,safe_new,စက်မြေရပ်ကွက်,စက်မြေရပ်ကွက်,quarter,quarter,settlement,16.7581944,96.1446281,80.00,042f7cd56c7aa0d459694413a3d2cddd,"{""place"": ""quarter"", ""osm_id"": ""13229162410"", ""raw_id"": 9214, ""raw_table"": ""raw_osm_points"", ""population"": null, ""external_id"": ""osm:node:13229162410"", ""region_code"": ""MM-YANGON"", ""osm_feature_type"": ""N"", ""snapshot_version"": ""osm_myanmar_2026_07_21_yangon_city_v1"", ""source_snapshot_id"": 9, ""source_classification"": ""settlement""}"
osm:node:13229162420,safe_new,ကမာကသွယ်ရက်ကွက်,ကမာကသွယ်ရက်ကွက်,quarter,quarter,settlement,16.7596872,96.1489014,80.00,5ef7e3d1194f41db1105bce7b4eb54de,"{""place"": ""quarter"", ""osm_id"": ""13229162420"", ""raw_id"": 9218, ""raw_table"": ""raw_osm_points"", ""population"": null, ""external_id"": ""osm:node:13229162420"", ""region_code"": ""MM-YANGON"", ""osm_feature_type"": ""N"", ""snapshot_version"": ""osm_myanmar_2026_07_21_yangon_city_v1"", ""source_snapshot_id"": 9, ""source_classification"": ""settlement""}"
osm:node:13229162411,safe_new,ဘုရင့်နောင်ရပ်ကွက်,ဘုရင့်နောင်ရပ်ကွက်,quarter,quarter,settlement,16.7536701,96.1462959,80.00,b53fce1ffde0eef9febd490a2539dc82,"{""place"": ""quarter"", ""osm_id"": ""13229162411"", ""raw_id"": 9251, ""raw_table"": ""raw_osm_points"", ""population"": null, ""external_id"": ""osm:node:13229162411"", ""region_code"": ""MM-YANGON"", ""osm_feature_type"": ""N"", ""snapshot_version"": ""osm_myanmar_2026_07_21_yangon_city_v1"", ""source_snapshot_id"": 9, ""source_classification"": ""settlement""}"
osm:node:13229162413,safe_new,ကျန်းမာရေးဝန်ထမ်းအိမ်ရာရပ်ကွက်,ကျန်းမာရေးဝန်ထမ်းအိမ်ရာရပ်ကွက်,quarter,quarter,settlement,16.7632129,96.133553,80.00,25aec9ca3e53fadb1fab31522a8d41dd,"{""place"": ""quarter"", ""osm_id"": ""13229162413"", ""raw_id"": 9262, ""raw_table"": ""raw_osm_points"", ""population"": null, ""external_id"": ""osm:node:13229162413"", ""region_code"": ""MM-YANGON"", ""osm_feature_type"": ""N"", ""snapshot_version"": ""osm_myanmar_2026_07_21_yangon_city_v1"", ""source_snapshot_id"": 9, ""source_classification"": ""settlement""}"
osm:node:13229162429,safe_new,ကျန်စစ်သားရပ်ကွက်,ကျန်စစ်သားရပ်ကွက်,quarter,quarter,settlement,16.7550319,96.1357428,80.00,845012d7ec3e2764759d8cdb7091fc59,"{""place"": ""quarter"", ""osm_id"": ""13229162429"", ""raw_id"": 9258, ""raw_table"": ""raw_osm_points"", ""population"": null, ""external_id"": ""osm:node:13229162429"", ""region_code"": ""MM-YANGON"", ""osm_feature_type"": ""N"", ""snapshot_version"": ""osm_myanmar_2026_07_21_yangon_city_v1"", ""source_snapshot_id"": 9, ""source_classification"": ""settlement""}"
osm:node:13229162426,safe_new,ဆာပါချောင်/ကျောင်းစုရပ်ကွက်,ဆာပါချောင်/ကျောင်းစုရပ်ကွက်,quarter,quarter,settlement,16.759789,96.1285885,80.00,84d0505919e9dfef958dcc4a676565ac,"{""place"": ""quarter"", ""osm_id"": ""13229162426"", ""raw_id"": 9259, ""raw_table"": ""raw_osm_points"", ""population"": null, ""external_id"": ""osm:node:13229162426"", ""region_code"": ""MM-YANGON"", ""osm_feature_type"": ""N"", ""snapshot_version"": ""osm_myanmar_2026_07_21_yangon_city_v1"", ""source_snapshot_id"": 9, ""source_classification"": ""settlement""}"
osm:node:13161358325,safe_new,အမှတ် (၇) ရပ်ကွက်,အမှတ် (၇) ရပ်ကွက်,quarter,quarter,settlement,16.773247,96.1526063,80.00,d9c0354a13127f68752c36b7a1f4a7f7,"{""place"": ""quarter"", ""osm_id"": ""13161358325"", ""raw_id"": 9332, ""raw_table"": ""raw_osm_points"", ""population"": null, ""external_id"": ""osm:node:13161358325"", ""region_code"": ""MM-YANGON"", ""osm_feature_type"": ""N"", ""snapshot_version"": ""osm_myanmar_2026_07_21_yangon_city_v1"", ""source_snapshot_id"": 9, ""source_classification"": ""settlement""}"
osm:node:13161358326,safe_new,အမှတ် (၅) ရပ်ကွက်,အမှတ် (၅) ရပ်ကွက်,quarter,quarter,settlement,16.7733685,96.151207,80.00,3b8b342df65d47a7cdce89c00e3f1db8,"{""place"": ""quarter"", ""osm_id"": ""13161358326"", ""raw_id"": 9333, ""raw_table"": ""raw_osm_points"", ""population"": null, ""external_id"": ""osm:node:13161358326"", ""region_code"": ""MM-YANGON"", ""osm_feature_type"": ""N"", ""snapshot_version"": ""osm_myanmar_2026_07_21_yangon_city_v1"", ""source_snapshot_id"": 9, ""source_classification"": ""settlement""}"
osm:node:13161358328,safe_new,အမှတ် (၄) ရပ်ကွက်,အမှတ် (၄) ရပ်ကွက်,quarter,quarter,settlement,16.7758998,96.149859,80.00,14fe8bcf51509eba5b6f215de2f5189c,"{""place"": ""quarter"", ""osm_id"": ""13161358328"", ""raw_id"": 10013, ""raw_table"": ""raw_osm_points"", ""population"": null, ""external_id"": ""osm:node:13161358328"", ""region_code"": ""MM-YANGON"", ""osm_feature_type"": ""N"", ""snapshot_version"": ""osm_myanmar_2026_07_21_yangon_city_v1"", ""source_snapshot_id"": 9, ""source_classification"": ""settlement""}"
osm:node:4024644076,safe_new,အလုံ,အလုံ,suburb,suburb,settlement,16.786798,96.1287706,80.00,493e5fa5ec8b2e6571091330097a40d3,"{""place"": ""suburb"", ""osm_id"": ""4024644076"", ""raw_id"": 10551, ""raw_table"": ""raw_osm_points"", ""population"": null, ""external_id"": ""osm:node:4024644076"", ""region_code"": ""MM-YANGON"", ""osm_feature_type"": ""N"", ""snapshot_version"": ""osm_myanmar_2026_07_21_yangon_city_v1"", ""source_snapshot_id"": 9, ""source_classification"": ""settlement""}"
osm:node:13161445730,safe_new,ကျီတော်ရပ်ကွက်,ကျီတော်ရပ်ကွက်,quarter,quarter,settlement,16.7839804,96.1738125,80.00,954f54d5c58a40f0fe1ee46024b1ee3d,"{""place"": ""quarter"", ""osm_id"": ""13161445730"", ""raw_id"": 11258, ""raw_table"": ""raw_osm_points"", ""population"": null, ""external_id"": ""osm:node:13161445730"", ""region_code"": ""MM-YANGON"", ""osm_feature_type"": ""N"", ""snapshot_version"": ""osm_myanmar_2026_07_21_yangon_city_v1"", ""source_snapshot_id"": 9, ""source_classification"": ""settlement""}"
osm:node:13183303828,safe_new,ဆေးစက်ရပ်ကွက်,ဆေးစက်ရပ်ကွက်,quarter,quarter,settlement,16.7846261,96.1828406,80.00,dcfa760571cd8fb99bbed208b13f5133,"{""place"": ""quarter"", ""osm_id"": ""13183303828"", ""raw_id"": 11303, ""raw_table"": ""raw_osm_points"", ""population"": null, ""external_id"": ""osm:node:13183303828"", ""region_code"": ""MM-YANGON"", ""osm_feature_type"": ""N"", ""snapshot_version"": ""osm_myanmar_2026_07_21_yangon_city_v1"", ""source_snapshot_id"": 9, ""source_classification"": ""settlement""}"
osm:node:13183303826,safe_new,ပုသိမ်မြေရပ်ကွက်,ပုသိမ်မြေရပ်ကွက်,quarter,quarter,settlement,16.7833373,96.1803831,80.00,2adfa9a32d27d44e559e2bb54de31103,"{""place"": ""quarter"", ""osm_id"": ""13183303826"", ""raw_id"": 11306, ""raw_table"": ""raw_osm_points"", ""population"": null, ""external_id"": ""osm:node:13183303826"", ""region_code"": ""MM-YANGON"", ""osm_feature_type"": ""N"", ""snapshot_version"": ""osm_myanmar_2026_07_21_yangon_city_v1"", ""source_snapshot_id"": 9, ""source_classification"": ""settlement""}"
osm:node:13161445729,safe_new,မလွှကုန်းမီးရထားရပ်ကွက်,မလွှကုန်းမီးရထားရပ်ကွက်,quarter,quarter,settlement,16.7965795,96.1818936,80.00,34d50ab50416172999b4070b168614e8,"{""place"": ""quarter"", ""osm_id"": ""13161445729"", ""raw_id"": 11393, ""raw_table"": ""raw_osm_points"", ""population"": null, ""external_id"": ""osm:node:13161445729"", ""region_code"": ""MM-YANGON"", ""osm_feature_type"": ""N"", ""snapshot_version"": ""osm_myanmar_2026_07_21_yangon_city_v1"", ""source_snapshot_id"": 9, ""source_classification"": ""settlement""}"
osm:node:13179716729,safe_new,ဘိုလိန်းအောင်မင်္ဂလာရပ်ကွက်,ဘိုလိန်းအောင်မင်္ဂလာရပ်ကွက်,quarter,quarter,settlement,16.7964715,96.1787558,80.00,cd28a6e6c6a6c9dfc35d2d46c5ed34cb,"{""place"": ""quarter"", ""osm_id"": ""13179716729"", ""raw_id"": 11394, ""raw_table"": ""raw_osm_points"", ""population"": null, ""external_id"": ""osm:node:13179716729"", ""region_code"": ""MM-YANGON"", ""osm_feature_type"": ""N"", ""snapshot_version"": ""osm_myanmar_2026_07_21_yangon_city_v1"", ""source_snapshot_id"": 9, ""source_classification"": ""settlement""}"
osm:node:13179716731,safe_new,ပုဏ္ဏားကုန်းရပ်ကွက်,ပုဏ္ဏားကုန်းရပ်ကွက်,quarter,quarter,settlement,16.7974129,96.1736567,80.00,35140b89326d5f77605c44951d110757,"{""place"": ""quarter"", ""osm_id"": ""13179716731"", ""raw_id"": 11740, ""raw_table"": ""raw_osm_points"", ""population"": null, ""external_id"": ""osm:node:13179716731"", ""region_code"": ""MM-YANGON"", ""osm_feature_type"": ""N"", ""snapshot_version"": ""osm_myanmar_2026_07_21_yangon_city_v1"", ""source_snapshot_id"": 9, ""source_classification"": ""settlement""}"
osm:node:13179716730,safe_new,အရိုးကုန်းရပ်ကွက်,အရိုးကုန်းရပ်ကွက်,quarter,quarter,settlement,16.7983997,96.1754222,80.00,7b258aa16f1b0af0e3a997580036a014,"{""place"": ""quarter"", ""osm_id"": ""13179716730"", ""raw_id"": 11742, ""raw_table"": ""raw_osm_points"", ""population"": null, ""external_id"": ""osm:node:13179716730"", ""region_code"": ""MM-YANGON"", ""osm_feature_type"": ""N"", ""snapshot_version"": ""osm_myanmar_2026_07_21_yangon_city_v1"", ""source_snapshot_id"": 9, ""source_classification"": ""settlement""}"
osm:node:13179642844,safe_new,ငါးထပ်ကြီး (တောင်) ရပ်ကွက်,ငါးထပ်ကြီး (တောင်) ရပ်ကွက်,quarter,quarter,settlement,16.8096455,96.1660904,80.00,0651564cedb4e14ab9907ef5c8e48ce2,"{""place"": ""quarter"", ""osm_id"": ""13179642844"", ""raw_id"": 12268, ""raw_table"": ""raw_osm_points"", ""population"": null, ""external_id"": ""osm:node:13179642844"", ""region_code"": ""MM-YANGON"", ""osm_feature_type"": ""N"", ""snapshot_version"": ""osm_myanmar_2026_07_21_yangon_city_v1"", ""source_snapshot_id"": 9, ""source_classification"": ""settlement""}"
osm:node:13179642845,safe_new,အရှေ့ရွှေဂုံတိုင်ရပ်ကွက်,အရှေ့ရွှေဂုံတိုင်ရပ်ကွက်,quarter,quarter,settlement,16.8104571,96.1686748,80.00,f20387c68b648de7ba68c80fbdb8677c,"{""place"": ""quarter"", ""osm_id"": ""13179642845"", ""raw_id"": 12273, ""raw_table"": ""raw_osm_points"", ""population"": null, ""external_id"": ""osm:node:13179642845"", ""region_code"": ""MM-YANGON"", ""osm_feature_type"": ""N"", ""snapshot_version"": ""osm_myanmar_2026_07_21_yangon_city_v1"", ""source_snapshot_id"": 9, ""source_classification"": ""settlement""}"
osm:node:13179642837,safe_new,အနောက်ရွှေဂုံတိုင်ရပ်ကွက်,အနောက်ရွှေဂုံတိုင်ရပ်ကွက်,quarter,quarter,settlement,16.8058371,96.1522106,80.00,9583558dafd858bd6ce3b973a30babab,"{""place"": ""quarter"", ""osm_id"": ""13179642837"", ""raw_id"": 12536, ""raw_table"": ""raw_osm_points"", ""population"": null, ""external_id"": ""osm:node:13179642837"", ""region_code"": ""MM-YANGON"", ""osm_feature_type"": ""N"", ""snapshot_version"": ""osm_myanmar_2026_07_21_yangon_city_v1"", ""source_snapshot_id"": 9, ""source_classification"": ""settlement""}"
osm:node:419887027,safe_new,ဗဟန်း,ဗဟန်း,suburb,suburb,settlement,16.8061396,96.1512582,80.00,7c9d049ea38e0c9d60b0840c27d9b1ba,"{""place"": ""suburb"", ""osm_id"": ""419887027"", ""raw_id"": 12538, ""raw_table"": ""raw_osm_points"", ""population"": null, ""external_id"": ""osm:node:419887027"", ""region_code"": ""MM-YANGON"", ""osm_feature_type"": ""N"", ""snapshot_version"": ""osm_myanmar_2026_07_21_yangon_city_v1"", ""source_snapshot_id"": 9, ""source_classification"": ""settlement""}"
osm:node:13179642840,safe_new,ရွှေနံ့သာရပ်ကွက်,ရွှေနံ့သာရပ်ကွက်,quarter,quarter,settlement,16.8000703,96.1528228,80.00,e9e38560e933013719a254b4599eac28,"{""place"": ""quarter"", ""osm_id"": ""13179642840"", ""raw_id"": 12664, ""raw_table"": ""raw_osm_points"", ""population"": null, ""external_id"": ""osm:node:13179642840"", ""region_code"": ""MM-YANGON"", ""osm_feature_type"": ""N"", ""snapshot_version"": ""osm_myanmar_2026_07_21_yangon_city_v1"", ""source_snapshot_id"": 9, ""source_classification"": ""settlement""}"
osm:node:13179642836,safe_new,ဗဟန်းမြို့မ ရပ်ကွက်,ဗဟန်းမြို့မ ရပ်ကွက်,quarter,quarter,settlement,16.797632,96.1555692,80.00,673b2a520032a413c4026c8c64c2c9f5,"{""place"": ""quarter"", ""osm_id"": ""13179642836"", ""raw_id"": 12671, ""raw_table"": ""raw_osm_points"", ""population"": null, ""external_id"": ""osm:node:13179642836"", ""region_code"": ""MM-YANGON"", ""osm_feature_type"": ""N"", ""snapshot_version"": ""osm_myanmar_2026_07_21_yangon_city_v1"", ""source_snapshot_id"": 9, ""source_classification"": ""settlement""}"
osm:node:13179568426,safe_new,ဈေးကြီး (အနောက်) ရပ်ကွက်,ဈေးကြီး (အနောက်) ရပ်ကွက်,quarter,quarter,settlement,16.8062241,96.1218767,80.00,1717df212fe835bf7cb51598a9871a72,"{""place"": ""quarter"", ""osm_id"": ""13179568426"", ""raw_id"": 13717, ""raw_table"": ""raw_osm_points"", ""population"": null, ""external_id"": ""osm:node:13179568426"", ""region_code"": ""MM-YANGON"", ""osm_feature_type"": ""N"", ""snapshot_version"": ""osm_myanmar_2026_07_21_yangon_city_v1"", ""source_snapshot_id"": 9, ""source_classification"": ""settlement""}"
osm:node:13179568410,safe_new,အိုးဘိုရပ်ကွက်,အိုးဘိုရပ်ကွက်,quarter,quarter,settlement,16.8052088,96.124343,80.00,6a6accf35ac65e22e12d0c086d9bb629,"{""place"": ""quarter"", ""osm_id"": ""13179568410"", ""raw_id"": 13720, ""raw_table"": ""raw_osm_points"", ""population"": null, ""external_id"": ""osm:node:13179568410"", ""region_code"": ""MM-YANGON"", ""osm_feature_type"": ""N"", ""snapshot_version"": ""osm_myanmar_2026_07_21_yangon_city_v1"", ""source_snapshot_id"": 9, ""source_classification"": ""settlement""}"
osm:node:13179568420,safe_new,ဈေးကလေးရပ်ကွက်,ဈေးကလေးရပ်ကွက်,quarter,quarter,settlement,16.8020905,96.1217735,80.00,3ed227c69d4f3efa6cf821c796188ee2,"{""place"": ""quarter"", ""osm_id"": ""13179568420"", ""raw_id"": 13732, ""raw_table"": ""raw_osm_points"", ""population"": null, ""external_id"": ""osm:node:13179568420"", ""region_code"": ""MM-YANGON"", ""osm_feature_type"": ""N"", ""snapshot_version"": ""osm_myanmar_2026_07_21_yangon_city_v1"", ""source_snapshot_id"": 9, ""source_classification"": ""settlement""}"
osm:node:13179568428,safe_new,ဘော်ကာရပ်ကွက် (ဘောဂရပ်ကွက်),ဘော်ကာရပ်ကွက် (ဘောဂရပ်ကွက်),quarter,quarter,settlement,16.8023171,96.1242615,80.00,ba9be78c21cdcb3e3404a9007a9c8e47,"{""place"": ""quarter"", ""osm_id"": ""13179568428"", ""raw_id"": 13733, ""raw_table"": ""raw_osm_points"", ""population"": null, ""external_id"": ""osm:node:13179568428"", ""region_code"": ""MM-YANGON"", ""osm_feature_type"": ""N"", ""snapshot_version"": ""osm_myanmar_2026_07_21_yangon_city_v1"", ""source_snapshot_id"": 9, ""source_classification"": ""settlement""}"
osm:node:13179568429,safe_new,ထီးတန်းစက်မြေရပ်ကွက်,ထီးတန်းစက်မြေရပ်ကွက်,quarter,quarter,settlement,16.7969108,96.1215652,80.00,d64513d8f7ddce2a50af67e42b5d1b27,"{""place"": ""quarter"", ""osm_id"": ""13179568429"", ""raw_id"": 13747, ""raw_table"": ""raw_osm_points"", ""population"": null, ""external_id"": ""osm:node:13179568429"", ""region_code"": ""MM-YANGON"", ""osm_feature_type"": ""N"", ""snapshot_version"": ""osm_myanmar_2026_07_21_yangon_city_v1"", ""source_snapshot_id"": 9, ""source_classification"": ""settlement""}"
osm:node:13161338077,safe_new,ဂဠုန်ရပ်ကွက်,ဂဠုန်ရပ်ကွက်,quarter,quarter,settlement,16.7931758,96.1244921,80.00,3e7df2e524e48a5df02bb7278d5993de,"{""place"": ""quarter"", ""osm_id"": ""13161338077"", ""raw_id"": 13781, ""raw_table"": ""raw_osm_points"", ""population"": null, ""external_id"": ""osm:node:13161338077"", ""region_code"": ""MM-YANGON"", ""osm_feature_type"": ""N"", ""snapshot_version"": ""osm_myanmar_2026_07_21_yangon_city_v1"", ""source_snapshot_id"": 9, ""source_classification"": ""settlement""}"
osm:node:13229115073,safe_new,ချောင်းဝိုင်းလေးရပ်ကွက်,ချောင်းဝိုင်းလေးရပ်ကွက်,quarter,quarter,settlement,16.7765735,96.1114949,80.00,8042c6d03b935a1421dd88d321e379ce,"{""place"": ""quarter"", ""osm_id"": ""13229115073"", ""raw_id"": 13839, ""raw_table"": ""raw_osm_points"", ""population"": null, ""external_id"": ""osm:node:13229115073"", ""region_code"": ""MM-YANGON"", ""osm_feature_type"": ""N"", ""snapshot_version"": ""osm_myanmar_2026_07_21_yangon_city_v1"", ""source_snapshot_id"": 9, ""source_classification"": ""settlement""}"
osm:node:13229115067,safe_new,ဆိပ်ကြီး (အရှေ့) ရပ်ကွက်,ဆိပ်ကြီး (အရှေ့) ရပ်ကွက်,quarter,quarter,settlement,16.7610657,96.1180746,80.00,f2a7c8337c7279abaae5a26c33714843,"{""place"": ""quarter"", ""osm_id"": ""13229115067"", ""raw_id"": 13853, ""raw_table"": ""raw_osm_points"", ""population"": null, ""external_id"": ""osm:node:13229115067"", ""region_code"": ""MM-YANGON"", ""osm_feature_type"": ""N"", ""snapshot_version"": ""osm_myanmar_2026_07_21_yangon_city_v1"", ""source_snapshot_id"": 9, ""source_classification"": ""settlement""}"
osm:node:13229162414,safe_new,တာကြီးရပ်ကွက်,တာကြီးရပ်ကွက်,quarter,quarter,settlement,16.7505619,96.1155788,80.00,02891f75091461176ebabf656d22ee7f,"{""place"": ""quarter"", ""osm_id"": ""13229162414"", ""raw_id"": 13857, ""raw_table"": ""raw_osm_points"", ""population"": null, ""external_id"": ""osm:node:13229162414"", ""region_code"": ""MM-YANGON"", ""osm_feature_type"": ""N"", ""snapshot_version"": ""osm_myanmar_2026_07_21_yangon_city_v1"", ""source_snapshot_id"": 9, ""source_classification"": ""settlement""}"
osm:node:13229115071,safe_new,ခနောင်တို (အရှေ့) ရပ်ကွက်,ခနောင်တို (အရှေ့) ရပ်ကွက်,quarter,quarter,settlement,16.7553584,96.1067567,80.00,61b26e0e497831dfac46e7071ef930f3,"{""place"": ""quarter"", ""osm_id"": ""13229115071"", ""raw_id"": 13860, ""raw_table"": ""raw_osm_points"", ""population"": null, ""external_id"": ""osm:node:13229115071"", ""region_code"": ""MM-YANGON"", ""osm_feature_type"": ""N"", ""snapshot_version"": ""osm_myanmar_2026_07_21_yangon_city_v1"", ""source_snapshot_id"": 9, ""source_classification"": ""settlement""}"
osm:node:13132538520,safe_new,စက်ကလေး,စက်ကလေး,village,village,settlement,16.7521577,96.0803025,80.00,26363842ace7b95ecdb9c8bde290c558,"{""place"": ""village"", ""osm_id"": ""13132538520"", ""raw_id"": 13866, ""raw_table"": ""raw_osm_points"", ""population"": null, ""external_id"": ""osm:node:13132538520"", ""region_code"": ""MM-YANGON"", ""osm_feature_type"": ""N"", ""snapshot_version"": ""osm_myanmar_2026_07_21_yangon_city_v1"", ""source_snapshot_id"": 9, ""source_classification"": ""settlement""}"
osm:node:4024692429,safe_new,ကြည့်မြင်တိုင်,ကြည့်မြင်တိုင်,suburb,suburb,settlement,16.8129125,96.121305,80.00,528e961931c9f334ea521f8b1613295a,"{""place"": ""suburb"", ""osm_id"": ""4024692429"", ""raw_id"": 13869, ""raw_table"": ""raw_osm_points"", ""population"": null, ""external_id"": ""osm:node:4024692429"", ""region_code"": ""MM-YANGON"", ""osm_feature_type"": ""N"", ""snapshot_version"": ""osm_myanmar_2026_07_21_yangon_city_v1"", ""source_snapshot_id"": 9, ""source_classification"": ""settlement""}"
osm:node:13179568418,safe_new,မကျည်းတန်း (မြောက်/အနောက်) ရပ်ကွက်,မကျည်းတန်း (မြောက်/အနောက်) ရပ်ကွက်,quarter,quarter,settlement,16.8132266,96.1210917,80.00,dc30c42ff4cdf039855cfba01320621a,"{""place"": ""quarter"", ""osm_id"": ""13179568418"", ""raw_id"": 13871, ""raw_table"": ""raw_osm_points"", ""population"": null, ""external_id"": ""osm:node:13179568418"", ""region_code"": ""MM-YANGON"", ""osm_feature_type"": ""N"", ""snapshot_version"": ""osm_myanmar_2026_07_21_yangon_city_v1"", ""source_snapshot_id"": 9, ""source_classification"": ""settlement""}"
osm:node:13179568430,safe_new,သာဓု (အရှေ့) ရပ်ကွက်,သာဓု (အရှေ့) ရပ်ကွက်,quarter,quarter,settlement,16.815547,96.1238075,80.00,02f4dabd1832ded3cf0038c7d56cdecd,"{""place"": ""quarter"", ""osm_id"": ""13179568430"", ""raw_id"": 13891, ""raw_table"": ""raw_osm_points"", ""population"": null, ""external_id"": ""osm:node:13179568430"", ""region_code"": ""MM-YANGON"", ""osm_feature_type"": ""N"", ""snapshot_version"": ""osm_myanmar_2026_07_21_yangon_city_v1"", ""source_snapshot_id"": 9, ""source_classification"": ""settlement""}"
osm:node:13179568421,safe_new,သာဓု (အနောက်) ရပ်ကွက်,သာဓု (အနောက်) ရပ်ကွက်,quarter,quarter,settlement,16.8156833,96.120722,80.00,d92fd6134b5adece8e9c7c6ed405c462,"{""place"": ""quarter"", ""osm_id"": ""13179568421"", ""raw_id"": 13893, ""raw_table"": ""raw_osm_points"", ""population"": null, ""external_id"": ""osm:node:13179568421"", ""region_code"": ""MM-YANGON"", ""osm_feature_type"": ""N"", ""snapshot_version"": ""osm_myanmar_2026_07_21_yangon_city_v1"", ""source_snapshot_id"": 9, ""source_classification"": ""settlement""}"
osm:node:13179733879,safe_new,အမှတ် (၁) ရပ်ကွက်,အမှတ် (၁) ရပ်ကွက်,quarter,quarter,settlement,16.8354535,96.1244807,80.00,583c259958a81ead7517caef807ff7b5,"{""place"": ""quarter"", ""osm_id"": ""13179733879"", ""raw_id"": 14153, ""raw_table"": ""raw_osm_points"", ""population"": null, ""external_id"": ""osm:node:13179733879"", ""region_code"": ""MM-YANGON"", ""osm_feature_type"": ""N"", ""snapshot_version"": ""osm_myanmar_2026_07_21_yangon_city_v1"", ""source_snapshot_id"": 9, ""source_classification"": ""settlement""}"
osm:node:13179733869,safe_new,အမှတ် (၅) ရပ်ကွက်,အမှတ် (၅) ရပ်ကွက်,quarter,quarter,settlement,16.8421692,96.1179606,80.00,508cbd8095fc8c1997db8f422ab08076,"{""place"": ""quarter"", ""osm_id"": ""13179733869"", ""raw_id"": 14242, ""raw_table"": ""raw_osm_points"", ""population"": null, ""external_id"": ""osm:node:13179733869"", ""region_code"": ""MM-YANGON"", ""osm_feature_type"": ""N"", ""snapshot_version"": ""osm_myanmar_2026_07_21_yangon_city_v1"", ""source_snapshot_id"": 9, ""source_classification"": ""settlement""}"
osm:node:13127316906,safe_new,ရေတလိ,ရေတလိ,village,village,settlement,16.8679511,96.0008271,80.00,9111103839636984a3dda8507178a8cb,"{""place"": ""village"", ""osm_id"": ""13127316906"", ""raw_id"": 15560, ""raw_table"": ""raw_osm_points"", ""population"": null, ""external_id"": ""osm:node:13127316906"", ""region_code"": ""MM-YANGON"", ""osm_feature_type"": ""N"", ""snapshot_version"": ""osm_myanmar_2026_07_21_yangon_city_v1"", ""source_snapshot_id"": 9, ""source_classification"": ""settlement""}"
osm:node:13113900546,safe_new,ရွှေလင်ဘန်း,ရွှေလင်ဘန်း,village,village,settlement,16.8947312,96.0700469,80.00,deba7ad58626d2442b05215eb1e2953f,"{""place"": ""village"", ""osm_id"": ""13113900546"", ""raw_id"": 16664, ""raw_table"": ""raw_osm_points"", ""population"": null, ""external_id"": ""osm:node:13113900546"", ""region_code"": ""MM-YANGON"", ""osm_feature_type"": ""N"", ""snapshot_version"": ""osm_myanmar_2026_07_21_yangon_city_v1"", ""source_snapshot_id"": 9, ""source_classification"": ""settlement""}"
osm:node:13188305224,safe_new,ရွာမ (အနောက်) ရပ်ကွက်,ရွာမ (အနောက်) ရပ်ကွက်,quarter,quarter,settlement,16.8946781,96.0914074,80.00,8ed6ea127f7004b3e830f74cd0825c03,"{""place"": ""quarter"", ""osm_id"": ""13188305224"", ""raw_id"": 16669, ""raw_table"": ""raw_osm_points"", ""population"": null, ""external_id"": ""osm:node:13188305224"", ""region_code"": ""MM-YANGON"", ""osm_feature_type"": ""N"", ""snapshot_version"": ""osm_myanmar_2026_07_21_yangon_city_v1"", ""source_snapshot_id"": 9, ""source_classification"": ""settlement""}"
osm:node:13188305225,safe_new,ပိန်းနှဲကုန်း ရပ်ကွက်,ပိန်းနှဲကုန်း ရပ်ကွက်,quarter,quarter,settlement,16.8783973,96.1055142,80.00,4b5795a923665737acd6cc20883d8a1e,"{""place"": ""quarter"", ""osm_id"": ""13188305225"", ""raw_id"": 16780, ""raw_table"": ""raw_osm_points"", ""population"": null, ""external_id"": ""osm:node:13188305225"", ""region_code"": ""MM-YANGON"", ""osm_feature_type"": ""N"", ""snapshot_version"": ""osm_myanmar_2026_07_21_yangon_city_v1"", ""source_snapshot_id"": 9, ""source_classification"": ""settlement""}"
osm:node:13188305236,safe_new,ပေါက်တောရပ်ကွက်,ပေါက်တောရပ်ကွက်,quarter,quarter,settlement,16.8842389,96.0997365,80.00,447e4fe0f8abb5c25319ed21726ce395,"{""place"": ""quarter"", ""osm_id"": ""13188305236"", ""raw_id"": 16816, ""raw_table"": ""raw_osm_points"", ""population"": null, ""external_id"": ""osm:node:13188305236"", ""region_code"": ""MM-YANGON"", ""osm_feature_type"": ""N"", ""snapshot_version"": ""osm_myanmar_2026_07_21_yangon_city_v1"", ""source_snapshot_id"": 9, ""source_classification"": ""settlement""}"
osm:node:13188057057,safe_new,အမှတ် (၁၂) ရပ်ကွက်,အမှတ် (၁၂) ရပ်ကွက်,quarter,quarter,settlement,16.8894986,96.2179573,80.00,91856a84f68e1eee1489965ff3ec614b,"{""place"": ""quarter"", ""osm_id"": ""13188057057"", ""raw_id"": 18322, ""raw_table"": ""raw_osm_points"", ""population"": null, ""external_id"": ""osm:node:13188057057"", ""region_code"": ""MM-YANGON"", ""osm_feature_type"": ""N"", ""snapshot_version"": ""osm_myanmar_2026_07_21_yangon_city_v1"", ""source_snapshot_id"": 9, ""source_classification"": ""settlement""}"
osm:node:13188057068,safe_new,အမှတ် (၁၁) ရပ်ကွက်,အမှတ် (၁၁) ရပ်ကွက်,quarter,quarter,settlement,16.8861498,96.2116998,80.00,76c0ab9c6ff17b0ec78a7614efbaeaca,"{""place"": ""quarter"", ""osm_id"": ""13188057068"", ""raw_id"": 18326, ""raw_table"": ""raw_osm_points"", ""population"": null, ""external_id"": ""osm:node:13188057068"", ""region_code"": ""MM-YANGON"", ""osm_feature_type"": ""N"", ""snapshot_version"": ""osm_myanmar_2026_07_21_yangon_city_v1"", ""source_snapshot_id"": 9, ""source_classification"": ""settlement""}"
osm:node:13185294668,safe_new,အမှတ် (၇၂) ရပ်ကွက်,အမှတ် (၇၂) ရပ်ကွက်,quarter,quarter,settlement,16.8754181,96.2489028,80.00,19a65501b96dcdaa0675b0d8b455c53b,"{""place"": ""quarter"", ""osm_id"": ""13185294668"", ""raw_id"": 18373, ""raw_table"": ""raw_osm_points"", ""population"": null, ""external_id"": ""osm:node:13185294668"", ""region_code"": ""MM-YANGON"", ""osm_feature_type"": ""N"", ""snapshot_version"": ""osm_myanmar_2026_07_21_yangon_city_v1"", ""source_snapshot_id"": 9, ""source_classification"": ""settlement""}"
osm:node:13185294663,safe_new,အမှတ် (၁၄၃) ရပ်ကွက်,အမှတ် (၁၄၃) ရပ်ကွက်,quarter,quarter,settlement,16.883372,96.2482741,80.00,7cfc2ba0a7242dfe3352246b1bc02170,"{""place"": ""quarter"", ""osm_id"": ""13185294663"", ""raw_id"": 18396, ""raw_table"": ""raw_osm_points"", ""population"": null, ""external_id"": ""osm:node:13185294663"", ""region_code"": ""MM-YANGON"", ""osm_feature_type"": ""N"", ""snapshot_version"": ""osm_myanmar_2026_07_21_yangon_city_v1"", ""source_snapshot_id"": 9, ""source_classification"": ""settlement""}"
osm:node:13185291960,safe_new,အမှတ် (၁၄၂) ရပ်ကွက်,အမှတ် (၁၄၂) ရပ်ကွက်,quarter,quarter,settlement,16.8877295,96.2420719,80.00,9220c6943284a6351a1246718ac01230,"{""place"": ""quarter"", ""osm_id"": ""13185291960"", ""raw_id"": 18400, ""raw_table"": ""raw_osm_points"", ""population"": null, ""external_id"": ""osm:node:13185291960"", ""region_code"": ""MM-YANGON"", ""osm_feature_type"": ""N"", ""snapshot_version"": ""osm_myanmar_2026_07_21_yangon_city_v1"", ""source_snapshot_id"": 9, ""source_classification"": ""settlement""}"
osm:node:13188057048,safe_new,အမှတ် (၁၀၈) ရပ်ကွက်,အမှတ် (၁၀၈) ရပ်ကွက်,quarter,quarter,settlement,16.889466,96.2315003,80.00,55b197845d075a22a19ae917f4f7a2ca,"{""place"": ""quarter"", ""osm_id"": ""13188057048"", ""raw_id"": 18402, ""raw_table"": ""raw_osm_points"", ""population"": null, ""external_id"": ""osm:node:13188057048"", ""region_code"": ""MM-YANGON"", ""osm_feature_type"": ""N"", ""snapshot_version"": ""osm_myanmar_2026_07_21_yangon_city_v1"", ""source_snapshot_id"": 9, ""source_classification"": ""settlement""}"
osm:node:13188057089,safe_new,အမှတ် (၁၀၉) ရပ်ကွက်,အမှတ် (၁၀၉) ရပ်ကွက်,quarter,quarter,settlement,16.8932016,96.2233818,80.00,792a4c38c21abb3f9c83c155888d3882,"{""place"": ""quarter"", ""osm_id"": ""13188057089"", ""raw_id"": 18430, ""raw_table"": ""raw_osm_points"", ""population"": null, ""external_id"": ""osm:node:13188057089"", ""region_code"": ""MM-YANGON"", ""osm_feature_type"": ""N"", ""snapshot_version"": ""osm_myanmar_2026_07_21_yangon_city_v1"", ""source_snapshot_id"": 9, ""source_classification"": ""settlement""}"
osm:node:13188057091,safe_new,အမှတ် (၁၁၂) ရပ်ကွက်,အမှတ် (၁၁၂) ရပ်ကွက်,quarter,quarter,settlement,16.8970008,96.2269071,80.00,f2c87afcd15a8eb8e9e5afcf2b3ae86c,"{""place"": ""quarter"", ""osm_id"": ""13188057091"", ""raw_id"": 18434, ""raw_table"": ""raw_osm_points"", ""population"": null, ""external_id"": ""osm:node:13188057091"", ""region_code"": ""MM-YANGON"", ""osm_feature_type"": ""N"", ""snapshot_version"": ""osm_myanmar_2026_07_21_yangon_city_v1"", ""source_snapshot_id"": 9, ""source_classification"": ""settlement""}"
osm:node:13188057069,safe_new,အမှတ် (၁၁၃) ရပ်ကွက်,အမှတ် (၁၁၃) ရပ်ကွက်,quarter,quarter,settlement,16.8948831,96.2367886,80.00,6f325878748e3bd285bdfb6744fd2a69,"{""place"": ""quarter"", ""osm_id"": ""13188057069"", ""raw_id"": 18463, ""raw_table"": ""raw_osm_points"", ""population"": null, ""external_id"": ""osm:node:13188057069"", ""region_code"": ""MM-YANGON"", ""osm_feature_type"": ""N"", ""snapshot_version"": ""osm_myanmar_2026_07_21_yangon_city_v1"", ""source_snapshot_id"": 9, ""source_classification"": ""settlement""}"
osm:node:13188057063,safe_new,အမှတ် (၁၁၈) ရပ်ကွက်,အမှတ် (၁၁၈) ရပ်ကွက်,quarter,quarter,settlement,16.9060974,96.2285255,80.00,603004a4f9de59d273d2e13cbff64754,"{""place"": ""quarter"", ""osm_id"": ""13188057063"", ""raw_id"": 18477, ""raw_table"": ""raw_osm_points"", ""population"": null, ""external_id"": ""osm:node:13188057063"", ""region_code"": ""MM-YANGON"", ""osm_feature_type"": ""N"", ""snapshot_version"": ""osm_myanmar_2026_07_21_yangon_city_v1"", ""source_snapshot_id"": 9, ""source_classification"": ""settlement""}"
osm:node:13188057033,safe_new,အမှတ် (၆) ရပ်ကွက်,အမှတ် (၆) ရပ်ကွက်,quarter,quarter,settlement,16.9002378,96.2049521,80.00,6fa5f4ec8db273dc1fdbd0e2059ad55d,"{""place"": ""quarter"", ""osm_id"": ""13188057033"", ""raw_id"": 18503, ""raw_table"": ""raw_osm_points"", ""population"": null, ""external_id"": ""osm:node:13188057033"", ""region_code"": ""MM-YANGON"", ""osm_feature_type"": ""N"", ""snapshot_version"": ""osm_myanmar_2026_07_21_yangon_city_v1"", ""source_snapshot_id"": 9, ""source_classification"": ""settlement""}"
osm:node:3880817844,safe_new,ဒဂုံမြို့သစ်အရှေ့ပိုင်း,ဒဂုံမြို့သစ်အရှေ့ပိုင်း,suburb,suburb,settlement,16.9011301,96.2118353,80.00,b0a7ddd1c5e459d4b437b1b02fd63554,"{""place"": ""suburb"", ""osm_id"": ""3880817844"", ""raw_id"": 18512, ""raw_table"": ""raw_osm_points"", ""population"": null, ""external_id"": ""osm:node:3880817844"", ""region_code"": ""MM-YANGON"", ""osm_feature_type"": ""N"", ""snapshot_version"": ""osm_myanmar_2026_07_21_yangon_city_v1"", ""source_snapshot_id"": 9, ""source_classification"": ""settlement""}"
osm:node:13188057042,safe_new,အမှတ် (၁၁၀) ရပ်ကွက်,အမှတ် (၁၁၀) ရပ်ကွက်,quarter,quarter,settlement,16.8980923,96.2169068,80.00,9847fd139468e76c110dcedf3f2ab41e,"{""place"": ""quarter"", ""osm_id"": ""13188057042"", ""raw_id"": 18514, ""raw_table"": ""raw_osm_points"", ""population"": null, ""external_id"": ""osm:node:13188057042"", ""region_code"": ""MM-YANGON"", ""osm_feature_type"": ""N"", ""snapshot_version"": ""osm_myanmar_2026_07_21_yangon_city_v1"", ""source_snapshot_id"": 9, ""source_classification"": ""settlement""}"
osm:node:13188057037,safe_new,အမှတ် (၇) ရပ်ကွက်,အမှတ် (၇) ရပ်ကွက်,quarter,quarter,settlement,16.8946597,96.2123911,80.00,28885af31095232c0f69fbe1c0498e0f,"{""place"": ""quarter"", ""osm_id"": ""13188057037"", ""raw_id"": 18518, ""raw_table"": ""raw_osm_points"", ""population"": null, ""external_id"": ""osm:node:13188057037"", ""region_code"": ""MM-YANGON"", ""osm_feature_type"": ""N"", ""snapshot_version"": ""osm_myanmar_2026_07_21_yangon_city_v1"", ""source_snapshot_id"": 9, ""source_classification"": ""settlement""}"
osm:node:13188057060,safe_new,အမှတ် (၂) ရပ်ကွက်,အမှတ် (၂) ရပ်ကွက်,quarter,quarter,settlement,16.9107215,96.193036,80.00,534a47ce4384f1c6bd5fd84600c85b87,"{""place"": ""quarter"", ""osm_id"": ""13188057060"", ""raw_id"": 18728, ""raw_table"": ""raw_osm_points"", ""population"": null, ""external_id"": ""osm:node:13188057060"", ""region_code"": ""MM-YANGON"", ""osm_feature_type"": ""N"", ""snapshot_version"": ""osm_myanmar_2026_07_21_yangon_city_v1"", ""source_snapshot_id"": 9, ""source_classification"": ""settlement""}"
osm:node:13188057062,safe_new,အမှတ် (၁) ရပ်ကွက်,အမှတ် (၁) ရပ်ကွက်,quarter,quarter,settlement,16.9104181,96.1886473,80.00,a3208a802b4f469e04762e3cac4025b7,"{""place"": ""quarter"", ""osm_id"": ""13188057062"", ""raw_id"": 18731, ""raw_table"": ""raw_osm_points"", ""population"": null, ""external_id"": ""osm:node:13188057062"", ""region_code"": ""MM-YANGON"", ""osm_feature_type"": ""N"", ""snapshot_version"": ""osm_myanmar_2026_07_21_yangon_city_v1"", ""source_snapshot_id"": 9, ""source_classification"": ""settlement""}"
osm:node:13188057065,safe_new,အမှတ် (၁၂၀) ရပ်ကွက်,အမှတ် (၁၂၀) ရပ်ကွက်,quarter,quarter,settlement,16.9117158,96.2339175,80.00,56f167e7b7827a2aac8326ecc508cb97,"{""place"": ""quarter"", ""osm_id"": ""13188057065"", ""raw_id"": 18764, ""raw_table"": ""raw_osm_points"", ""population"": null, ""external_id"": ""osm:node:13188057065"", ""region_code"": ""MM-YANGON"", ""osm_feature_type"": ""N"", ""snapshot_version"": ""osm_myanmar_2026_07_21_yangon_city_v1"", ""source_snapshot_id"": 9, ""source_classification"": ""settlement""}"
osm:node:13188057051,safe_new,အမှတ် (၁၁၉) ရပ်ကွက်,အမှတ် (၁၁၉) ရပ်ကွက်,quarter,quarter,settlement,16.9089607,96.2318194,80.00,589ed01999d0f01109fbd9a053dbda27,"{""place"": ""quarter"", ""osm_id"": ""13188057051"", ""raw_id"": 18765, ""raw_table"": ""raw_osm_points"", ""population"": null, ""external_id"": ""osm:node:13188057051"", ""region_code"": ""MM-YANGON"", ""osm_feature_type"": ""N"", ""snapshot_version"": ""osm_myanmar_2026_07_21_yangon_city_v1"", ""source_snapshot_id"": 9, ""source_classification"": ""settlement""}"
osm:node:13188057041,safe_new,အမှတ် (၁၂၈) ရပ်ကွက်,အမှတ် (၁၂၈) ရပ်ကွက်,quarter,quarter,settlement,16.9193666,96.2488343,80.00,a6105423a2c41c662ce8dbca2724b5da,"{""place"": ""quarter"", ""osm_id"": ""13188057041"", ""raw_id"": 18781, ""raw_table"": ""raw_osm_points"", ""population"": null, ""external_id"": ""osm:node:13188057041"", ""region_code"": ""MM-YANGON"", ""osm_feature_type"": ""N"", ""snapshot_version"": ""osm_myanmar_2026_07_21_yangon_city_v1"", ""source_snapshot_id"": 9, ""source_classification"": ""settlement""}"
osm:node:13188057038,safe_new,အမှတ် (၁၃၀) ရပ်ကွက်,အမှတ် (၁၃၀) ရပ်ကွက်,quarter,quarter,settlement,16.9141817,96.2248705,80.00,f759b2f222945aca2c8f38226f672647,"{""place"": ""quarter"", ""osm_id"": ""13188057038"", ""raw_id"": 18790, ""raw_table"": ""raw_osm_points"", ""population"": null, ""external_id"": ""osm:node:13188057038"", ""region_code"": ""MM-YANGON"", ""osm_feature_type"": ""N"", ""snapshot_version"": ""osm_myanmar_2026_07_21_yangon_city_v1"", ""source_snapshot_id"": 9, ""source_classification"": ""settlement""}"
osm:node:13188057064,safe_new,အမှတ် (၁၂၄) ရပ်ကွက်,အမှတ် (၁၂၄) ရပ်ကွက်,quarter,quarter,settlement,16.924482,96.2356581,80.00,0958654ad90674fa514f2bcbd479c3f7,"{""place"": ""quarter"", ""osm_id"": ""13188057064"", ""raw_id"": 18798, ""raw_table"": ""raw_osm_points"", ""population"": null, ""external_id"": ""osm:node:13188057064"", ""region_code"": ""MM-YANGON"", ""osm_feature_type"": ""N"", ""snapshot_version"": ""osm_myanmar_2026_07_21_yangon_city_v1"", ""source_snapshot_id"": 9, ""source_classification"": ""settlement""}"
osm:node:13188057053,safe_new,အမှတ် (၁၂၉) ရပ်ကွက်,အမှတ် (၁၂၉) ရပ်ကွက်,quarter,quarter,settlement,16.9235598,96.2468741,80.00,6a885cfd7e09d1309ee084bfe6a96703,"{""place"": ""quarter"", ""osm_id"": ""13188057053"", ""raw_id"": 18799, ""raw_table"": ""raw_osm_points"", ""population"": null, ""external_id"": ""osm:node:13188057053"", ""region_code"": ""MM-YANGON"", ""osm_feature_type"": ""N"", ""snapshot_version"": ""osm_myanmar_2026_07_21_yangon_city_v1"", ""source_snapshot_id"": 9, ""source_classification"": ""settlement""}"
osm:node:13188057090,safe_new,အမှတ် (၁၂၆) ရပ်ကွက်,အမှတ် (၁၂၆) ရပ်ကွက်,quarter,quarter,settlement,16.9262676,96.2426759,80.00,c2f027444a811acfece912c88efa4a43,"{""place"": ""quarter"", ""osm_id"": ""13188057090"", ""raw_id"": 18800, ""raw_table"": ""raw_osm_points"", ""population"": null, ""external_id"": ""osm:node:13188057090"", ""region_code"": ""MM-YANGON"", ""osm_feature_type"": ""N"", ""snapshot_version"": ""osm_myanmar_2026_07_21_yangon_city_v1"", ""source_snapshot_id"": 9, ""source_classification"": ""settlement""}"
osm:node:13188057077,safe_new,အမှတ် (၁၂၅) ရပ်ကွက်,အမှတ် (၁၂၅) ရပ်ကွက်,quarter,quarter,settlement,16.9292696,96.2381213,80.00,fdaed90049c614532a02c418eabb783f,"{""place"": ""quarter"", ""osm_id"": ""13188057077"", ""raw_id"": 18803, ""raw_table"": ""raw_osm_points"", ""population"": null, ""external_id"": ""osm:node:13188057077"", ""region_code"": ""MM-YANGON"", ""osm_feature_type"": ""N"", ""snapshot_version"": ""osm_myanmar_2026_07_21_yangon_city_v1"", ""source_snapshot_id"": 9, ""source_classification"": ""settlement""}"
osm:node:13188057094,safe_new,အမှတ် (၁၃၉) ရပ်ကွက်,အမှတ် (၁၃၉) ရပ်ကွက်,quarter,quarter,settlement,16.9337655,96.2136681,80.00,156c28c0cc0ef70c0efb73f08a4a3132,"{""place"": ""quarter"", ""osm_id"": ""13188057094"", ""raw_id"": 18820, ""raw_table"": ""raw_osm_points"", ""population"": null, ""external_id"": ""osm:node:13188057094"", ""region_code"": ""MM-YANGON"", ""osm_feature_type"": ""N"", ""snapshot_version"": ""osm_myanmar_2026_07_21_yangon_city_v1"", ""source_snapshot_id"": 9, ""source_classification"": ""settlement""}"
osm:node:13188057086,safe_new,အမှတ် (၁၃၁) ရပ်ကွက်,အမှတ် (၁၃၁) ရပ်ကွက်,quarter,quarter,settlement,16.9220157,96.2180852,80.00,60c4e4343e68bda8975200bba50a30a7,"{""place"": ""quarter"", ""osm_id"": ""13188057086"", ""raw_id"": 18821, ""raw_table"": ""raw_osm_points"", ""population"": null, ""external_id"": ""osm:node:13188057086"", ""region_code"": ""MM-YANGON"", ""osm_feature_type"": ""N"", ""snapshot_version"": ""osm_myanmar_2026_07_21_yangon_city_v1"", ""source_snapshot_id"": 9, ""source_classification"": ""settlement""}"
osm:node:13127725470,safe_new,ကျောင်းကြီး,ကျောင်းကြီး,village,village,settlement,16.9582006,96.15244,80.00,97d50ddaea3de26354426b78b49d8095,"{""place"": ""village"", ""osm_id"": ""13127725470"", ""raw_id"": 20157, ""raw_table"": ""raw_osm_points"", ""population"": null, ""external_id"": ""osm:node:13127725470"", ""region_code"": ""MM-YANGON"", ""osm_feature_type"": ""N"", ""snapshot_version"": ""osm_myanmar_2026_07_21_yangon_city_v1"", ""source_snapshot_id"": 9, ""source_classification"": ""settlement""}"
osm:node:13188057066,safe_new,အမှတ် (၁၅၅) ရပ်ကွက်,အမှတ် (၁၅၅) ရပ်ကွက်,quarter,quarter,settlement,16.9423612,96.2287616,80.00,bcdd9985a57af95626d5aae9b1dd83b3,"{""place"": ""quarter"", ""osm_id"": ""13188057066"", ""raw_id"": 20549, ""raw_table"": ""raw_osm_points"", ""population"": null, ""external_id"": ""osm:node:13188057066"", ""region_code"": ""MM-YANGON"", ""osm_feature_type"": ""N"", ""snapshot_version"": ""osm_myanmar_2026_07_21_yangon_city_v1"", ""source_snapshot_id"": 9, ""source_classification"": ""settlement""}"
osm:node:13188057052,safe_new,အမှတ် (၁၆၀) ရပ်ကွက်,အမှတ် (၁၆၀) ရပ်ကွက်,quarter,quarter,settlement,16.9515707,96.2423228,80.00,19ce3e74f942d4b784a2f3b7c2be8b46,"{""place"": ""quarter"", ""osm_id"": ""13188057052"", ""raw_id"": 20555, ""raw_table"": ""raw_osm_points"", ""population"": null, ""external_id"": ""osm:node:13188057052"", ""region_code"": ""MM-YANGON"", ""osm_feature_type"": ""N"", ""snapshot_version"": ""osm_myanmar_2026_07_21_yangon_city_v1"", ""source_snapshot_id"": 9, ""source_classification"": ""settlement""}"
osm:node:13188057036,safe_new,အမှတ် (၁၆၁) ရပ်ကွက်,အမှတ် (၁၆၁) ရပ်ကွက်,quarter,quarter,settlement,16.9591883,96.2442215,80.00,b3be8b320cfb0da27501d1ce9835beff,"{""place"": ""quarter"", ""osm_id"": ""13188057036"", ""raw_id"": 20562, ""raw_table"": ""raw_osm_points"", ""population"": null, ""external_id"": ""osm:node:13188057036"", ""region_code"": ""MM-YANGON"", ""osm_feature_type"": ""N"", ""snapshot_version"": ""osm_myanmar_2026_07_21_yangon_city_v1"", ""source_snapshot_id"": 9, ""source_classification"": ""settlement""}"
osm:node:13127725472,safe_new,ရွှေနံ့သာစံပြ,ရွှေနံ့သာစံပြ,village,village,settlement,16.9956513,96.1604642,80.00,8f8d9299b46c150331fec50e8645a368,"{""place"": ""village"", ""osm_id"": ""13127725472"", ""raw_id"": 20574, ""raw_table"": ""raw_osm_points"", ""population"": null, ""external_id"": ""osm:node:13127725472"", ""region_code"": ""MM-YANGON"", ""osm_feature_type"": ""N"", ""snapshot_version"": ""osm_myanmar_2026_07_21_yangon_city_v1"", ""source_snapshot_id"": 9, ""source_classification"": ""settlement""}"
osm:node:13127725473,safe_new,ရွှေနံ့သာ,ရွှေနံ့သာ,village,village,settlement,16.9927789,96.156269,80.00,25905eaebed114afef81b863caac9f07,"{""place"": ""village"", ""osm_id"": ""13127725473"", ""raw_id"": 20575, ""raw_table"": ""raw_osm_points"", ""population"": null, ""external_id"": ""osm:node:13127725473"", ""region_code"": ""MM-YANGON"", ""osm_feature_type"": ""N"", ""snapshot_version"": ""osm_myanmar_2026_07_21_yangon_city_v1"", ""source_snapshot_id"": 9, ""source_classification"": ""settlement""}"
osm:node:13127725477,safe_new,ရှမ်းစု,ရှမ်းစု,village,village,settlement,16.9839283,96.1279824,80.00,0e4251a45f7bcd7053f15d09252c5be7,"{""place"": ""village"", ""osm_id"": ""13127725477"", ""raw_id"": 20676, ""raw_table"": ""raw_osm_points"", ""population"": null, ""external_id"": ""osm:node:13127725477"", ""region_code"": ""MM-YANGON"", ""osm_feature_type"": ""N"", ""snapshot_version"": ""osm_myanmar_2026_07_21_yangon_city_v1"", ""source_snapshot_id"": 9, ""source_classification"": ""settlement""}"
osm:node:13189839870,safe_new,ပြန်လည်နေရာချထားရေးရပ်ကွက်,ပြန်လည်နေရာချထားရေးရပ်ကွက်,quarter,quarter,settlement,16.970856,96.1292545,80.00,a43aa5743f58f74207e9b11cf8d65d9b,"{""place"": ""quarter"", ""osm_id"": ""13189839870"", ""raw_id"": 20636, ""raw_table"": ""raw_osm_points"", ""population"": null, ""external_id"": ""osm:node:13189839870"", ""region_code"": ""MM-YANGON"", ""osm_feature_type"": ""N"", ""snapshot_version"": ""osm_myanmar_2026_07_21_yangon_city_v1"", ""source_snapshot_id"": 9, ""source_classification"": ""settlement""}"
osm:node:13127727308,safe_new,သာဓုကန်,သာဓုကန်,village,village,settlement,16.9841995,96.0952988,80.00,d900d074b0ebaad2db3f6a19fbcef7a3,"{""place"": ""village"", ""osm_id"": ""13127727308"", ""raw_id"": 20996, ""raw_table"": ""raw_osm_points"", ""population"": null, ""external_id"": ""osm:node:13127727308"", ""region_code"": ""MM-YANGON"", ""osm_feature_type"": ""N"", ""snapshot_version"": ""osm_myanmar_2026_07_21_yangon_city_v1"", ""source_snapshot_id"": 9, ""source_classification"": ""settlement""}"
osm:node:13127725475,safe_new,ဉာဏ,ဉာဏ,village,village,settlement,16.97,96.1200215,80.00,37e35b9e40ddd9fa33779b432c05bcc6,"{""place"": ""village"", ""osm_id"": ""13127725475"", ""raw_id"": 21051, ""raw_table"": ""raw_osm_points"", ""population"": null, ""external_id"": ""osm:node:13127725475"", ""region_code"": ""MM-YANGON"", ""osm_feature_type"": ""N"", ""snapshot_version"": ""osm_myanmar_2026_07_21_yangon_city_v1"", ""source_snapshot_id"": 9, ""source_classification"": ""settlement""}"
osm:node:13189839864,safe_new,တောတိုက်ရပ်ကွက်,တောတိုက်ရပ်ကွက်,quarter,quarter,settlement,16.9588155,96.1149388,80.00,b777c1e60f3c1e82d0182430c8ea3736,"{""place"": ""quarter"", ""osm_id"": ""13189839864"", ""raw_id"": 21108, ""raw_table"": ""raw_osm_points"", ""population"": null, ""external_id"": ""osm:node:13189839864"", ""region_code"": ""MM-YANGON"", ""osm_feature_type"": ""N"", ""snapshot_version"": ""osm_myanmar_2026_07_21_yangon_city_v1"", ""source_snapshot_id"": 9, ""source_classification"": ""settlement""}"
osm:node:13189839863,safe_new,ပြည်တော်သာရပ်ကွက်,ပြည်တော်သာရပ်ကွက်,quarter,quarter,settlement,16.9491098,96.1206473,80.00,2eb6ffe1052755a8c6258802e6c83bed,"{""place"": ""quarter"", ""osm_id"": ""13189839863"", ""raw_id"": 21111, ""raw_table"": ""raw_osm_points"", ""population"": null, ""external_id"": ""osm:node:13189839863"", ""region_code"": ""MM-YANGON"", ""osm_feature_type"": ""N"", ""snapshot_version"": ""osm_myanmar_2026_07_21_yangon_city_v1"", ""source_snapshot_id"": 9, ""source_classification"": ""settlement""}"
osm:node:13189923660,safe_new,အမှတ် (၁) ရပ်ကွက်,အမှတ် (၁) ရပ်ကွက်,quarter,quarter,settlement,16.948045,96.0963727,80.00,7a67a12d0ffc4c46577e65b55fbf713a,"{""place"": ""quarter"", ""osm_id"": ""13189923660"", ""raw_id"": 21137, ""raw_table"": ""raw_osm_points"", ""population"": null, ""external_id"": ""osm:node:13189923660"", ""region_code"": ""MM-YANGON"", ""osm_feature_type"": ""N"", ""snapshot_version"": ""osm_myanmar_2026_07_21_yangon_city_v1"", ""source_snapshot_id"": 9, ""source_classification"": ""settlement""}"
osm:node:13189923669,safe_new,အမှတ် (၁၉) ရပ်ကွက်,အမှတ် (၁၉) ရပ်ကွက်,quarter,quarter,settlement,16.9616701,96.0594963,80.00,92a464543a27ad53ed5f67e65301b87f,"{""place"": ""quarter"", ""osm_id"": ""13189923669"", ""raw_id"": 21503, ""raw_table"": ""raw_osm_points"", ""population"": null, ""external_id"": ""osm:node:13189923669"", ""region_code"": ""MM-YANGON"", ""osm_feature_type"": ""N"", ""snapshot_version"": ""osm_myanmar_2026_07_21_yangon_city_v1"", ""source_snapshot_id"": 9, ""source_classification"": ""settlement""}"
osm:node:13189923657,safe_new,အမှတ် (၂၁) ရပ်ကွက်,အမှတ် (၂၁) ရပ်ကွက်,quarter,quarter,settlement,16.9941268,96.0455322,80.00,4d81c918160a62533a0ea65ddd4c1152,"{""place"": ""quarter"", ""osm_id"": ""13189923657"", ""raw_id"": 21521, ""raw_table"": ""raw_osm_points"", ""population"": null, ""external_id"": ""osm:node:13189923657"", ""region_code"": ""MM-YANGON"", ""osm_feature_type"": ""N"", ""snapshot_version"": ""osm_myanmar_2026_07_21_yangon_city_v1"", ""source_snapshot_id"": 9, ""source_classification"": ""settlement""}"
osm:node:13189923667,safe_new,အမှတ် (၁၇) ရပ်ကွက်,အမှတ် (၁၇) ရပ်ကွက်,quarter,quarter,settlement,17.0066297,96.0589619,80.00,eb00fc433023f2f65ebc6dbc9450ca3d,"{""place"": ""quarter"", ""osm_id"": ""13189923667"", ""raw_id"": 21535, ""raw_table"": ""raw_osm_points"", ""population"": null, ""external_id"": ""osm:node:13189923667"", ""region_code"": ""MM-YANGON"", ""osm_feature_type"": ""N"", ""snapshot_version"": ""osm_myanmar_2026_07_21_yangon_city_v1"", ""source_snapshot_id"": 9, ""source_classification"": ""settlement""}"
osm:node:13127727311,safe_new,လှော်ကား,လှော်ကား,village,village,settlement,17.0041761,96.0784358,80.00,ceabe856934d88b843829bac11e1e487,"{""place"": ""village"", ""osm_id"": ""13127727311"", ""raw_id"": 21558, ""raw_table"": ""raw_osm_points"", ""population"": null, ""external_id"": ""osm:node:13127727311"", ""region_code"": ""MM-YANGON"", ""osm_feature_type"": ""N"", ""snapshot_version"": ""osm_myanmar_2026_07_21_yangon_city_v1"", ""source_snapshot_id"": 9, ""source_classification"": ""settlement""}"
osm:node:13115760838,safe_new,သံတံတား,သံတံတား,village,village,settlement,17.0596926,96.1180933,80.00,df5ff35983dc3085d5c236838ce915ec,"{""place"": ""village"", ""osm_id"": ""13115760838"", ""raw_id"": 21696, ""raw_table"": ""raw_osm_points"", ""population"": null, ""external_id"": ""osm:node:13115760838"", ""region_code"": ""MM-YANGON"", ""osm_feature_type"": ""N"", ""snapshot_version"": ""osm_myanmar_2026_07_21_yangon_city_v1"", ""source_snapshot_id"": 9, ""source_classification"": ""settlement""}"
osm:node:13115760846,safe_new,ကိုးလုံးကွင်းကျောင်းဝိုင်း,ကိုးလုံးကွင်းကျောင်းဝိုင်း,village,village,settlement,17.075898,96.1062317,80.00,c8504a5de7a5dedd055079f2280ba297,"{""place"": ""village"", ""osm_id"": ""13115760846"", ""raw_id"": 21716, ""raw_table"": ""raw_osm_points"", ""population"": null, ""external_id"": ""osm:node:13115760846"", ""region_code"": ""MM-YANGON"", ""osm_feature_type"": ""N"", ""snapshot_version"": ""osm_myanmar_2026_07_21_yangon_city_v1"", ""source_snapshot_id"": 9, ""source_classification"": ""settlement""}"
osm:node:13115760845,safe_new,ကိုးလုံးကွင်းရွာမ,ကိုးလုံးကွင်းရွာမ,village,village,settlement,17.0733244,96.1086196,80.00,1698e80e10fddb61202243e0121a7f9b,"{""place"": ""village"", ""osm_id"": ""13115760845"", ""raw_id"": 21719, ""raw_table"": ""raw_osm_points"", ""population"": null, ""external_id"": ""osm:node:13115760845"", ""region_code"": ""MM-YANGON"", ""osm_feature_type"": ""N"", ""snapshot_version"": ""osm_myanmar_2026_07_21_yangon_city_v1"", ""source_snapshot_id"": 9, ""source_classification"": ""settlement""}"
osm:node:12141268370,safe_new,ဘန့်ဘွေးကုန်း,ဘန့်ဘွေးကုန်း,village,village,settlement,17.0675492,96.1143652,80.00,4d7adc79ff69a9a81f978a5bc7f494b0,"{""place"": ""village"", ""osm_id"": ""12141268370"", ""raw_id"": 21728, ""raw_table"": ""raw_osm_points"", ""population"": null, ""external_id"": ""osm:node:12141268370"", ""region_code"": ""MM-YANGON"", ""osm_feature_type"": ""N"", ""snapshot_version"": ""osm_myanmar_2026_07_21_yangon_city_v1"", ""source_snapshot_id"": 9, ""source_classification"": ""settlement""}"
osm:node:13189839880,safe_new,ရဲစုတောင်ရပ်ကွက်,ရဲစုတောင်ရပ်ကွက်,quarter,quarter,settlement,17.0682185,96.134661,80.00,b839a9a2726a8d9f3b17ae504642692d,"{""place"": ""quarter"", ""osm_id"": ""13189839880"", ""raw_id"": 21737, ""raw_table"": ""raw_osm_points"", ""population"": null, ""external_id"": ""osm:node:13189839880"", ""region_code"": ""MM-YANGON"", ""osm_feature_type"": ""N"", ""snapshot_version"": ""osm_myanmar_2026_07_21_yangon_city_v1"", ""source_snapshot_id"": 9, ""source_classification"": ""settlement""}"
osm:node:13115760855,safe_new,ဘွက်ကြီး,ဘွက်ကြီး,village,village,settlement,17.0685382,96.1398563,80.00,306378c4d3ce20315015400d3f8adbfb,"{""place"": ""village"", ""osm_id"": ""13115760855"", ""raw_id"": 21738, ""raw_table"": ""raw_osm_points"", ""population"": null, ""external_id"": ""osm:node:13115760855"", ""region_code"": ""MM-YANGON"", ""osm_feature_type"": ""N"", ""snapshot_version"": ""osm_myanmar_2026_07_21_yangon_city_v1"", ""source_snapshot_id"": 9, ""source_classification"": ""settlement""}"
osm:node:13115760854,safe_new,ရဲစု,ရဲစု,village,village,settlement,17.05639,96.1316772,80.00,e5edae5433b654d0419ed3232fe72e8f,"{""place"": ""village"", ""osm_id"": ""13115760854"", ""raw_id"": 21760, ""raw_table"": ""raw_osm_points"", ""population"": null, ""external_id"": ""osm:node:13115760854"", ""region_code"": ""MM-YANGON"", ""osm_feature_type"": ""N"", ""snapshot_version"": ""osm_myanmar_2026_07_21_yangon_city_v1"", ""source_snapshot_id"": 9, ""source_classification"": ""settlement""}"
osm:node:13189839859,safe_new,ဧကရာဇ်ရပ်ကွက်,ဧကရာဇ်ရပ်ကွက်,quarter,quarter,settlement,17.0493279,96.1376201,80.00,1149812a10ba3575cacb663dd4103308,"{""place"": ""quarter"", ""osm_id"": ""13189839859"", ""raw_id"": 21769, ""raw_table"": ""raw_osm_points"", ""population"": null, ""external_id"": ""osm:node:13189839859"", ""region_code"": ""MM-YANGON"", ""osm_feature_type"": ""N"", ""snapshot_version"": ""osm_myanmar_2026_07_21_yangon_city_v1"", ""source_snapshot_id"": 9, ""source_classification"": ""settlement""}"
osm:node:13189839876,safe_new,ပဲခူးလမ်းရပ်ကွက်,ပဲခူးလမ်းရပ်ကွက်,quarter,quarter,settlement,17.043532,96.140388,80.00,ddb5558aa477894878bdf142efba5abd,"{""place"": ""quarter"", ""osm_id"": ""13189839876"", ""raw_id"": 21783, ""raw_table"": ""raw_osm_points"", ""population"": null, ""external_id"": ""osm:node:13189839876"", ""region_code"": ""MM-YANGON"", ""osm_feature_type"": ""N"", ""snapshot_version"": ""osm_myanmar_2026_07_21_yangon_city_v1"", ""source_snapshot_id"": 9, ""source_classification"": ""settlement""}"
osm:node:6087791899,safe_new,ထောက်ကြန့်,ထောက်ကြန့်,town,town,settlement,17.0421703,96.1335437,80.00,f4cfd2978e2d1cda9ad11089ea5567b6,"{""place"": ""town"", ""osm_id"": ""6087791899"", ""raw_id"": 21821, ""raw_table"": ""raw_osm_points"", ""population"": null, ""external_id"": ""osm:node:6087791899"", ""region_code"": ""MM-YANGON"", ""osm_feature_type"": ""N"", ""snapshot_version"": ""osm_myanmar_2026_07_21_yangon_city_v1"", ""source_snapshot_id"": 9, ""source_classification"": ""settlement""}"
osm:node:13189839872,safe_new,ဈေးပိုင်းရပ်ကွက် (ထောက်ကြံ့ဈေး),ဈေးပိုင်းရပ်ကွက် (ထောက်ကြံ့ဈေး),quarter,quarter,settlement,17.0422691,96.1358078,80.00,5bdf99378563c1ad31ec5dbf0140a110,"{""place"": ""quarter"", ""osm_id"": ""13189839872"", ""raw_id"": 21823, ""raw_table"": ""raw_osm_points"", ""population"": null, ""external_id"": ""osm:node:13189839872"", ""region_code"": ""MM-YANGON"", ""osm_feature_type"": ""N"", ""snapshot_version"": ""osm_myanmar_2026_07_21_yangon_city_v1"", ""source_snapshot_id"": 9, ""source_classification"": ""settlement""}"
osm:node:13127725481,safe_new,ကျောက်ရေတွင်းရွာသစ်,ကျောက်ရေတွင်းရွာသစ်,village,village,settlement,17.0344001,96.1480146,80.00,4a0e584c945f49f652663781c1ce28c5,"{""place"": ""village"", ""osm_id"": ""13127725481"", ""raw_id"": 21839, ""raw_table"": ""raw_osm_points"", ""population"": null, ""external_id"": ""osm:node:13127725481"", ""region_code"": ""MM-YANGON"", ""osm_feature_type"": ""N"", ""snapshot_version"": ""osm_myanmar_2026_07_21_yangon_city_v1"", ""source_snapshot_id"": 9, ""source_classification"": ""settlement""}"
osm:node:13127725482,safe_new,ဂူကြီးကုန်း,ဂူကြီးကုန်း,village,village,settlement,17.0380946,96.1477377,80.00,d0ff43fed50e0fa23a0f060313d5e9ed,"{""place"": ""village"", ""osm_id"": ""13127725482"", ""raw_id"": 21842, ""raw_table"": ""raw_osm_points"", ""population"": null, ""external_id"": ""osm:node:13127725482"", ""region_code"": ""MM-YANGON"", ""osm_feature_type"": ""N"", ""snapshot_version"": ""osm_myanmar_2026_07_21_yangon_city_v1"", ""source_snapshot_id"": 9, ""source_classification"": ""settlement""}"
osm:node:2434234607,safe_new,ကုန်းတလပေါင်,ကုန်းတလပေါင်,village,village,settlement,17.0114709,96.1489153,80.00,b6d460e46ccaf9ab0e62e7993c1e808a,"{""place"": ""village"", ""osm_id"": ""2434234607"", ""raw_id"": 21905, ""raw_table"": ""raw_osm_points"", ""population"": null, ""external_id"": ""osm:node:2434234607"", ""region_code"": ""MM-YANGON"", ""osm_feature_type"": ""N"", ""snapshot_version"": ""osm_myanmar_2026_07_21_yangon_city_v1"", ""source_snapshot_id"": 9, ""source_classification"": ""settlement""}"
osm:way:1298083527,safe_new,ခနောင်အထက်,ခနောင်အထက်,village,village,settlement,16.703727100000002,96.18330847473676,80.00,364435c194800689c14da0298bf6d2e1,"{""place"": ""village"", ""osm_id"": ""1298083527"", ""raw_id"": 14808, ""raw_table"": ""raw_osm_polygons"", ""population"": null, ""external_id"": ""osm:way:1298083527"", ""region_code"": ""MM-YANGON"", ""osm_feature_type"": ""W"", ""snapshot_version"": ""osm_myanmar_2026_07_21_yangon_city_v1"", ""source_snapshot_id"": 9, ""source_classification"": ""settlement""}"
osm:way:1298083526,safe_new,ခနောင်ရှမ်းစု,ခနောင်ရှမ်းစု,village,village,settlement,16.70809585,96.18847046518704,80.00,f54fdcb71cb22cf2787954f990c7cfad,"{""place"": ""village"", ""osm_id"": ""1298083526"", ""raw_id"": 14915, ""raw_table"": ""raw_osm_polygons"", ""population"": null, ""external_id"": ""osm:way:1298083526"", ""region_code"": ""MM-YANGON"", ""osm_feature_type"": ""W"", ""snapshot_version"": ""osm_myanmar_2026_07_21_yangon_city_v1"", ""source_snapshot_id"": 9, ""source_classification"": ""settlement""}"
osm:way:1298083525,safe_new,ခနောင်ချောင်းဝ,ခနောင်ချောင်းဝ,village,village,settlement,16.7043987,96.20246489842435,80.00,9ea62c1ce6959207ed42432ac7892249,"{""place"": ""village"", ""osm_id"": ""1298083525"", ""raw_id"": 14916, ""raw_table"": ""raw_osm_polygons"", ""population"": null, ""external_id"": ""osm:way:1298083525"", ""region_code"": ""MM-YANGON"", ""osm_feature_type"": ""W"", ""snapshot_version"": ""osm_myanmar_2026_07_21_yangon_city_v1"", ""source_snapshot_id"": 9, ""source_classification"": ""settlement""}"
osm:relation:19705201,safe_new,ညောင်ကုန်းရပ်ကွက်,ညောင်ကုန်းရပ်ကွက်,quarter,quarter,settlement,16.750081549999997,96.1585427535066,80.00,c04dcfd0146de9c96b735cf2d6d66fa3,"{""place"": ""quarter"", ""osm_id"": ""19705201"", ""raw_id"": 14862, ""raw_table"": ""raw_osm_polygons"", ""population"": null, ""external_id"": ""osm:relation:19705201"", ""region_code"": ""MM-YANGON"", ""osm_feature_type"": ""R"", ""snapshot_version"": ""osm_myanmar_2026_07_21_yangon_city_v1"", ""source_snapshot_id"": 9, ""source_classification"": ""settlement""}"
osm:way:1298097178,safe_new,သပြေကုန်း,သပြေကုန်း,village,village,settlement,16.7286092,96.13853097639021,80.00,c5ce13c5476b4b122e05276df9445757,"{""place"": ""village"", ""osm_id"": ""1298097178"", ""raw_id"": 14819, ""raw_table"": ""raw_osm_polygons"", ""population"": null, ""external_id"": ""osm:way:1298097178"", ""region_code"": ""MM-YANGON"", ""osm_feature_type"": ""W"", ""snapshot_version"": ""osm_myanmar_2026_07_21_yangon_city_v1"", ""source_snapshot_id"": 9, ""source_classification"": ""settlement""}"
osm:relation:19705193,safe_new,အမှတ် (၁၁/၁၄) ရပ်ကွက်,အမှတ် (၁၁/၁၄) ရပ်ကွက်,quarter,quarter,settlement,16.740949999999998,96.15381422108939,80.00,bea8fa770a492c96650ba27706039cf9,"{""place"": ""quarter"", ""osm_id"": ""19705193"", ""raw_id"": 14849, ""raw_table"": ""raw_osm_polygons"", ""population"": null, ""external_id"": ""osm:relation:19705193"", ""region_code"": ""MM-YANGON"", ""osm_feature_type"": ""R"", ""snapshot_version"": ""osm_myanmar_2026_07_21_yangon_city_v1"", ""source_snapshot_id"": 9, ""source_classification"": ""settlement""}"
osm:relation:19669431,safe_new,အမှတ် (၁၆၃) ရပ်ကွက်,အမှတ် (၁၆၃) ရပ်ကွက်,quarter,quarter,settlement,16.9574026,96.25149050849944,80.00,cb1a9f1e1677158936e76b151f23e2ff,"{""place"": ""quarter"", ""osm_id"": ""19669431"", ""raw_id"": 15085, ""raw_table"": ""raw_osm_polygons"", ""population"": null, ""external_id"": ""osm:relation:19669431"", ""region_code"": ""MM-YANGON"", ""osm_feature_type"": ""R"", ""snapshot_version"": ""osm_myanmar_2026_07_21_yangon_city_v1"", ""source_snapshot_id"": 9, ""source_classification"": ""settlement""}"
osm:relation:19665972,safe_new,သုံးခွ (တောင်) ရပ်ကွက်,သုံးခွ (တောင်) ရပ်ကွက်,quarter,quarter,settlement,16.9338413,96.28043342567435,80.00,c8f9395ad3d66bfd051053dcd82a1e4a,"{""place"": ""quarter"", ""osm_id"": ""19665972"", ""raw_id"": 15306, ""raw_table"": ""raw_osm_polygons"", ""population"": null, ""external_id"": ""osm:relation:19665972"", ""region_code"": ""MM-YANGON"", ""osm_feature_type"": ""R"", ""snapshot_version"": ""osm_myanmar_2026_07_21_yangon_city_v1"", ""source_snapshot_id"": 9, ""source_classification"": ""settlement""}"
osm:relation:19669573,safe_new,အမှတ် (၉၃) ရပ်ကွက်,အမှတ် (၉၃) ရပ်ကွက်,quarter,quarter,settlement,16.82079675,96.27168898559967,80.00,d2530a25d73ffae47e7b23f74f170763,"{""place"": ""quarter"", ""osm_id"": ""19669573"", ""raw_id"": 17282, ""raw_table"": ""raw_osm_polygons"", ""population"": null, ""external_id"": ""osm:relation:19669573"", ""region_code"": ""MM-YANGON"", ""osm_feature_type"": ""R"", ""snapshot_version"": ""osm_myanmar_2026_07_21_yangon_city_v1"", ""source_snapshot_id"": 9, ""source_classification"": ""settlement""}"
osm:relation:19669566,safe_new,အမှတ် (၉၂) ရပ်ကွက်,အမှတ် (၉၂) ရပ်ကွက်,quarter,quarter,settlement,16.827920149999997,96.27303428381072,80.00,cd6cc06f456807203da150caa55e1898,"{""place"": ""quarter"", ""osm_id"": ""19669566"", ""raw_id"": 18412, ""raw_table"": ""raw_osm_polygons"", ""population"": null, ""external_id"": ""osm:relation:19669566"", ""region_code"": ""MM-YANGON"", ""osm_feature_type"": ""R"", ""snapshot_version"": ""osm_myanmar_2026_07_21_yangon_city_v1"", ""source_snapshot_id"": 9, ""source_classification"": ""settlement""}"
osm:relation:19669567,safe_new,အမှတ် (၇၈) ရပ်ကွက်,အမှတ် (၇၈) ရပ်ကွက်,quarter,quarter,settlement,16.827930600000002,96.2613595450515,80.00,ada13272ea71f53cfeda6571d57d1533,"{""place"": ""quarter"", ""osm_id"": ""19669567"", ""raw_id"": 19300, ""raw_table"": ""raw_osm_polygons"", ""population"": null, ""external_id"": ""osm:relation:19669567"", ""region_code"": ""MM-YANGON"", ""osm_feature_type"": ""R"", ""snapshot_version"": ""osm_myanmar_2026_07_21_yangon_city_v1"", ""source_snapshot_id"": 9, ""source_classification"": ""settlement""}"
osm:relation:19669570,safe_new,အမှတ် (၇၆) ရပ်ကွက်,အမှတ် (၇၆) ရပ်ကွက်,quarter,quarter,settlement,16.8222145,96.25388843828861,80.00,becd504d8ea6c9c2b7baa41d527942a6,"{""place"": ""quarter"", ""osm_id"": ""19669570"", ""raw_id"": 19910, ""raw_table"": ""raw_osm_polygons"", ""population"": null, ""external_id"": ""osm:relation:19669570"", ""region_code"": ""MM-YANGON"", ""osm_feature_type"": ""R"", ""snapshot_version"": ""osm_myanmar_2026_07_21_yangon_city_v1"", ""source_snapshot_id"": 9, ""source_classification"": ""settlement""}"
osm:relation:19669568,safe_new,အမှတ် (၇၇) ရပ်ကွက်,အမှတ် (၇၇) ရပ်ကွက်,quarter,quarter,settlement,16.83119655,96.25668433736156,80.00,0fc84e53409e62b5eab9b33155e44d03,"{""place"": ""quarter"", ""osm_id"": ""19669568"", ""raw_id"": 20225, ""raw_table"": ""raw_osm_polygons"", ""population"": null, ""external_id"": ""osm:relation:19669568"", ""region_code"": ""MM-YANGON"", ""osm_feature_type"": ""R"", ""snapshot_version"": ""osm_myanmar_2026_07_21_yangon_city_v1"", ""source_snapshot_id"": 9, ""source_classification"": ""settlement""}"
osm:relation:19669561,safe_new,အမှတ် (၅၉) ရပ်ကွက်,အမှတ် (၅၉) ရပ်ကွက်,quarter,quarter,settlement,16.841313749999998,96.25404109996916,80.00,828dada86df685d243a6030da758aeed,"{""place"": ""quarter"", ""osm_id"": ""19669561"", ""raw_id"": 20429, ""raw_table"": ""raw_osm_polygons"", ""population"": null, ""external_id"": ""osm:relation:19669561"", ""region_code"": ""MM-YANGON"", ""osm_feature_type"": ""R"", ""snapshot_version"": ""osm_myanmar_2026_07_21_yangon_city_v1"", ""source_snapshot_id"": 9, ""source_classification"": ""settlement""}"
osm:relation:19669551,safe_new,အမှတ် (၉၈) ရပ်ကွက်,အမှတ် (၉၈) ရပ်ကွက်,quarter,quarter,settlement,16.841674599999997,96.29994224432377,80.00,5ffd0074d47111c984a636d14e60b6da,"{""place"": ""quarter"", ""osm_id"": ""19669551"", ""raw_id"": 21527, ""raw_table"": ""raw_osm_polygons"", ""population"": null, ""external_id"": ""osm:relation:19669551"", ""region_code"": ""MM-YANGON"", ""osm_feature_type"": ""R"", ""snapshot_version"": ""osm_myanmar_2026_07_21_yangon_city_v1"", ""source_snapshot_id"": 9, ""source_classification"": ""settlement""}"
osm:relation:19669547,safe_new,အမှတ် (၈၅) ရပ်ကွက်,အမှတ် (၈၅) ရပ်ကွက်,quarter,quarter,settlement,16.8686037,96.27386842689951,80.00,0478472aeb71f4217531bb3af328c828,"{""place"": ""quarter"", ""osm_id"": ""19669547"", ""raw_id"": 24882, ""raw_table"": ""raw_osm_polygons"", ""population"": null, ""external_id"": ""osm:relation:19669547"", ""region_code"": ""MM-YANGON"", ""osm_feature_type"": ""R"", ""snapshot_version"": ""osm_myanmar_2026_07_21_yangon_city_v1"", ""source_snapshot_id"": 9, ""source_classification"": ""settlement""}"
osm:relation:19665997,safe_new,အမှတ် (၅၅) ရပ်ကွက်,အမှတ် (၅၅) ရပ်ကွက်,quarter,quarter,settlement,16.856014950000002,96.2467132252529,80.00,c333aad79e38aeeed092f681dca19986,"{""place"": ""quarter"", ""osm_id"": ""19665997"", ""raw_id"": 26293, ""raw_table"": ""raw_osm_polygons"", ""population"": null, ""external_id"": ""osm:relation:19665997"", ""region_code"": ""MM-YANGON"", ""osm_feature_type"": ""R"", ""snapshot_version"": ""osm_myanmar_2026_07_21_yangon_city_v1"", ""source_snapshot_id"": 9, ""source_classification"": ""settlement""}"
osm:relation:19666006,safe_new,အမှတ် (၂၄) ရပ်ကွက်,အမှတ် (၂၄) ရပ်ကွက်,quarter,quarter,settlement,16.847486500000002,96.22992280921358,80.00,445ed535f48ef89163cff5021dbaab59,"{""place"": ""quarter"", ""osm_id"": ""19666006"", ""raw_id"": 30053, ""raw_table"": ""raw_osm_polygons"", ""population"": null, ""external_id"": ""osm:relation:19666006"", ""region_code"": ""MM-YANGON"", ""osm_feature_type"": ""R"", ""snapshot_version"": ""osm_myanmar_2026_07_21_yangon_city_v1"", ""source_snapshot_id"": 9, ""source_classification"": ""settlement""}"
osm:relation:19666007,safe_new,အမှတ် (၂၅) ရပ်ကွက်,အမှတ် (၂၅) ရပ်ကွက်,quarter,quarter,settlement,16.8512497,96.22495346085559,80.00,a6c68bec6f3aa4fb7fc723de4b700ef0,"{""place"": ""quarter"", ""osm_id"": ""19666007"", ""raw_id"": 30698, ""raw_table"": ""raw_osm_polygons"", ""population"": null, ""external_id"": ""osm:relation:19666007"", ""region_code"": ""MM-YANGON"", ""osm_feature_type"": ""R"", ""snapshot_version"": ""osm_myanmar_2026_07_21_yangon_city_v1"", ""source_snapshot_id"": 9, ""source_classification"": ""settlement""}"
osm:relation:19666099,safe_new,၂၇ ရပ်ကွက်,၂၇ ရပ်ကွက်,quarter,quarter,settlement,16.85759735,96.2036867447803,80.00,9893d59d25532534fe420504fdadc743,"{""place"": ""quarter"", ""osm_id"": ""19666099"", ""raw_id"": 32778, ""raw_table"": ""raw_osm_polygons"", ""population"": null, ""external_id"": ""osm:relation:19666099"", ""region_code"": ""MM-YANGON"", ""osm_feature_type"": ""R"", ""snapshot_version"": ""osm_myanmar_2026_07_21_yangon_city_v1"", ""source_snapshot_id"": 9, ""source_classification"": ""settlement""}"
osm:relation:19666008,safe_new,အမှတ် (၂၆) ရပ်ကွက်,အမှတ် (၂၆) ရပ်ကွက်,quarter,quarter,settlement,16.85240235,96.2164650427554,80.00,56bf526074cfcefee4e15f2dd07221e2,"{""place"": ""quarter"", ""osm_id"": ""19666008"", ""raw_id"": 32957, ""raw_table"": ""raw_osm_polygons"", ""population"": null, ""external_id"": ""osm:relation:19666008"", ""region_code"": ""MM-YANGON"", ""osm_feature_type"": ""R"", ""snapshot_version"": ""osm_myanmar_2026_07_21_yangon_city_v1"", ""source_snapshot_id"": 9, ""source_classification"": ""settlement""}"
osm:relation:19666097,safe_new,၃၂ ရပ်ကွက်,၃၂ ရပ်ကွက်,quarter,quarter,settlement,16.86597135,96.18948407774516,80.00,db30441ff190a4aca1cf5c6aff9506da,"{""place"": ""quarter"", ""osm_id"": ""19666097"", ""raw_id"": 34168, ""raw_table"": ""raw_osm_polygons"", ""population"": null, ""external_id"": ""osm:relation:19666097"", ""region_code"": ""MM-YANGON"", ""osm_feature_type"": ""R"", ""snapshot_version"": ""osm_myanmar_2026_07_21_yangon_city_v1"", ""source_snapshot_id"": 9, ""source_classification"": ""settlement""}"
osm:relation:19666096,safe_new,၃၁ ရပ်ကွက်,၃၁ ရပ်ကွက်,quarter,quarter,settlement,16.86459765,96.19989238746396,80.00,d758197f3a7b4873f6f72b73f3cd1355,"{""place"": ""quarter"", ""osm_id"": ""19666096"", ""raw_id"": 34202, ""raw_table"": ""raw_osm_polygons"", ""population"": null, ""external_id"": ""osm:relation:19666096"", ""region_code"": ""MM-YANGON"", ""osm_feature_type"": ""R"", ""snapshot_version"": ""osm_myanmar_2026_07_21_yangon_city_v1"", ""source_snapshot_id"": 9, ""source_classification"": ""settlement""}"
osm:relation:19666095,safe_new,၂၈ ရပ်ကွက်,၂၈ ရပ်ကွက်,quarter,quarter,settlement,16.8652858,96.20610635880814,80.00,3c46107089d40ab7b8aa437c12c1879a,"{""place"": ""quarter"", ""osm_id"": ""19666095"", ""raw_id"": 34368, ""raw_table"": ""raw_osm_polygons"", ""population"": null, ""external_id"": ""osm:relation:19666095"", ""region_code"": ""MM-YANGON"", ""osm_feature_type"": ""R"", ""snapshot_version"": ""osm_myanmar_2026_07_21_yangon_city_v1"", ""source_snapshot_id"": 9, ""source_classification"": ""settlement""}"
osm:relation:19666094,safe_new,၁၆ ရပ်ကွက်,၁၆ ရပ်ကွက်,quarter,quarter,settlement,16.873150850000002,96.21432048929844,80.00,1f329ac35da29173fbf8d832cdc6be1d,"{""place"": ""quarter"", ""osm_id"": ""19666094"", ""raw_id"": 34657, ""raw_table"": ""raw_osm_polygons"", ""population"": null, ""external_id"": ""osm:relation:19666094"", ""region_code"": ""MM-YANGON"", ""osm_feature_type"": ""R"", ""snapshot_version"": ""osm_myanmar_2026_07_21_yangon_city_v1"", ""source_snapshot_id"": 9, ""source_classification"": ""settlement""}"
osm:relation:19666090,safe_new,၃၅ ရပ်ကွက်,၃၅ ရပ်ကွက်,quarter,quarter,settlement,16.87309835,96.18819084915631,80.00,d3134dc2b49774b68b9469d7077f23bf,"{""place"": ""quarter"", ""osm_id"": ""19666090"", ""raw_id"": 35263, ""raw_table"": ""raw_osm_polygons"", ""population"": null, ""external_id"": ""osm:relation:19666090"", ""region_code"": ""MM-YANGON"", ""osm_feature_type"": ""R"", ""snapshot_version"": ""osm_myanmar_2026_07_21_yangon_city_v1"", ""source_snapshot_id"": 9, ""source_classification"": ""settlement""}"
osm:relation:19666091,safe_new,၃၄ ရပ်ကွက်,၃၄ ရပ်ကွက်,quarter,quarter,settlement,16.8692946,96.18141974138469,80.00,d490f477a0625191c76fbbf10955d294,"{""place"": ""quarter"", ""osm_id"": ""19666091"", ""raw_id"": 35725, ""raw_table"": ""raw_osm_polygons"", ""population"": null, ""external_id"": ""osm:relation:19666091"", ""region_code"": ""MM-YANGON"", ""osm_feature_type"": ""R"", ""snapshot_version"": ""osm_myanmar_2026_07_21_yangon_city_v1"", ""source_snapshot_id"": 9, ""source_classification"": ""settlement""}"
osm:relation:19659703,safe_new,အမှတ် (၄) ရပ်ကွက် (ကျိုက်ဝိုင်းလေး),အမှတ် (၄) ရပ်ကွက် (ကျိုက်ဝိုင်းလေး),quarter,quarter,settlement,16.87349605,96.13453180051694,80.00,ff65dce5a121aaf9ac1c963a1d55ea5f,"{""place"": ""quarter"", ""osm_id"": ""19659703"", ""raw_id"": 36850, ""raw_table"": ""raw_osm_polygons"", ""population"": null, ""external_id"": ""osm:relation:19659703"", ""region_code"": ""MM-YANGON"", ""osm_feature_type"": ""R"", ""snapshot_version"": ""osm_myanmar_2026_07_21_yangon_city_v1"", ""source_snapshot_id"": 9, ""source_classification"": ""settlement""}"
osm:relation:19659704,safe_new,အမှတ် (၃) ရပ်ကွက် (ကျိုက်ဝိုင်းကြီး),အမှတ် (၃) ရပ်ကွက် (ကျိုက်ဝိုင်းကြီး),quarter,quarter,settlement,16.87027375,96.12519268042945,80.00,9fbd68e2116174c428886a59ec5ba10f,"{""place"": ""quarter"", ""osm_id"": ""19659704"", ""raw_id"": 36881, ""raw_table"": ""raw_osm_polygons"", ""population"": null, ""external_id"": ""osm:relation:19659704"", ""region_code"": ""MM-YANGON"", ""osm_feature_type"": ""R"", ""snapshot_version"": ""osm_myanmar_2026_07_21_yangon_city_v1"", ""source_snapshot_id"": 9, ""source_classification"": ""settlement""}"
osm:relation:19662739,safe_new,၃ ရပ်ကွက်,၃ ရပ်ကွက်,quarter,quarter,settlement,16.8464196,96.16882440753004,80.00,c50f1c348683bb2b396668c68af4d98d,"{""place"": ""quarter"", ""osm_id"": ""19662739"", ""raw_id"": 37817, ""raw_table"": ""raw_osm_polygons"", ""population"": null, ""external_id"": ""osm:relation:19662739"", ""region_code"": ""MM-YANGON"", ""osm_feature_type"": ""R"", ""snapshot_version"": ""osm_myanmar_2026_07_21_yangon_city_v1"", ""source_snapshot_id"": 9, ""source_classification"": ""settlement""}"
osm:relation:19662681,safe_new,၈ ရပ်ကွက်,၈ ရပ်ကွက်,quarter,quarter,settlement,16.8490719,96.16307034491072,80.00,137cbdc67ac0ed6e4a5b14bce41794d6,"{""place"": ""quarter"", ""osm_id"": ""19662681"", ""raw_id"": 37904, ""raw_table"": ""raw_osm_polygons"", ""population"": null, ""external_id"": ""osm:relation:19662681"", ""region_code"": ""MM-YANGON"", ""osm_feature_type"": ""R"", ""snapshot_version"": ""osm_myanmar_2026_07_21_yangon_city_v1"", ""source_snapshot_id"": 9, ""source_classification"": ""settlement""}"
osm:relation:19662732,safe_new,၈ ရပ်ကွက်,၈ ရပ်ကွက်,quarter,quarter,settlement,16.83758925,96.17412291351847,80.00,dd7497c051b8f38fa4107333867ba472,"{""place"": ""quarter"", ""osm_id"": ""19662732"", ""raw_id"": 38985, ""raw_table"": ""raw_osm_polygons"", ""population"": null, ""external_id"": ""osm:relation:19662732"", ""region_code"": ""MM-YANGON"", ""osm_feature_type"": ""R"", ""snapshot_version"": ""osm_myanmar_2026_07_21_yangon_city_v1"", ""source_snapshot_id"": 9, ""source_classification"": ""settlement""}"
osm:relation:19662727,safe_new,၁၁ ရပ်ကွက်,၁၁ ရပ်ကွက်,quarter,quarter,settlement,16.8376732,96.18098722978581,80.00,0f57eb8acc7b2b4481c0836cbaa59d69,"{""place"": ""quarter"", ""osm_id"": ""19662727"", ""raw_id"": 38996, ""raw_table"": ""raw_osm_polygons"", ""population"": null, ""external_id"": ""osm:relation:19662727"", ""region_code"": ""MM-YANGON"", ""osm_feature_type"": ""R"", ""snapshot_version"": ""osm_myanmar_2026_07_21_yangon_city_v1"", ""source_snapshot_id"": 9, ""source_classification"": ""settlement""}"
osm:relation:19662920,safe_new,၁၆/၂ ရပ်ကွက်,၁၆/၂ ရပ်ကွက်,quarter,quarter,settlement,16.8331019,96.18082539110199,80.00,01740b4e9b216c4dd486cead6ac07f3c,"{""place"": ""quarter"", ""osm_id"": ""19662920"", ""raw_id"": 39105, ""raw_table"": ""raw_osm_polygons"", ""population"": null, ""external_id"": ""osm:relation:19662920"", ""region_code"": ""MM-YANGON"", ""osm_feature_type"": ""R"", ""snapshot_version"": ""osm_myanmar_2026_07_21_yangon_city_v1"", ""source_snapshot_id"": 9, ""source_classification"": ""settlement""}"
osm:relation:19662919,safe_new,၁၆/၃ ရပ်ကွက်,၁၆/၃ ရပ်ကွက်,quarter,quarter,settlement,16.829947500000003,96.18177520313208,80.00,776d3bc107f7809627fced30a392a022,"{""place"": ""quarter"", ""osm_id"": ""19662919"", ""raw_id"": 39140, ""raw_table"": ""raw_osm_polygons"", ""population"": null, ""external_id"": ""osm:relation:19662919"", ""region_code"": ""MM-YANGON"", ""osm_feature_type"": ""R"", ""snapshot_version"": ""osm_myanmar_2026_07_21_yangon_city_v1"", ""source_snapshot_id"": 9, ""source_classification"": ""settlement""}"
osm:relation:19662922,safe_new,မိချောင်းကန်အမှတ် (၂) ရပ်ကွက်,မိချောင်းကန်အမှတ် (၂) ရပ်ကွက်,quarter,quarter,settlement,16.82911685,96.17806033205784,80.00,824c09f60ac922c4ecef79cfaa615e2d,"{""place"": ""quarter"", ""osm_id"": ""19662922"", ""raw_id"": 39163, ""raw_table"": ""raw_osm_polygons"", ""population"": null, ""external_id"": ""osm:relation:19662922"", ""region_code"": ""MM-YANGON"", ""osm_feature_type"": ""R"", ""snapshot_version"": ""osm_myanmar_2026_07_21_yangon_city_v1"", ""source_snapshot_id"": 9, ""source_classification"": ""settlement""}"
osm:relation:19662687,safe_new,အမှတ် (၁၄) ရပ်ကွက်,အမှတ် (၁၄) ရပ်ကွက်,quarter,quarter,settlement,16.8333827,96.16662607982389,80.00,122da86893a240c58aec8dbd30b65eda,"{""place"": ""quarter"", ""osm_id"": ""19662687"", ""raw_id"": 39228, ""raw_table"": ""raw_osm_polygons"", ""population"": null, ""external_id"": ""osm:relation:19662687"", ""region_code"": ""MM-YANGON"", ""osm_feature_type"": ""R"", ""snapshot_version"": ""osm_myanmar_2026_07_21_yangon_city_v1"", ""source_snapshot_id"": 9, ""source_classification"": ""settlement""}"
osm:relation:19662691,safe_new,အမှတ် (၁၅) ရပ်ကွက်,အမှတ် (၁၅) ရပ်ကွက်,quarter,quarter,settlement,16.8299591,96.16939827396205,80.00,2d80b9967184e7347c288c03da2031f6,"{""place"": ""quarter"", ""osm_id"": ""19662691"", ""raw_id"": 39273, ""raw_table"": ""raw_osm_polygons"", ""population"": null, ""external_id"": ""osm:relation:19662691"", ""region_code"": ""MM-YANGON"", ""osm_feature_type"": ""R"", ""snapshot_version"": ""osm_myanmar_2026_07_21_yangon_city_v1"", ""source_snapshot_id"": 9, ""source_classification"": ""settlement""}"
osm:relation:19662693,safe_new,အမှတ် (၁) ရပ်ကွက်,အမှတ် (၁) ရပ်ကွက်,quarter,quarter,settlement,16.83002525,96.1641146686851,80.00,0f32a98dd769c1386188f68d869dc1e9,"{""place"": ""quarter"", ""osm_id"": ""19662693"", ""raw_id"": 39278, ""raw_table"": ""raw_osm_polygons"", ""population"": null, ""external_id"": ""osm:relation:19662693"", ""region_code"": ""MM-YANGON"", ""osm_feature_type"": ""R"", ""snapshot_version"": ""osm_myanmar_2026_07_21_yangon_city_v1"", ""source_snapshot_id"": 9, ""source_classification"": ""settlement""}"
osm:relation:19662690,safe_new,အမှတ် (၃) ရပ်ကွက်,အမှတ် (၃) ရပ်ကွက်,quarter,quarter,settlement,16.83039335,96.16219267657937,80.00,85a26f15b7e167ef6fb952f12bcfdabb,"{""place"": ""quarter"", ""osm_id"": ""19662690"", ""raw_id"": 39312, ""raw_table"": ""raw_osm_polygons"", ""population"": null, ""external_id"": ""osm:relation:19662690"", ""region_code"": ""MM-YANGON"", ""osm_feature_type"": ""R"", ""snapshot_version"": ""osm_myanmar_2026_07_21_yangon_city_v1"", ""source_snapshot_id"": 9, ""source_classification"": ""settlement""}"
osm:relation:19662685,safe_new,အမှတ် (၁၂) ရပ်ကွက်,အမှတ် (၁၂) ရပ်ကွက်,quarter,quarter,settlement,16.840500849999998,96.16818632437032,80.00,e15495c0bff880263fefe0c6f4a513f0,"{""place"": ""quarter"", ""osm_id"": ""19662685"", ""raw_id"": 39682, ""raw_table"": ""raw_osm_polygons"", ""population"": null, ""external_id"": ""osm:relation:19662685"", ""region_code"": ""MM-YANGON"", ""osm_feature_type"": ""R"", ""snapshot_version"": ""osm_myanmar_2026_07_21_yangon_city_v1"", ""source_snapshot_id"": 9, ""source_classification"": ""settlement""}"
osm:relation:19662683,safe_new,အမှတ် (၇) ရပ်ကွက်,အမှတ် (၇) ရပ်ကွက်,quarter,quarter,settlement,16.84285715,96.1601062166785,80.00,a11c6247318a45ddb3f69f72998c76fc,"{""place"": ""quarter"", ""osm_id"": ""19662683"", ""raw_id"": 39702, ""raw_table"": ""raw_osm_polygons"", ""population"": null, ""external_id"": ""osm:relation:19662683"", ""region_code"": ""MM-YANGON"", ""osm_feature_type"": ""R"", ""snapshot_version"": ""osm_myanmar_2026_07_21_yangon_city_v1"", ""source_snapshot_id"": 9, ""source_classification"": ""settlement""}"
osm:relation:19659048,safe_new,အမှတ် (၇) ရပ်ကွက်,အမှတ် (၇) ရပ်ကွက်,quarter,quarter,settlement,16.81860195,96.12826940914529,80.00,fde2f93e88f9796475e466f604013b4b,"{""place"": ""quarter"", ""osm_id"": ""19659048"", ""raw_id"": 42274, ""raw_table"": ""raw_osm_polygons"", ""population"": null, ""external_id"": ""osm:relation:19659048"", ""region_code"": ""MM-YANGON"", ""osm_feature_type"": ""R"", ""snapshot_version"": ""osm_myanmar_2026_07_21_yangon_city_v1"", ""source_snapshot_id"": 9, ""source_classification"": ""settlement""}"
osm:relation:19659047,safe_new,အမှတ် (၈) ရပ်ကွက်,အမှတ် (၈) ရပ်ကွက်,quarter,quarter,settlement,16.820344900000002,96.13105972794007,80.00,0edf8060a2af50daa0edbfc2419661db,"{""place"": ""quarter"", ""osm_id"": ""19659047"", ""raw_id"": 42288, ""raw_table"": ""raw_osm_polygons"", ""population"": null, ""external_id"": ""osm:relation:19659047"", ""region_code"": ""MM-YANGON"", ""osm_feature_type"": ""R"", ""snapshot_version"": ""osm_myanmar_2026_07_21_yangon_city_v1"", ""source_snapshot_id"": 9, ""source_classification"": ""settlement""}"
osm:relation:19659088,safe_new,ဆရာစံတောင် (ဂွတ္တလစ် တောင်ရပ်ကွက်),ဆရာစံတောင် (ဂွတ္တလစ် တောင်ရပ်ကွက်),quarter,quarter,settlement,16.817573250000002,96.16388960393509,80.00,718c97e566350670af45d0860b49aefb,"{""place"": ""quarter"", ""osm_id"": ""19659088"", ""raw_id"": 43391, ""raw_table"": ""raw_osm_polygons"", ""population"": null, ""external_id"": ""osm:relation:19659088"", ""region_code"": ""MM-YANGON"", ""osm_feature_type"": ""R"", ""snapshot_version"": ""osm_myanmar_2026_07_21_yangon_city_v1"", ""source_snapshot_id"": 9, ""source_classification"": ""settlement""}"
osm:relation:19659086,safe_new,ဆရာစံမြောက်/နောက် (ဂွတ္တလစ် မြောက်/အနောက်ရပ်ကွက်),ဆရာစံမြောက်/နောက် (ဂွတ္တလစ် မြောက်/အနောက်ရပ်ကွက်),quarter,quarter,settlement,16.8201724,96.16195999967324,80.00,db9baacbcbcfee50427287ff2fd490d7,"{""place"": ""quarter"", ""osm_id"": ""19659086"", ""raw_id"": 43383, ""raw_table"": ""raw_osm_polygons"", ""population"": null, ""external_id"": ""osm:relation:19659086"", ""region_code"": ""MM-YANGON"", ""osm_feature_type"": ""R"", ""snapshot_version"": ""osm_myanmar_2026_07_21_yangon_city_v1"", ""source_snapshot_id"": 9, ""source_classification"": ""settlement""}"
osm:relation:19662692,safe_new,အမှတ် (၁၆) ရပ်ကွက်,အမှတ် (၁၆) ရပ်ကွက်,quarter,quarter,settlement,16.826105599999998,96.16839423154713,80.00,fe8be16ddefc9788fbc61e04a33f8385,"{""place"": ""quarter"", ""osm_id"": ""19662692"", ""raw_id"": 44056, ""raw_table"": ""raw_osm_polygons"", ""population"": null, ""external_id"": ""osm:relation:19662692"", ""region_code"": ""MM-YANGON"", ""osm_feature_type"": ""R"", ""snapshot_version"": ""osm_myanmar_2026_07_21_yangon_city_v1"", ""source_snapshot_id"": 9, ""source_classification"": ""settlement""}"
osm:relation:19662925,safe_new,အောင်ဆုပန်ရပ်ကွက်,အောင်ဆုပန်ရပ်ကွက်,quarter,quarter,settlement,16.81388475,96.18860157304368,80.00,05cb80be3a27faa0539270ae9020359b,"{""place"": ""quarter"", ""osm_id"": ""19662925"", ""raw_id"": 44299, ""raw_table"": ""raw_osm_polygons"", ""population"": null, ""external_id"": ""osm:relation:19662925"", ""region_code"": ""MM-YANGON"", ""osm_feature_type"": ""R"", ""snapshot_version"": ""osm_myanmar_2026_07_21_yangon_city_v1"", ""source_snapshot_id"": 9, ""source_classification"": ""settlement""}"
osm:relation:19659173,safe_new,မေတ္တာညွန့်ရပ်ကွက်,မေတ္တာညွန့်ရပ်ကွက်,quarter,quarter,settlement,16.813820800000002,96.18074275745695,80.00,3fcc004f6514878b8cf16da1469ff1df,"{""place"": ""quarter"", ""osm_id"": ""19659173"", ""raw_id"": 44281, ""raw_table"": ""raw_osm_polygons"", ""population"": null, ""external_id"": ""osm:relation:19659173"", ""region_code"": ""MM-YANGON"", ""osm_feature_type"": ""R"", ""snapshot_version"": ""osm_myanmar_2026_07_21_yangon_city_v1"", ""source_snapshot_id"": 9, ""source_classification"": ""settlement""}"
osm:relation:19662916,safe_new,စုပေါင်းအိမ်ယာရပ်ကွက်,စုပေါင်းအိမ်ယာရပ်ကွက်,quarter,quarter,settlement,16.818578700000003,96.19399256081502,80.00,ad53289cdbeec5005ba2bfd15db0d35f,"{""place"": ""quarter"", ""osm_id"": ""19662916"", ""raw_id"": 44516, ""raw_table"": ""raw_osm_polygons"", ""population"": null, ""external_id"": ""osm:relation:19662916"", ""region_code"": ""MM-YANGON"", ""osm_feature_type"": ""R"", ""snapshot_version"": ""osm_myanmar_2026_07_21_yangon_city_v1"", ""source_snapshot_id"": 9, ""source_classification"": ""settlement""}"
osm:relation:19662913,safe_new,အမှတ် (၂၅) သုဝဏ္ဏရပ်ကွက်,အမှတ် (၂၅) သုဝဏ္ဏရပ်ကွက်,quarter,quarter,settlement,16.823153499999997,96.20338639127675,80.00,894217729d3f669db3236bcb299fc4fd,"{""place"": ""quarter"", ""osm_id"": ""19662913"", ""raw_id"": 44658, ""raw_table"": ""raw_osm_polygons"", ""population"": null, ""external_id"": ""osm:relation:19662913"", ""region_code"": ""MM-YANGON"", ""osm_feature_type"": ""R"", ""snapshot_version"": ""osm_myanmar_2026_07_21_yangon_city_v1"", ""source_snapshot_id"": 9, ""source_classification"": ""settlement""}"
osm:relation:19662898,safe_new,ဂ-ရပ်ကွက်,ဂ-ရပ်ကွက်,quarter,quarter,settlement,16.82764865,96.20455653851465,80.00,22153e20740f5e37517ce3dfe37476b4,"{""place"": ""quarter"", ""osm_id"": ""19662898"", ""raw_id"": 44700, ""raw_table"": ""raw_osm_polygons"", ""population"": null, ""external_id"": ""osm:relation:19662898"", ""region_code"": ""MM-YANGON"", ""osm_feature_type"": ""R"", ""snapshot_version"": ""osm_myanmar_2026_07_21_yangon_city_v1"", ""source_snapshot_id"": 9, ""source_classification"": ""settlement""}"
osm:relation:19662904,safe_new,ခ-ရပ်ကွက်,ခ-ရပ်ကွက်,quarter,quarter,settlement,16.826834249999997,96.19864763909095,80.00,e97f866967118253eb2a8b2b4f9564a8,"{""place"": ""quarter"", ""osm_id"": ""19662904"", ""raw_id"": 44703, ""raw_table"": ""raw_osm_polygons"", ""population"": null, ""external_id"": ""osm:relation:19662904"", ""region_code"": ""MM-YANGON"", ""osm_feature_type"": ""R"", ""snapshot_version"": ""osm_myanmar_2026_07_21_yangon_city_v1"", ""source_snapshot_id"": 9, ""source_classification"": ""settlement""}"
osm:relation:19662912,safe_new,က-ရပ်ကွက်,က-ရပ်ကွက်,quarter,quarter,settlement,16.8232743,96.19709252694128,80.00,801f5ed774f33e00cee54c8d0cd89094,"{""place"": ""quarter"", ""osm_id"": ""19662912"", ""raw_id"": 44716, ""raw_table"": ""raw_osm_polygons"", ""population"": null, ""external_id"": ""osm:relation:19662912"", ""region_code"": ""MM-YANGON"", ""osm_feature_type"": ""R"", ""snapshot_version"": ""osm_myanmar_2026_07_21_yangon_city_v1"", ""source_snapshot_id"": 9, ""source_classification"": ""settlement""}"
osm:relation:19662903,safe_new,ဦးစံဖေရပ်ကွက်,ဦးစံဖေရပ်ကွက်,quarter,quarter,settlement,16.8298022,96.19354215815326,80.00,5a6e7ad09334d3200db740aa919b10ca,"{""place"": ""quarter"", ""osm_id"": ""19662903"", ""raw_id"": 45295, ""raw_table"": ""raw_osm_polygons"", ""population"": null, ""external_id"": ""osm:relation:19662903"", ""region_code"": ""MM-YANGON"", ""osm_feature_type"": ""R"", ""snapshot_version"": ""osm_myanmar_2026_07_21_yangon_city_v1"", ""source_snapshot_id"": 9, ""source_classification"": ""settlement""}"
osm:relation:19662901,safe_new,ဘဏ်ရိပ်သာရပ်ကွက်,ဘဏ်ရိပ်သာရပ်ကွက်,quarter,quarter,settlement,16.8310325,96.1962602061152,80.00,1fba34e635de7c3bb71aafb08bf5900e,"{""place"": ""quarter"", ""osm_id"": ""19662901"", ""raw_id"": 45351, ""raw_table"": ""raw_osm_polygons"", ""population"": null, ""external_id"": ""osm:relation:19662901"", ""region_code"": ""MM-YANGON"", ""osm_feature_type"": ""R"", ""snapshot_version"": ""osm_myanmar_2026_07_21_yangon_city_v1"", ""source_snapshot_id"": 9, ""source_classification"": ""settlement""}"
osm:relation:19662902,safe_new,ဗိုလ်ကံညွှန့်ရပ်ကွက်,ဗိုလ်ကံညွှန့်ရပ်ကွက်,quarter,quarter,settlement,16.83080795,96.19531148195887,80.00,1a6d7cb14f8cc2994ab658fe50f9d02c,"{""place"": ""quarter"", ""osm_id"": ""19662902"", ""raw_id"": 45352, ""raw_table"": ""raw_osm_polygons"", ""population"": null, ""external_id"": ""osm:relation:19662902"", ""region_code"": ""MM-YANGON"", ""osm_feature_type"": ""R"", ""snapshot_version"": ""osm_myanmar_2026_07_21_yangon_city_v1"", ""source_snapshot_id"": 9, ""source_classification"": ""settlement""}"
osm:relation:19662890,safe_new,ဘဝမြင့်ရပ်ကွက်,ဘဝမြင့်ရပ်ကွက်,quarter,quarter,settlement,16.842520899999997,96.19924104207956,80.00,5983d2c1bfb9c1bea38c11b99b679d6e,"{""place"": ""quarter"", ""osm_id"": ""19662890"", ""raw_id"": 46093, ""raw_table"": ""raw_osm_polygons"", ""population"": null, ""external_id"": ""osm:relation:19662890"", ""region_code"": ""MM-YANGON"", ""osm_feature_type"": ""R"", ""snapshot_version"": ""osm_myanmar_2026_07_21_yangon_city_v1"", ""source_snapshot_id"": 9, ""source_classification"": ""settlement""}"
osm:relation:19662891,safe_new,ငမိုးရိပ်ရပ်ကွက်,ငမိုးရိပ်ရပ်ကွက်,quarter,quarter,settlement,16.8414116,96.20207840407664,80.00,c1fa333ecbd998f6da47212582d4597a,"{""place"": ""quarter"", ""osm_id"": ""19662891"", ""raw_id"": 46122, ""raw_table"": ""raw_osm_polygons"", ""population"": null, ""external_id"": ""osm:relation:19662891"", ""region_code"": ""MM-YANGON"", ""osm_feature_type"": ""R"", ""snapshot_version"": ""osm_myanmar_2026_07_21_yangon_city_v1"", ""source_snapshot_id"": 9, ""source_classification"": ""settlement""}"
osm:relation:19662892,safe_new,ဆ/ခ-ရပ်ကွက်,ဆ/ခ-ရပ်ကွက်,quarter,quarter,settlement,16.8369354,96.19649960097796,80.00,546bda500d0c361c1d6434191e50f145,"{""place"": ""quarter"", ""osm_id"": ""19662892"", ""raw_id"": 46131, ""raw_table"": ""raw_osm_polygons"", ""population"": null, ""external_id"": ""osm:relation:19662892"", ""region_code"": ""MM-YANGON"", ""osm_feature_type"": ""R"", ""snapshot_version"": ""osm_myanmar_2026_07_21_yangon_city_v1"", ""source_snapshot_id"": 9, ""source_classification"": ""settlement""}"
osm:relation:19662894,safe_new,လေးဒေါင့်ကန်ရပ်ကွက်,လေးဒေါင့်ကန်ရပ်ကွက်,quarter,quarter,settlement,16.8381044,96.20201881318332,80.00,1142da6abf61dc25d830e1db6371bdba,"{""place"": ""quarter"", ""osm_id"": ""19662894"", ""raw_id"": 46134, ""raw_table"": ""raw_osm_polygons"", ""population"": null, ""external_id"": ""osm:relation:19662894"", ""region_code"": ""MM-YANGON"", ""osm_feature_type"": ""R"", ""snapshot_version"": ""osm_myanmar_2026_07_21_yangon_city_v1"", ""source_snapshot_id"": 9, ""source_classification"": ""settlement""}"
osm:relation:19662895,safe_new,င/က-ရပ်ကွက်,င/က-ရပ်ကွက်,quarter,quarter,settlement,16.83517205,96.20678652686884,80.00,842d6d68a72addcde714595718fc52e0,"{""place"": ""quarter"", ""osm_id"": ""19662895"", ""raw_id"": 46389, ""raw_table"": ""raw_osm_polygons"", ""population"": null, ""external_id"": ""osm:relation:19662895"", ""region_code"": ""MM-YANGON"", ""osm_feature_type"": ""R"", ""snapshot_version"": ""osm_myanmar_2026_07_21_yangon_city_v1"", ""source_snapshot_id"": 9, ""source_classification"": ""settlement""}"
osm:relation:19666010,safe_new,အမှတ် (၂၃) ရပ်ကွက်,အမှတ် (၂၃) ရပ်ကွက်,quarter,quarter,settlement,16.8336102,96.22093061543802,80.00,1f247390bc3c1a734c993992e3ab9cd6,"{""place"": ""quarter"", ""osm_id"": ""19666010"", ""raw_id"": 47236, ""raw_table"": ""raw_osm_polygons"", ""population"": null, ""external_id"": ""osm:relation:19666010"", ""region_code"": ""MM-YANGON"", ""osm_feature_type"": ""R"", ""snapshot_version"": ""osm_myanmar_2026_07_21_yangon_city_v1"", ""source_snapshot_id"": 9, ""source_classification"": ""settlement""}"
osm:relation:19666009,safe_new,အမှတ် (၆၄) ရပ်ကွက်,အမှတ် (၆၄) ရပ်ကွက်,quarter,quarter,settlement,16.840038399999997,96.22786005267193,80.00,07056740d8b997b1b5fa3b719a36c3a4,"{""place"": ""quarter"", ""osm_id"": ""19666009"", ""raw_id"": 47840, ""raw_table"": ""raw_osm_polygons"", ""population"": null, ""external_id"": ""osm:relation:19666009"", ""region_code"": ""MM-YANGON"", ""osm_feature_type"": ""R"", ""snapshot_version"": ""osm_myanmar_2026_07_21_yangon_city_v1"", ""source_snapshot_id"": 9, ""source_classification"": ""settlement""}"
osm:relation:19669569,safe_new,အမှတ် (၆၀) ရပ်ကွက်,အမှတ် (၆၀) ရပ်ကွက်,quarter,quarter,settlement,16.831630699999998,96.2480057525185,80.00,6efe22c2f7486b2437524842a5185f3e,"{""place"": ""quarter"", ""osm_id"": ""19669569"", ""raw_id"": 48871, ""raw_table"": ""raw_osm_polygons"", ""population"": null, ""external_id"": ""osm:relation:19669569"", ""region_code"": ""MM-YANGON"", ""osm_feature_type"": ""R"", ""snapshot_version"": ""osm_myanmar_2026_07_21_yangon_city_v1"", ""source_snapshot_id"": 9, ""source_classification"": ""settlement""}"
osm:relation:19666014,safe_new,အမှတ် (၂၂) ရပ်ကွက်,အမှတ် (၂၂) ရပ်ကွက်,quarter,quarter,settlement,16.821799249999998,96.2263163072581,80.00,56c96eaefe362c7c2e0f082ff4e45694,"{""place"": ""quarter"", ""osm_id"": ""19666014"", ""raw_id"": 49055, ""raw_table"": ""raw_osm_polygons"", ""population"": null, ""external_id"": ""osm:relation:19666014"", ""region_code"": ""MM-YANGON"", ""osm_feature_type"": ""R"", ""snapshot_version"": ""osm_myanmar_2026_07_21_yangon_city_v1"", ""source_snapshot_id"": 9, ""source_classification"": ""settlement""}"
osm:relation:19669577,safe_new,အမှတ် (၆၇) ရပ်ကွက်,အမှတ် (၆၇) ရပ်ကွက်,quarter,quarter,settlement,16.80952535,96.24048421124394,80.00,5b658450dc0bdd93c70e58d015d304ed,"{""place"": ""quarter"", ""osm_id"": ""19669577"", ""raw_id"": 50017, ""raw_table"": ""raw_osm_polygons"", ""population"": null, ""external_id"": ""osm:relation:19669577"", ""region_code"": ""MM-YANGON"", ""osm_feature_type"": ""R"", ""snapshot_version"": ""osm_myanmar_2026_07_21_yangon_city_v1"", ""source_snapshot_id"": 9, ""source_classification"": ""settlement""}"
osm:relation:19663023,safe_new,အမှတ် (၁၀) ရပ်ကွက် (မြောက်),အမှတ် (၁၀) ရပ်ကွက် (မြောက်),quarter,quarter,settlement,16.80503525,96.22852373153823,80.00,f5a362e457b814f7ddeade27f6dd06ff,"{""place"": ""quarter"", ""osm_id"": ""19663023"", ""raw_id"": 50418, ""raw_table"": ""raw_osm_polygons"", ""population"": null, ""external_id"": ""osm:relation:19663023"", ""region_code"": ""MM-YANGON"", ""osm_feature_type"": ""R"", ""snapshot_version"": ""osm_myanmar_2026_07_21_yangon_city_v1"", ""source_snapshot_id"": 9, ""source_classification"": ""settlement""}"
osm:relation:19663024,safe_new,အမှတ် (၉) ရပ်ကွက်,အမှတ် (၉) ရပ်ကွက်,quarter,quarter,settlement,16.81242375,96.22256407782,80.00,9f3c45acf2221384814b998b05dc661d,"{""place"": ""quarter"", ""osm_id"": ""19663024"", ""raw_id"": 50497, ""raw_table"": ""raw_osm_polygons"", ""population"": null, ""external_id"": ""osm:relation:19663024"", ""region_code"": ""MM-YANGON"", ""osm_feature_type"": ""R"", ""snapshot_version"": ""osm_myanmar_2026_07_21_yangon_city_v1"", ""source_snapshot_id"": 9, ""source_classification"": ""settlement""}"
osm:relation:19663035,safe_new,စက်မှုလက်မှုရပ်ကွက်,စက်မှုလက်မှုရပ်ကွက်,quarter,quarter,settlement,16.8102541,96.20106556508347,80.00,7e6620030bf4a44b8c07f3944d0a7926,"{""place"": ""quarter"", ""osm_id"": ""19663035"", ""raw_id"": 50797, ""raw_table"": ""raw_osm_polygons"", ""population"": null, ""external_id"": ""osm:relation:19663035"", ""region_code"": ""MM-YANGON"", ""osm_feature_type"": ""R"", ""snapshot_version"": ""osm_myanmar_2026_07_21_yangon_city_v1"", ""source_snapshot_id"": 9, ""source_classification"": ""settlement""}"
osm:relation:19662983,safe_new,ဗမာအေးရပ်ကွက်,ဗမာအေးရပ်ကွက်,quarter,quarter,settlement,16.79973415,96.19557146830589,80.00,34ddc1513e01fcc9899d7e824861a21a,"{""place"": ""quarter"", ""osm_id"": ""19662983"", ""raw_id"": 51083, ""raw_table"": ""raw_osm_polygons"", ""population"": null, ""external_id"": ""osm:relation:19662983"", ""region_code"": ""MM-YANGON"", ""osm_feature_type"": ""R"", ""snapshot_version"": ""osm_myanmar_2026_07_21_yangon_city_v1"", ""source_snapshot_id"": 9, ""source_classification"": ""settlement""}"
osm:relation:19663034,safe_new,အမှတ် (၁) ထူပါရုံရပ်ကွက်,အမှတ် (၁) ထူပါရုံရပ်ကွက်,quarter,quarter,settlement,16.79857995,96.20370846843572,80.00,5a475c85ae9a8f39544eac092facfb2b,"{""place"": ""quarter"", ""osm_id"": ""19663034"", ""raw_id"": 51091, ""raw_table"": ""raw_osm_polygons"", ""population"": null, ""external_id"": ""osm:relation:19663034"", ""region_code"": ""MM-YANGON"", ""osm_feature_type"": ""R"", ""snapshot_version"": ""osm_myanmar_2026_07_21_yangon_city_v1"", ""source_snapshot_id"": 9, ""source_classification"": ""settlement""}"
osm:relation:19663027,safe_new,အမှတ် (၇) ရပ်ကွက် (အရှေ့),အမှတ် (၇) ရပ်ကွက် (အရှေ့),quarter,quarter,settlement,16.801843650000002,96.21449818678397,80.00,d528b32131cd73c2bcfded4bc73fc1e0,"{""place"": ""quarter"", ""osm_id"": ""19663027"", ""raw_id"": 51181, ""raw_table"": ""raw_osm_polygons"", ""population"": null, ""external_id"": ""osm:relation:19663027"", ""region_code"": ""MM-YANGON"", ""osm_feature_type"": ""R"", ""snapshot_version"": ""osm_myanmar_2026_07_21_yangon_city_v1"", ""source_snapshot_id"": 9, ""source_classification"": ""settlement""}"
osm:relation:19663031,safe_new,အမှတ် (၆) ရပ်ကွက် (အနောက်),အမှတ် (၆) ရပ်ကွက် (အနောက်),quarter,quarter,settlement,16.79431695,96.20579570567784,80.00,2960b47852431ea5d0e5188c40eb5765,"{""place"": ""quarter"", ""osm_id"": ""19663031"", ""raw_id"": 51557, ""raw_table"": ""raw_osm_polygons"", ""population"": null, ""external_id"": ""osm:relation:19663031"", ""region_code"": ""MM-YANGON"", ""osm_feature_type"": ""R"", ""snapshot_version"": ""osm_myanmar_2026_07_21_yangon_city_v1"", ""source_snapshot_id"": 9, ""source_classification"": ""settlement""}"
osm:relation:19663028,safe_new,အမှတ် (၆) ရပ်ကွက် (အရှေ့),အမှတ် (၆) ရပ်ကွက် (အရှေ့),quarter,quarter,settlement,16.794268600000002,96.21066633790042,80.00,7e28b68b18ecae599b8915724dfd0f52,"{""place"": ""quarter"", ""osm_id"": ""19663028"", ""raw_id"": 51600, ""raw_table"": ""raw_osm_polygons"", ""population"": null, ""external_id"": ""osm:relation:19663028"", ""region_code"": ""MM-YANGON"", ""osm_feature_type"": ""R"", ""snapshot_version"": ""osm_myanmar_2026_07_21_yangon_city_v1"", ""source_snapshot_id"": 9, ""source_classification"": ""settlement""}"
osm:relation:19662981,safe_new,ဗိုလ်ထွန်းဇံရပ်ကွက်,ဗိုလ်ထွန်းဇံရပ်ကွက်,quarter,quarter,settlement,16.7889414,96.18984495292548,80.00,6da166fb8e1412837931574556085f0f,"{""place"": ""quarter"", ""osm_id"": ""19662981"", ""raw_id"": 51881, ""raw_table"": ""raw_osm_polygons"", ""population"": null, ""external_id"": ""osm:relation:19662981"", ""region_code"": ""MM-YANGON"", ""osm_feature_type"": ""R"", ""snapshot_version"": ""osm_myanmar_2026_07_21_yangon_city_v1"", ""source_snapshot_id"": 9, ""source_classification"": ""settlement""}"
osm:relation:19663038,safe_new,အမှတ် (၂) ရပ်ကွက် (တောင်),အမှတ် (၂) ရပ်ကွက် (တောင်),quarter,quarter,settlement,16.789267549999998,96.19642409382692,80.00,763474a7888863d9ca23b9dd323cd0b5,"{""place"": ""quarter"", ""osm_id"": ""19663038"", ""raw_id"": 51903, ""raw_table"": ""raw_osm_polygons"", ""population"": null, ""external_id"": ""osm:relation:19663038"", ""region_code"": ""MM-YANGON"", ""osm_feature_type"": ""R"", ""snapshot_version"": ""osm_myanmar_2026_07_21_yangon_city_v1"", ""source_snapshot_id"": 9, ""source_classification"": ""settlement""}"
osm:relation:19663040,safe_new,အမှတ် (၃) မန်ပြေရပ်ကွက်,အမှတ် (၃) မန်ပြေရပ်ကွက်,quarter,quarter,settlement,16.78334555,96.19627022678574,80.00,82bbca2f3e9fca765623b722918a1ced,"{""place"": ""quarter"", ""osm_id"": ""19663040"", ""raw_id"": 52608, ""raw_table"": ""raw_osm_polygons"", ""population"": null, ""external_id"": ""osm:relation:19663040"", ""region_code"": ""MM-YANGON"", ""osm_feature_type"": ""R"", ""snapshot_version"": ""osm_myanmar_2026_07_21_yangon_city_v1"", ""source_snapshot_id"": 9, ""source_classification"": ""settlement""}"
osm:relation:19663033,safe_new,အမှတ် (၄) ရပ်ကွက် (မြောက်),အမှတ် (၄) ရပ်ကွက် (မြောက်),quarter,quarter,settlement,16.78309555,96.2011180994339,80.00,918010451f95820bb0c8b81e46779326,"{""place"": ""quarter"", ""osm_id"": ""19663033"", ""raw_id"": 52693, ""raw_table"": ""raw_osm_polygons"", ""population"": null, ""external_id"": ""osm:relation:19663033"", ""region_code"": ""MM-YANGON"", ""osm_feature_type"": ""R"", ""snapshot_version"": ""osm_myanmar_2026_07_21_yangon_city_v1"", ""source_snapshot_id"": 9, ""source_classification"": ""settlement""}"
osm:relation:19663032,safe_new,အမှတ် (၅) ရပ်ကွက်,အမှတ် (၅) ရပ်ကွက်,quarter,quarter,settlement,16.78860395,96.2032209980076,80.00,33174c8d09b9aee161c73a905556f6e9,"{""place"": ""quarter"", ""osm_id"": ""19663032"", ""raw_id"": 53477, ""raw_table"": ""raw_osm_polygons"", ""population"": null, ""external_id"": ""osm:relation:19663032"", ""region_code"": ""MM-YANGON"", ""osm_feature_type"": ""R"", ""snapshot_version"": ""osm_myanmar_2026_07_21_yangon_city_v1"", ""source_snapshot_id"": 9, ""source_classification"": ""settlement""}"
osm:relation:19663029,safe_new,ရှုခင်းသာရပ်ကွက်,ရှုခင်းသာရပ်ကွက်,quarter,quarter,settlement,16.7868137,96.20973449405574,80.00,bb9ffee6c19bfa56fa8a3016990ae43c,"{""place"": ""quarter"", ""osm_id"": ""19663029"", ""raw_id"": 53671, ""raw_table"": ""raw_osm_polygons"", ""population"": null, ""external_id"": ""osm:relation:19663029"", ""region_code"": ""MM-YANGON"", ""osm_feature_type"": ""R"", ""snapshot_version"": ""osm_myanmar_2026_07_21_yangon_city_v1"", ""source_snapshot_id"": 9, ""source_classification"": ""settlement""}"
osm:relation:19631098,safe_new,အမှတ် (၂) ရပ်ကွက်,အမှတ် (၂) ရပ်ကွက်,quarter,quarter,settlement,16.770175000000002,96.18731939803797,80.00,29411e7ee58d0b35665c86ac0d63394f,"{""place"": ""quarter"", ""osm_id"": ""19631098"", ""raw_id"": 53793, ""raw_table"": ""raw_osm_polygons"", ""population"": null, ""external_id"": ""osm:relation:19631098"", ""region_code"": ""MM-YANGON"", ""osm_feature_type"": ""R"", ""snapshot_version"": ""osm_myanmar_2026_07_21_yangon_city_v1"", ""source_snapshot_id"": 9, ""source_classification"": ""settlement""}"
osm:relation:19662974,safe_new,လမုတန်းရပ်ကွက်,လမုတန်းရပ်ကွက်,quarter,quarter,settlement,16.7806072,96.18320188595695,80.00,27cd41ed6e12cf6994b6790c47ca7899,"{""place"": ""quarter"", ""osm_id"": ""19662974"", ""raw_id"": 54912, ""raw_table"": ""raw_osm_polygons"", ""population"": null, ""external_id"": ""osm:relation:19662974"", ""region_code"": ""MM-YANGON"", ""osm_feature_type"": ""R"", ""snapshot_version"": ""osm_myanmar_2026_07_21_yangon_city_v1"", ""source_snapshot_id"": 9, ""source_classification"": ""settlement""}"
osm:relation:19631174,safe_new,အမှတ် (၂) ရပ်ကွက်,အမှတ် (၂) ရပ်ကွက်,quarter,quarter,settlement,16.776482950000002,96.17457664653381,80.00,1e06ec38360cf77173584cd146ea9dfd,"{""place"": ""quarter"", ""osm_id"": ""19631174"", ""raw_id"": 55184, ""raw_table"": ""raw_osm_polygons"", ""population"": null, ""external_id"": ""osm:relation:19631174"", ""region_code"": ""MM-YANGON"", ""osm_feature_type"": ""R"", ""snapshot_version"": ""osm_myanmar_2026_07_21_yangon_city_v1"", ""source_snapshot_id"": 9, ""source_classification"": ""settlement""}"
osm:relation:19631168,safe_new,အမှတ် (၅) ရပ်ကွက်,အမှတ် (၅) ရပ်ကွက်,quarter,quarter,settlement,16.7780895,96.17690013346291,80.00,b7251b79a2a1cc2263ecedb80b68c650,"{""place"": ""quarter"", ""osm_id"": ""19631168"", ""raw_id"": 55192, ""raw_table"": ""raw_osm_polygons"", ""population"": null, ""external_id"": ""osm:relation:19631168"", ""region_code"": ""MM-YANGON"", ""osm_feature_type"": ""R"", ""snapshot_version"": ""osm_myanmar_2026_07_21_yangon_city_v1"", ""source_snapshot_id"": 9, ""source_classification"": ""settlement""}"
osm:relation:19631172,safe_new,အမှတ် (၉) ရပ်ကွက်,အမှတ် (၉) ရပ်ကွက်,quarter,quarter,settlement,16.779807249999998,96.17101317448841,80.00,802baff71b85ae8eaf138efd6d6e33f7,"{""place"": ""quarter"", ""osm_id"": ""19631172"", ""raw_id"": 55279, ""raw_table"": ""raw_osm_polygons"", ""population"": null, ""external_id"": ""osm:relation:19631172"", ""region_code"": ""MM-YANGON"", ""osm_feature_type"": ""R"", ""snapshot_version"": ""osm_myanmar_2026_07_21_yangon_city_v1"", ""source_snapshot_id"": 9, ""source_classification"": ""settlement""}"
osm:relation:19631175,safe_new,အမှတ် (၁၀) ရပ်ကွက်,အမှတ် (၁၀) ရပ်ကွက်,quarter,quarter,settlement,16.778460799999998,96.17151130830229,80.00,6dffec037d787b5f28af2c410c8a826b,"{""place"": ""quarter"", ""osm_id"": ""19631175"", ""raw_id"": 55281, ""raw_table"": ""raw_osm_polygons"", ""population"": null, ""external_id"": ""osm:relation:19631175"", ""region_code"": ""MM-YANGON"", ""osm_feature_type"": ""R"", ""snapshot_version"": ""osm_myanmar_2026_07_21_yangon_city_v1"", ""source_snapshot_id"": 9, ""source_classification"": ""settlement""}"
osm:relation:19631022,safe_new,အမှတ် (၁၁) ရပ်ကွက်,အမှတ် (၁၁) ရပ်ကွက်,quarter,quarter,settlement,16.778646950000002,96.15778483771643,80.00,39b92a0463c6b74531c4aa3bcd9b9cf8,"{""place"": ""quarter"", ""osm_id"": ""19631022"", ""raw_id"": 55427, ""raw_table"": ""raw_osm_polygons"", ""population"": null, ""external_id"": ""osm:relation:19631022"", ""region_code"": ""MM-YANGON"", ""osm_feature_type"": ""R"", ""snapshot_version"": ""osm_myanmar_2026_07_21_yangon_city_v1"", ""source_snapshot_id"": 9, ""source_classification"": ""settlement""}"
osm:relation:19631021,safe_new,အမှတ် (၈) ရပ်ကွက်,အမှတ် (၈) ရပ်ကွက်,quarter,quarter,settlement,16.77816455,96.15674491590948,80.00,de9c59facd2d3e4255d4fac2d3af5531,"{""place"": ""quarter"", ""osm_id"": ""19631021"", ""raw_id"": 55433, ""raw_table"": ""raw_osm_polygons"", ""population"": null, ""external_id"": ""osm:relation:19631021"", ""region_code"": ""MM-YANGON"", ""osm_feature_type"": ""R"", ""snapshot_version"": ""osm_myanmar_2026_07_21_yangon_city_v1"", ""source_snapshot_id"": 9, ""source_classification"": ""settlement""}"
osm:relation:19631070,safe_new,အမှတ် (၄) ရပ်ကွက်,အမှတ် (၄) ရပ်ကွက်,quarter,quarter,settlement,16.77429205,96.16171818094661,80.00,6bda08d2e426f5bb7982d21901471012,"{""place"": ""quarter"", ""osm_id"": ""19631070"", ""raw_id"": 56047, ""raw_table"": ""raw_osm_polygons"", ""population"": null, ""external_id"": ""osm:relation:19631070"", ""region_code"": ""MM-YANGON"", ""osm_feature_type"": ""R"", ""snapshot_version"": ""osm_myanmar_2026_07_21_yangon_city_v1"", ""source_snapshot_id"": 9, ""source_classification"": ""settlement""}"
osm:relation:19631071,safe_new,အမှတ် (၃) ရပ်ကွက်,အမှတ် (၃) ရပ်ကွက်,quarter,quarter,settlement,16.7744384,96.1610824464071,80.00,59a630d1a332e7b8217cb72f9b204ff9,"{""place"": ""quarter"", ""osm_id"": ""19631071"", ""raw_id"": 56049, ""raw_table"": ""raw_osm_polygons"", ""population"": null, ""external_id"": ""osm:relation:19631071"", ""region_code"": ""MM-YANGON"", ""osm_feature_type"": ""R"", ""snapshot_version"": ""osm_myanmar_2026_07_21_yangon_city_v1"", ""source_snapshot_id"": 9, ""source_classification"": ""settlement""}"
osm:relation:19631065,safe_new,အမှတ် (၉) ရပ်ကွက်,အမှတ် (၉) ရပ်ကွက်,quarter,quarter,settlement,16.77356385,96.16420358366442,80.00,9b5817f4d8c1814ed4e8dbb817c5a82d,"{""place"": ""quarter"", ""osm_id"": ""19631065"", ""raw_id"": 56183, ""raw_table"": ""raw_osm_polygons"", ""population"": null, ""external_id"": ""osm:relation:19631065"", ""region_code"": ""MM-YANGON"", ""osm_feature_type"": ""R"", ""snapshot_version"": ""osm_myanmar_2026_07_21_yangon_city_v1"", ""source_snapshot_id"": 9, ""source_classification"": ""settlement""}"
osm:relation:19631108,safe_new,အမှတ် (၉) ရပ်ကွက်,အမှတ် (၉) ရပ်ကွက်,quarter,quarter,settlement,16.7740968,96.16848313748028,80.00,ac055a2aa599bb36eef5909db6a1aee3,"{""place"": ""quarter"", ""osm_id"": ""19631108"", ""raw_id"": 56210, ""raw_table"": ""raw_osm_polygons"", ""population"": null, ""external_id"": ""osm:relation:19631108"", ""region_code"": ""MM-YANGON"", ""osm_feature_type"": ""R"", ""snapshot_version"": ""osm_myanmar_2026_07_21_yangon_city_v1"", ""source_snapshot_id"": 9, ""source_classification"": ""settlement""}"
osm:relation:19631106,safe_new,အမှတ် (၅) ရပ်ကွက်,အမှတ် (၅) ရပ်ကွက်,quarter,quarter,settlement,16.7722872,96.17125940450035,80.00,88e67f7deb0a04b17eec4a7b0a740a9a,"{""place"": ""quarter"", ""osm_id"": ""19631106"", ""raw_id"": 56474, ""raw_table"": ""raw_osm_polygons"", ""population"": null, ""external_id"": ""osm:relation:19631106"", ""region_code"": ""MM-YANGON"", ""osm_feature_type"": ""R"", ""snapshot_version"": ""osm_myanmar_2026_07_21_yangon_city_v1"", ""source_snapshot_id"": 9, ""source_classification"": ""settlement""}"
osm:relation:19631101,safe_new,အမှတ် (၆) ရပ်ကွက်,အမှတ် (၆) ရပ်ကွက်,quarter,quarter,settlement,16.77022645,96.16905801072589,80.00,3294ab9b22fb542cac8daf91668d4fcf,"{""place"": ""quarter"", ""osm_id"": ""19631101"", ""raw_id"": 56551, ""raw_table"": ""raw_osm_polygons"", ""population"": null, ""external_id"": ""osm:relation:19631101"", ""region_code"": ""MM-YANGON"", ""osm_feature_type"": ""R"", ""snapshot_version"": ""osm_myanmar_2026_07_21_yangon_city_v1"", ""source_snapshot_id"": 9, ""source_classification"": ""settlement""}"
osm:relation:19631016,safe_new,အမှတ် (၉) ရပ်ကွက်,အမှတ် (၉) ရပ်ကွက်,quarter,quarter,settlement,16.773127549999998,96.15772496723181,80.00,b60cfe9d8557253ccec9e6856a55c160,"{""place"": ""quarter"", ""osm_id"": ""19631016"", ""raw_id"": 56940, ""raw_table"": ""raw_osm_polygons"", ""population"": null, ""external_id"": ""osm:relation:19631016"", ""region_code"": ""MM-YANGON"", ""osm_feature_type"": ""R"", ""snapshot_version"": ""osm_myanmar_2026_07_21_yangon_city_v1"", ""source_snapshot_id"": 9, ""source_classification"": ""settlement""}"
osm:relation:19631015,safe_new,အမှတ် (၆) ရပ်ကွက်,အမှတ် (၆) ရပ်ကွက်,quarter,quarter,settlement,16.773254100000003,96.15665969993158,80.00,278ee5f708e3b1f49357e8a245b9ec20,"{""place"": ""quarter"", ""osm_id"": ""19631015"", ""raw_id"": 56960, ""raw_table"": ""raw_osm_polygons"", ""population"": null, ""external_id"": ""osm:relation:19631015"", ""region_code"": ""MM-YANGON"", ""osm_feature_type"": ""R"", ""snapshot_version"": ""osm_myanmar_2026_07_21_yangon_city_v1"", ""source_snapshot_id"": 9, ""source_classification"": ""settlement""}"
osm:relation:19705196,safe_new,သမတကမ်းခြေရပ်ကွက်,သမတကမ်းခြေရပ်ကွက်,quarter,quarter,settlement,16.7526055,96.17557308977234,80.00,ae6474510b764778f125a38a8231168b,"{""place"": ""quarter"", ""osm_id"": ""19705196"", ""raw_id"": 57678, ""raw_table"": ""raw_osm_polygons"", ""population"": null, ""external_id"": ""osm:relation:19705196"", ""region_code"": ""MM-YANGON"", ""osm_feature_type"": ""R"", ""snapshot_version"": ""osm_myanmar_2026_07_21_yangon_city_v1"", ""source_snapshot_id"": 9, ""source_classification"": ""settlement""}"
osm:relation:19705200,safe_new,မြို့မအပိုင်း (၃) ရပ်ကွက်,မြို့မအပိုင်း (၃) ရပ်ကွက်,quarter,quarter,settlement,16.755926350000003,96.16230526985862,80.00,14e4824cf618e6a96857cf369d8f0a23,"{""place"": ""quarter"", ""osm_id"": ""19705200"", ""raw_id"": 59531, ""raw_table"": ""raw_osm_polygons"", ""population"": null, ""external_id"": ""osm:relation:19705200"", ""region_code"": ""MM-YANGON"", ""osm_feature_type"": ""R"", ""snapshot_version"": ""osm_myanmar_2026_07_21_yangon_city_v1"", ""source_snapshot_id"": 9, ""source_classification"": ""settlement""}"
osm:relation:19705203,safe_new,မြို့မအပိုင်း (၄) ရပ်ကွက်,မြို့မအပိုင်း (၄) ရပ်ကွက်,quarter,quarter,settlement,16.7574454,96.16241107298816,80.00,b2f3d0017e23798db6e5be144a67133e,"{""place"": ""quarter"", ""osm_id"": ""19705203"", ""raw_id"": 59723, ""raw_table"": ""raw_osm_polygons"", ""population"": null, ""external_id"": ""osm:relation:19705203"", ""region_code"": ""MM-YANGON"", ""osm_feature_type"": ""R"", ""snapshot_version"": ""osm_myanmar_2026_07_21_yangon_city_v1"", ""source_snapshot_id"": 9, ""source_classification"": ""settlement""}"
osm:relation:19705208,safe_new,စက်မြေရပ်ကွက်,စက်မြေရပ်ကွက်,quarter,quarter,settlement,16.760911,96.14655955803298,80.00,1021cab26ebb0b4565bb1f2f924ed1fb,"{""place"": ""quarter"", ""osm_id"": ""19705208"", ""raw_id"": 60538, ""raw_table"": ""raw_osm_polygons"", ""population"": null, ""external_id"": ""osm:relation:19705208"", ""region_code"": ""MM-YANGON"", ""osm_feature_type"": ""R"", ""snapshot_version"": ""osm_myanmar_2026_07_21_yangon_city_v1"", ""source_snapshot_id"": 9, ""source_classification"": ""settlement""}"
osm:relation:19705202,safe_new,ရာဇသင်္ကြင်္န်ရပ်ကွက်,ရာဇသင်္ကြင်္န်ရပ်ကွက်,quarter,quarter,settlement,16.750824899999998,96.15260135134784,80.00,95a846db588d31a3a43338334d3fa246,"{""place"": ""quarter"", ""osm_id"": ""19705202"", ""raw_id"": 60857, ""raw_table"": ""raw_osm_polygons"", ""population"": null, ""external_id"": ""osm:relation:19705202"", ""region_code"": ""MM-YANGON"", ""osm_feature_type"": ""R"", ""snapshot_version"": ""osm_myanmar_2026_07_21_yangon_city_v1"", ""source_snapshot_id"": 9, ""source_classification"": ""settlement""}"
osm:relation:19705210,safe_new,တပင်ရွှေထီးရပ်ကွက်,တပင်ရွှေထီးရပ်ကွက်,quarter,quarter,settlement,16.753627700000003,96.14323723966478,80.00,08706a2f40467a771a86a44e533d0e1d,"{""place"": ""quarter"", ""osm_id"": ""19705210"", ""raw_id"": 60911, ""raw_table"": ""raw_osm_polygons"", ""population"": null, ""external_id"": ""osm:relation:19705210"", ""region_code"": ""MM-YANGON"", ""osm_feature_type"": ""R"", ""snapshot_version"": ""osm_myanmar_2026_07_21_yangon_city_v1"", ""source_snapshot_id"": 9, ""source_classification"": ""settlement""}"
osm:relation:19705213,safe_new,မှော်စက်ရပ်ကွက်,မှော်စက်ရပ်ကွက်,quarter,quarter,settlement,16.763155949999998,96.13767455998655,80.00,88f0ef769734b08445da1e0614681356,"{""place"": ""quarter"", ""osm_id"": ""19705213"", ""raw_id"": 61350, ""raw_table"": ""raw_osm_polygons"", ""population"": null, ""external_id"": ""osm:relation:19705213"", ""region_code"": ""MM-YANGON"", ""osm_feature_type"": ""R"", ""snapshot_version"": ""osm_myanmar_2026_07_21_yangon_city_v1"", ""source_snapshot_id"": 9, ""source_classification"": ""settlement""}"
osm:relation:19631013,safe_new,အမှတ် (၃) ရပ်ကွက်,အမှတ် (၃) ရပ်ကွက်,quarter,quarter,settlement,16.7733098,96.15530311872564,80.00,d4ff11d844eb4784efe965df7a97965b,"{""place"": ""quarter"", ""osm_id"": ""19631013"", ""raw_id"": 61566, ""raw_table"": ""raw_osm_polygons"", ""population"": null, ""external_id"": ""osm:relation:19631013"", ""region_code"": ""MM-YANGON"", ""osm_feature_type"": ""R"", ""snapshot_version"": ""osm_myanmar_2026_07_21_yangon_city_v1"", ""source_snapshot_id"": 9, ""source_classification"": ""settlement""}"
osm:relation:19630990,safe_new,အမှတ် (၇) ရပ်ကွက်,အမှတ် (၇) ရပ်ကွက်,quarter,quarter,settlement,16.7733086,96.15259540989845,80.00,bb4095522a8e86461adbcec073c13350,"{""place"": ""quarter"", ""osm_id"": ""19630990"", ""raw_id"": 61707, ""raw_table"": ""raw_osm_polygons"", ""population"": null, ""external_id"": ""osm:relation:19630990"", ""region_code"": ""MM-YANGON"", ""osm_feature_type"": ""R"", ""snapshot_version"": ""osm_myanmar_2026_07_21_yangon_city_v1"", ""source_snapshot_id"": 9, ""source_classification"": ""settlement""}"
osm:relation:19630991,safe_new,အမှတ် (၅) ရပ်ကွက်,အမှတ် (၅) ရပ်ကွက်,quarter,quarter,settlement,16.7733919,96.15120192231015,80.00,f25ae46db4752569282ac55c64271c73,"{""place"": ""quarter"", ""osm_id"": ""19630991"", ""raw_id"": 61750, ""raw_table"": ""raw_osm_polygons"", ""population"": null, ""external_id"": ""osm:relation:19630991"", ""region_code"": ""MM-YANGON"", ""osm_feature_type"": ""R"", ""snapshot_version"": ""osm_myanmar_2026_07_21_yangon_city_v1"", ""source_snapshot_id"": 9, ""source_classification"": ""settlement""}"
osm:relation:19630965,safe_new,အမှတ် (၅) ရပ်ကွက်,အမှတ် (၅) ရပ်ကွက်,quarter,quarter,settlement,16.7758217,96.1442766793526,80.00,0096fe965162f802dfbf404a381a7199,"{""place"": ""quarter"", ""osm_id"": ""19630965"", ""raw_id"": 62163, ""raw_table"": ""raw_osm_polygons"", ""population"": null, ""external_id"": ""osm:relation:19630965"", ""region_code"": ""MM-YANGON"", ""osm_feature_type"": ""R"", ""snapshot_version"": ""osm_myanmar_2026_07_21_yangon_city_v1"", ""source_snapshot_id"": 9, ""source_classification"": ""settlement""}"
osm:relation:19630964,safe_new,အမှတ် (၆) ရပ်ကွက်,အမှတ် (၆) ရပ်ကွက်,quarter,quarter,settlement,16.77503205,96.1456298651325,80.00,ea991d426af79704aa07c58eba86f026,"{""place"": ""quarter"", ""osm_id"": ""19630964"", ""raw_id"": 62736, ""raw_table"": ""raw_osm_polygons"", ""population"": null, ""external_id"": ""osm:relation:19630964"", ""region_code"": ""MM-YANGON"", ""osm_feature_type"": ""R"", ""snapshot_version"": ""osm_myanmar_2026_07_21_yangon_city_v1"", ""source_snapshot_id"": 9, ""source_classification"": ""settlement""}"
osm:relation:19630994,safe_new,အမှတ် (၈) ရပ်ကွက်,အမှတ် (၈) ရပ်ကွက်,quarter,quarter,settlement,16.77586315,96.15262778485334,80.00,f702ee6b36e4432a07e29a1b2570f8c6,"{""place"": ""quarter"", ""osm_id"": ""19630994"", ""raw_id"": 63574, ""raw_table"": ""raw_osm_polygons"", ""population"": null, ""external_id"": ""osm:relation:19630994"", ""region_code"": ""MM-YANGON"", ""osm_feature_type"": ""R"", ""snapshot_version"": ""osm_myanmar_2026_07_21_yangon_city_v1"", ""source_snapshot_id"": 9, ""source_classification"": ""settlement""}"
osm:relation:19631019,safe_new,အမှတ် (၄) ရပ်ကွက်,အမှတ် (၄) ရပ်ကွက်,quarter,quarter,settlement,16.775730199999998,96.15537007809897,80.00,705b2d1574e4fe57bb9a08a8d4c78d09,"{""place"": ""quarter"", ""osm_id"": ""19631019"", ""raw_id"": 63647, ""raw_table"": ""raw_osm_polygons"", ""population"": null, ""external_id"": ""osm:relation:19631019"", ""region_code"": ""MM-YANGON"", ""osm_feature_type"": ""R"", ""snapshot_version"": ""osm_myanmar_2026_07_21_yangon_city_v1"", ""source_snapshot_id"": 9, ""source_classification"": ""settlement""}"
osm:relation:19631020,safe_new,အမှတ် (၂) ရပ်ကွက်,အမှတ် (၂) ရပ်ကွက်,quarter,quarter,settlement,16.77703315,96.15423574197632,80.00,3e039dfbb0a6e57604aca25a2fdae821,"{""place"": ""quarter"", ""osm_id"": ""19631020"", ""raw_id"": 63710, ""raw_table"": ""raw_osm_polygons"", ""population"": null, ""external_id"": ""osm:relation:19631020"", ""region_code"": ""MM-YANGON"", ""osm_feature_type"": ""R"", ""snapshot_version"": ""osm_myanmar_2026_07_21_yangon_city_v1"", ""source_snapshot_id"": 9, ""source_classification"": ""settlement""}"
osm:relation:19630995,safe_new,အမှတ် (၆) ရပ်ကွက်,အမှတ် (၆) ရပ်ကွက်,quarter,quarter,settlement,16.77586355,96.15124139262286,80.00,f13b1d149b8ef39614c351057519299c,"{""place"": ""quarter"", ""osm_id"": ""19630995"", ""raw_id"": 63823, ""raw_table"": ""raw_osm_polygons"", ""population"": null, ""external_id"": ""osm:relation:19630995"", ""region_code"": ""MM-YANGON"", ""osm_feature_type"": ""R"", ""snapshot_version"": ""osm_myanmar_2026_07_21_yangon_city_v1"", ""source_snapshot_id"": 9, ""source_classification"": ""settlement""}"
osm:relation:19630996,safe_new,အမှတ် (၄) ရပ်ကွက်,အမှတ် (၄) ရပ်ကွက်,quarter,quarter,settlement,16.77586745,96.14985665802834,80.00,17a1fdb23f8632621fd3d48db5b42756,"{""place"": ""quarter"", ""osm_id"": ""19630996"", ""raw_id"": 63907, ""raw_table"": ""raw_osm_polygons"", ""population"": null, ""external_id"": ""osm:relation:19630996"", ""region_code"": ""MM-YANGON"", ""osm_feature_type"": ""R"", ""snapshot_version"": ""osm_myanmar_2026_07_21_yangon_city_v1"", ""source_snapshot_id"": 9, ""source_classification"": ""settlement""}"
osm:relation:19630997,safe_new,အမှတ် (၂) ရပ်ကွက်,အမှတ် (၂) ရပ်ကွက်,quarter,quarter,settlement,16.77620705,96.148447566022,80.00,b8de1a733d58bb58347819b007152241,"{""place"": ""quarter"", ""osm_id"": ""19630997"", ""raw_id"": 63970, ""raw_table"": ""raw_osm_polygons"", ""population"": null, ""external_id"": ""osm:relation:19630997"", ""region_code"": ""MM-YANGON"", ""osm_feature_type"": ""R"", ""snapshot_version"": ""osm_myanmar_2026_07_21_yangon_city_v1"", ""source_snapshot_id"": 9, ""source_classification"": ""settlement""}"
osm:relation:19630968,safe_new,အမှတ် (၂) ရပ်ကွက်,အမှတ် (၂) ရပ်ကွက်,quarter,quarter,settlement,16.775746249999997,96.14012387070213,80.00,af0817065626d89288628d21b209f65f,"{""place"": ""quarter"", ""osm_id"": ""19630968"", ""raw_id"": 64827, ""raw_table"": ""raw_osm_polygons"", ""population"": null, ""external_id"": ""osm:relation:19630968"", ""region_code"": ""MM-YANGON"", ""osm_feature_type"": ""R"", ""snapshot_version"": ""osm_myanmar_2026_07_21_yangon_city_v1"", ""source_snapshot_id"": 9, ""source_classification"": ""settlement""}"
osm:relation:19630930,safe_new,ဌာနာရပ်ကွက်,ဌာနာရပ်ကွက်,quarter,quarter,settlement,16.78887175,96.12755009411589,80.00,bbae5431981c59c29ddf34b342418bff,"{""place"": ""quarter"", ""osm_id"": ""19630930"", ""raw_id"": 65626, ""raw_table"": ""raw_osm_polygons"", ""population"": null, ""external_id"": ""osm:relation:19630930"", ""region_code"": ""MM-YANGON"", ""osm_feature_type"": ""R"", ""snapshot_version"": ""osm_myanmar_2026_07_21_yangon_city_v1"", ""source_snapshot_id"": 9, ""source_classification"": ""settlement""}"
osm:relation:19630931,safe_new,ဆင်မင်းရပ်ကွက်,ဆင်မင်းရပ်ကွက်,quarter,quarter,settlement,16.78874635,96.12522054995242,80.00,ca02cb4f87acd25933a7dd42c0e7276f,"{""place"": ""quarter"", ""osm_id"": ""19630931"", ""raw_id"": 65641, ""raw_table"": ""raw_osm_polygons"", ""population"": null, ""external_id"": ""osm:relation:19630931"", ""region_code"": ""MM-YANGON"", ""osm_feature_type"": ""R"", ""snapshot_version"": ""osm_myanmar_2026_07_21_yangon_city_v1"", ""source_snapshot_id"": 9, ""source_classification"": ""settlement""}"
osm:relation:19630933,safe_new,ကရင်ခြံရပ်ကွက်,ကရင်ခြံရပ်ကွက်,quarter,quarter,settlement,16.792057049999997,96.1301111606175,80.00,83ee37b10e73de842c7bccdb1f160588,"{""place"": ""quarter"", ""osm_id"": ""19630933"", ""raw_id"": 65748, ""raw_table"": ""raw_osm_polygons"", ""population"": null, ""external_id"": ""osm:relation:19630933"", ""region_code"": ""MM-YANGON"", ""osm_feature_type"": ""R"", ""snapshot_version"": ""osm_myanmar_2026_07_21_yangon_city_v1"", ""source_snapshot_id"": 9, ""source_classification"": ""settlement""}"
osm:relation:19630932,safe_new,ဆူပါပင် (မြောက်) ရပ်ကွက် (စောရန်ပိုင်(မြောက်)),ဆူပါပင် (မြောက်) ရပ်ကွက် (စောရန်ပိုင်(မြောက်)),quarter,quarter,settlement,16.79143525,96.12686239233891,80.00,5fc91a9afaf337ca971a7d2322ed7aad,"{""place"": ""quarter"", ""osm_id"": ""19630932"", ""raw_id"": 65778, ""raw_table"": ""raw_osm_polygons"", ""population"": null, ""external_id"": ""osm:relation:19630932"", ""region_code"": ""MM-YANGON"", ""osm_feature_type"": ""R"", ""snapshot_version"": ""osm_myanmar_2026_07_21_yangon_city_v1"", ""source_snapshot_id"": 9, ""source_classification"": ""settlement""}"
osm:relation:19631148,safe_new,ကန်တော်ကလေး (အရှေ့) ရပ်ကွက်,ကန်တော်ကလေး (အရှေ့) ရပ်ကွက်,quarter,quarter,settlement,16.78800105,96.16632216256326,80.00,2bfb7544e3364ade4e2e28d4a6e3c3eb,"{""place"": ""quarter"", ""osm_id"": ""19631148"", ""raw_id"": 67129, ""raw_table"": ""raw_osm_polygons"", ""population"": null, ""external_id"": ""osm:relation:19631148"", ""region_code"": ""MM-YANGON"", ""osm_feature_type"": ""R"", ""snapshot_version"": ""osm_myanmar_2026_07_21_yangon_city_v1"", ""source_snapshot_id"": 9, ""source_classification"": ""settlement""}"
osm:relation:19631145,safe_new,ဖို့မြေရပ်ကွက်,ဖို့မြေရပ်ကွက်,quarter,quarter,settlement,16.7861921,96.16912601643247,80.00,38add5c599df1af661c314b73b17e562,"{""place"": ""quarter"", ""osm_id"": ""19631145"", ""raw_id"": 67288, ""raw_table"": ""raw_osm_polygons"", ""population"": null, ""external_id"": ""osm:relation:19631145"", ""region_code"": ""MM-YANGON"", ""osm_feature_type"": ""R"", ""snapshot_version"": ""osm_myanmar_2026_07_21_yangon_city_v1"", ""source_snapshot_id"": 9, ""source_classification"": ""settlement""}"
osm:relation:19631147,safe_new,ကန်တော်ကလေး (တောင်) ရပ်ကွက်,ကန်တော်ကလေး (တောင်) ရပ်ကွက်,quarter,quarter,settlement,16.784620099999998,96.16487373648698,80.00,cacab9d37c8732d8832a3ddfbdd8e6c2,"{""place"": ""quarter"", ""osm_id"": ""19631147"", ""raw_id"": 67416, ""raw_table"": ""raw_osm_polygons"", ""population"": null, ""external_id"": ""osm:relation:19631147"", ""region_code"": ""MM-YANGON"", ""osm_feature_type"": ""R"", ""snapshot_version"": ""osm_myanmar_2026_07_21_yangon_city_v1"", ""source_snapshot_id"": 9, ""source_classification"": ""settlement""}"
osm:relation:19631146,safe_new,လွတ်လပ်ရေးရပ်ကွက်,လွတ်လပ်ရေးရပ်ကွက်,quarter,quarter,settlement,16.782448549999998,96.16878433063289,80.00,9fb7b87d60a4f5f7904cf2c01bbba091,"{""place"": ""quarter"", ""osm_id"": ""19631146"", ""raw_id"": 67512, ""raw_table"": ""raw_osm_polygons"", ""population"": null, ""external_id"": ""osm:relation:19631146"", ""region_code"": ""MM-YANGON"", ""osm_feature_type"": ""R"", ""snapshot_version"": ""osm_myanmar_2026_07_21_yangon_city_v1"", ""source_snapshot_id"": 9, ""source_classification"": ""settlement""}"
osm:relation:19662977,safe_new,ပုသိမ်မြေရပ်ကွက်,ပုသိမ်မြေရပ်ကွက်,quarter,quarter,settlement,16.78339675,96.18067330660189,80.00,078f94a66b4bad6bbe6ae931ad00a664,"{""place"": ""quarter"", ""osm_id"": ""19662977"", ""raw_id"": 67588, ""raw_table"": ""raw_osm_polygons"", ""population"": null, ""external_id"": ""osm:relation:19662977"", ""region_code"": ""MM-YANGON"", ""osm_feature_type"": ""R"", ""snapshot_version"": ""osm_myanmar_2026_07_21_yangon_city_v1"", ""source_snapshot_id"": 9, ""source_classification"": ""settlement""}"
osm:relation:19631150,safe_new,ရေတွင်းကုန်းရပ်ကွက်,ရေတွင်းကုန်းရပ်ကွက်,quarter,quarter,settlement,16.79078715,96.17438762530088,80.00,f3dcc5886384ddd35b8733a89ff90647,"{""place"": ""quarter"", ""osm_id"": ""19631150"", ""raw_id"": 67780, ""raw_table"": ""raw_osm_polygons"", ""population"": null, ""external_id"": ""osm:relation:19631150"", ""region_code"": ""MM-YANGON"", ""osm_feature_type"": ""R"", ""snapshot_version"": ""osm_myanmar_2026_07_21_yangon_city_v1"", ""source_snapshot_id"": 9, ""source_classification"": ""settlement""}"
osm:relation:19631140,safe_new,သာယာကုန်းရပ်ကွက်,သာယာကုန်းရပ်ကွက်,quarter,quarter,settlement,16.7914009,96.17707285822064,80.00,dc11f07df7289f584cf7947f67b1b9d2,"{""place"": ""quarter"", ""osm_id"": ""19631140"", ""raw_id"": 67927, ""raw_table"": ""raw_osm_polygons"", ""population"": null, ""external_id"": ""osm:relation:19631140"", ""region_code"": ""MM-YANGON"", ""osm_feature_type"": ""R"", ""snapshot_version"": ""osm_myanmar_2026_07_21_yangon_city_v1"", ""source_snapshot_id"": 9, ""source_classification"": ""settlement""}"
osm:relation:19631138,safe_new,ကူးတို့ဆိပ်ရပ်ကွက်,ကူးတို့ဆိပ်ရပ်ကွက်,quarter,quarter,settlement,16.796592099999998,96.187233075,80.00,357eedc4c8147d02dba0a0ce90f846f6,"{""place"": ""quarter"", ""osm_id"": ""19631138"", ""raw_id"": 67940, ""raw_table"": ""raw_osm_polygons"", ""population"": null, ""external_id"": ""osm:relation:19631138"", ""region_code"": ""MM-YANGON"", ""osm_feature_type"": ""R"", ""snapshot_version"": ""osm_myanmar_2026_07_21_yangon_city_v1"", ""source_snapshot_id"": 9, ""source_classification"": ""settlement""}"
osm:relation:19631151,safe_new,သပြေကုန်းရပ်ကွက်,သပြေကုန်းရပ်ကွက်,quarter,quarter,settlement,16.79174535,96.17027559240236,80.00,f2ddccf93a7de77249ccbd0b7f7558b2,"{""place"": ""quarter"", ""osm_id"": ""19631151"", ""raw_id"": 67984, ""raw_table"": ""raw_osm_polygons"", ""population"": null, ""external_id"": ""osm:relation:19631151"", ""region_code"": ""MM-YANGON"", ""osm_feature_type"": ""R"", ""snapshot_version"": ""osm_myanmar_2026_07_21_yangon_city_v1"", ""source_snapshot_id"": 9, ""source_classification"": ""settlement""}"
osm:relation:19631152,safe_new,ကန်တော်ကလေး (မြောက်) ရပ်ကွက်,ကန်တော်ကလေး (မြောက်) ရပ်ကွက်,quarter,quarter,settlement,16.7912714,96.16474856874453,80.00,319e1a55ccd8164df9694ae0d409099c,"{""place"": ""quarter"", ""osm_id"": ""19631152"", ""raw_id"": 68217, ""raw_table"": ""raw_osm_polygons"", ""population"": null, ""external_id"": ""osm:relation:19631152"", ""region_code"": ""MM-YANGON"", ""osm_feature_type"": ""R"", ""snapshot_version"": ""osm_myanmar_2026_07_21_yangon_city_v1"", ""source_snapshot_id"": 9, ""source_classification"": ""settlement""}"
osm:relation:19659100,safe_new,ကြားတောရရပ်ကွက်,ကြားတောရရပ်ကွက်,quarter,quarter,settlement,16.8012152,96.15620990958047,80.00,16efb41b7113dfa63e3ff7a5c00b7c2f,"{""place"": ""quarter"", ""osm_id"": ""19659100"", ""raw_id"": 68379, ""raw_table"": ""raw_osm_polygons"", ""population"": null, ""external_id"": ""osm:relation:19659100"", ""region_code"": ""MM-YANGON"", ""osm_feature_type"": ""R"", ""snapshot_version"": ""osm_myanmar_2026_07_21_yangon_city_v1"", ""source_snapshot_id"": 9, ""source_classification"": ""settlement""}"
osm:relation:19659185,safe_new,ပုဏ္ဏားကုန်းရပ်ကွက်,ပုဏ္ဏားကုန်းရပ်ကွက်,quarter,quarter,settlement,16.7971981,96.17372421821287,80.00,a85e9ab086bee0fdbc7c63f0a744fecc,"{""place"": ""quarter"", ""osm_id"": ""19659185"", ""raw_id"": 68474, ""raw_table"": ""raw_osm_polygons"", ""population"": null, ""external_id"": ""osm:relation:19659185"", ""region_code"": ""MM-YANGON"", ""osm_feature_type"": ""R"", ""snapshot_version"": ""osm_myanmar_2026_07_21_yangon_city_v1"", ""source_snapshot_id"": 9, ""source_classification"": ""settlement""}"
osm:relation:19659186,safe_new,အရိုးကုန်းရပ်ကွက်,အရိုးကုန်းရပ်ကွက်,quarter,quarter,settlement,16.79806265,96.17558037230984,80.00,54841a138bbd4dbd32f509c81c070f5c,"{""place"": ""quarter"", ""osm_id"": ""19659186"", ""raw_id"": 68475, ""raw_table"": ""raw_osm_polygons"", ""population"": null, ""external_id"": ""osm:relation:19659186"", ""region_code"": ""MM-YANGON"", ""osm_feature_type"": ""R"", ""snapshot_version"": ""osm_myanmar_2026_07_21_yangon_city_v1"", ""source_snapshot_id"": 9, ""source_classification"": ""settlement""}"
osm:relation:19659187,safe_new,ကျောက်မြောင်းကြီးရပ်ကွက်,ကျောက်မြောင်းကြီးရပ်ကွက်,quarter,quarter,settlement,16.7993561,96.17841318180251,80.00,fc07f4995808c85b36d847d25cbc6d87,"{""place"": ""quarter"", ""osm_id"": ""19659187"", ""raw_id"": 68585, ""raw_table"": ""raw_osm_polygons"", ""population"": null, ""external_id"": ""osm:relation:19659187"", ""region_code"": ""MM-YANGON"", ""osm_feature_type"": ""R"", ""snapshot_version"": ""osm_myanmar_2026_07_21_yangon_city_v1"", ""source_snapshot_id"": 9, ""source_classification"": ""settlement""}"
osm:relation:19659174,safe_new,နတ်ချောင်းရပ်ကွက်,နတ်ချောင်းရပ်ကွက်,quarter,quarter,settlement,16.8090021,96.17926989478666,80.00,c025d97bfad83bcedc183dc3e8fd28e6,"{""place"": ""quarter"", ""osm_id"": ""19659174"", ""raw_id"": 69537, ""raw_table"": ""raw_osm_polygons"", ""population"": null, ""external_id"": ""osm:relation:19659174"", ""region_code"": ""MM-YANGON"", ""osm_feature_type"": ""R"", ""snapshot_version"": ""osm_myanmar_2026_07_21_yangon_city_v1"", ""source_snapshot_id"": 9, ""source_classification"": ""settlement""}"
osm:relation:19659176,safe_new,တာမွေကြီး (က+ဂ) ရပ်ကွက်,တာမွေကြီး (က+ဂ) ရပ်ကွက်,quarter,quarter,settlement,16.80992845,96.17381101491809,80.00,eaee8663968f9aa348550f72314057f5,"{""place"": ""quarter"", ""osm_id"": ""19659176"", ""raw_id"": 69614, ""raw_table"": ""raw_osm_polygons"", ""population"": null, ""external_id"": ""osm:relation:19659176"", ""region_code"": ""MM-YANGON"", ""osm_feature_type"": ""R"", ""snapshot_version"": ""osm_myanmar_2026_07_21_yangon_city_v1"", ""source_snapshot_id"": 9, ""source_classification"": ""settlement""}"
osm:relation:19659095,safe_new,ငါးထပ်ကြီး (မြောက်) ရပ်ကွက်,ငါးထပ်ကြီး (မြောက်) ရပ်ကွက်,quarter,quarter,settlement,16.8085625,96.16312286315488,80.00,48947edaaf4b40e4494c36cc4064948c,"{""place"": ""quarter"", ""osm_id"": ""19659095"", ""raw_id"": 69890, ""raw_table"": ""raw_osm_polygons"", ""population"": null, ""external_id"": ""osm:relation:19659095"", ""region_code"": ""MM-YANGON"", ""osm_feature_type"": ""R"", ""snapshot_version"": ""osm_myanmar_2026_07_21_yangon_city_v1"", ""source_snapshot_id"": 9, ""source_classification"": ""settlement""}"
osm:relation:19659096,safe_new,ကိုယ့်မင်းကိုယ့်ချင်းရပ်ကွက်,ကိုယ့်မင်းကိုယ့်ချင်းရပ်ကွက်,quarter,quarter,settlement,16.809186,96.15718591448777,80.00,9e600af37f3d0d62d94f34ba063953d3,"{""place"": ""quarter"", ""osm_id"": ""19659096"", ""raw_id"": 69901, ""raw_table"": ""raw_osm_polygons"", ""population"": null, ""external_id"": ""osm:relation:19659096"", ""region_code"": ""MM-YANGON"", ""osm_feature_type"": ""R"", ""snapshot_version"": ""osm_myanmar_2026_07_21_yangon_city_v1"", ""source_snapshot_id"": 9, ""source_classification"": ""settlement""}"
osm:relation:19659105,safe_new,ရွှေနံ့သာရပ်ကွက်,ရွှေနံ့သာရပ်ကွက်,quarter,quarter,settlement,16.8000145,96.15285988188441,80.00,eeab19af3ece42c535abca74c4a9311e,"{""place"": ""quarter"", ""osm_id"": ""19659105"", ""raw_id"": 70405, ""raw_table"": ""raw_osm_polygons"", ""population"": null, ""external_id"": ""osm:relation:19659105"", ""region_code"": ""MM-YANGON"", ""osm_feature_type"": ""R"", ""snapshot_version"": ""osm_myanmar_2026_07_21_yangon_city_v1"", ""source_snapshot_id"": 9, ""source_classification"": ""settlement""}"
osm:relation:19659106,safe_new,ဗဟန်းမြို့မ ရပ်ကွက်,ဗဟန်းမြို့မ ရပ်ကွက်,quarter,quarter,settlement,16.79779105,96.15629173436564,80.00,e8807773ad6de392effbc44953b4064c,"{""place"": ""quarter"", ""osm_id"": ""19659106"", ""raw_id"": 70491, ""raw_table"": ""raw_osm_polygons"", ""population"": null, ""external_id"": ""osm:relation:19659106"", ""region_code"": ""MM-YANGON"", ""osm_feature_type"": ""R"", ""snapshot_version"": ""osm_myanmar_2026_07_21_yangon_city_v1"", ""source_snapshot_id"": 9, ""source_classification"": ""settlement""}"
osm:relation:19659014,safe_new,ဟုမ်းလမ်းဘူတာရပ်ကွက်,ဟုမ်းလမ်းဘူတာရပ်ကွက်,quarter,quarter,settlement,16.7992571,96.12797573873952,80.00,9fb51f677f219e05e33e74b6bf4498da,"{""place"": ""quarter"", ""osm_id"": ""19659014"", ""raw_id"": 71682, ""raw_table"": ""raw_osm_polygons"", ""population"": null, ""external_id"": ""osm:relation:19659014"", ""region_code"": ""MM-YANGON"", ""osm_feature_type"": ""R"", ""snapshot_version"": ""osm_myanmar_2026_07_21_yangon_city_v1"", ""source_snapshot_id"": 9, ""source_classification"": ""settlement""}"
osm:relation:19659010,safe_new,သီရိခေမာရပ်ကွက်,သီရိခေမာရပ်ကွက်,quarter,quarter,settlement,16.80207095,96.12809576186561,80.00,47c7c3e2ffa17b46577e4571dd6f010c,"{""place"": ""quarter"", ""osm_id"": ""19659010"", ""raw_id"": 71710, ""raw_table"": ""raw_osm_polygons"", ""population"": null, ""external_id"": ""osm:relation:19659010"", ""region_code"": ""MM-YANGON"", ""osm_feature_type"": ""R"", ""snapshot_version"": ""osm_myanmar_2026_07_21_yangon_city_v1"", ""source_snapshot_id"": 9, ""source_classification"": ""settlement""}"
osm:relation:19659002,safe_new,လင်းလွန်း (မြောက်) ရပ်ကွက်,လင်းလွန်း (မြောက်) ရပ်ကွက်,quarter,quarter,settlement,16.80831,96.12820782906843,80.00,e7c4612a4f1091d46da60f7e48b77695,"{""place"": ""quarter"", ""osm_id"": ""19659002"", ""raw_id"": 72240, ""raw_table"": ""raw_osm_polygons"", ""population"": null, ""external_id"": ""osm:relation:19659002"", ""region_code"": ""MM-YANGON"", ""osm_feature_type"": ""R"", ""snapshot_version"": ""osm_myanmar_2026_07_21_yangon_city_v1"", ""source_snapshot_id"": 9, ""source_classification"": ""settlement""}"
osm:relation:19659003,safe_new,ကျွန်းတော (မြောက်) ရပ်ကွက်,ကျွန်းတော (မြောက်) ရပ်ကွက်,quarter,quarter,settlement,16.80786305,96.13128531760125,80.00,20ce2f5e86c5e80ffdb467d62f2ade18,"{""place"": ""quarter"", ""osm_id"": ""19659003"", ""raw_id"": 73208, ""raw_table"": ""raw_osm_polygons"", ""population"": null, ""external_id"": ""osm:relation:19659003"", ""region_code"": ""MM-YANGON"", ""osm_feature_type"": ""R"", ""snapshot_version"": ""osm_myanmar_2026_07_21_yangon_city_v1"", ""source_snapshot_id"": 9, ""source_classification"": ""settlement""}"
osm:relation:19659000,safe_new,သံတံတားရပ်ကွက်,သံတံတားရပ်ကွက်,quarter,quarter,settlement,16.810519,96.12766355395362,80.00,f11e02e7f1bb457acf511a069f9cfc3a,"{""place"": ""quarter"", ""osm_id"": ""19659000"", ""raw_id"": 73540, ""raw_table"": ""raw_osm_polygons"", ""population"": null, ""external_id"": ""osm:relation:19659000"", ""region_code"": ""MM-YANGON"", ""osm_feature_type"": ""R"", ""snapshot_version"": ""osm_myanmar_2026_07_21_yangon_city_v1"", ""source_snapshot_id"": 9, ""source_classification"": ""settlement""}"
osm:relation:19658999,safe_new,ဝေဠုဝန် (တောင်) ရပ်ကွက်,ဝေဠုဝန် (တောင်) ရပ်ကွက်,quarter,quarter,settlement,16.8123846,96.12751759279021,80.00,099d7e5f8d59a58562b82134ab82e4b8,"{""place"": ""quarter"", ""osm_id"": ""19658999"", ""raw_id"": 73739, ""raw_table"": ""raw_osm_polygons"", ""population"": null, ""external_id"": ""osm:relation:19658999"", ""region_code"": ""MM-YANGON"", ""osm_feature_type"": ""R"", ""snapshot_version"": ""osm_myanmar_2026_07_21_yangon_city_v1"", ""source_snapshot_id"": 9, ""source_classification"": ""settlement""}"
osm:relation:19658942,safe_new,မကျည်းတန်း (တောင်/အနောက်) ရပ်ကွက်,မကျည်းတန်း (တောင်/အနောက်) ရပ်ကွက်,quarter,quarter,settlement,16.8105653,96.12165294188969,80.00,f95901639601de9df7da1c9ec81f6006,"{""place"": ""quarter"", ""osm_id"": ""19658942"", ""raw_id"": 73846, ""raw_table"": ""raw_osm_polygons"", ""population"": null, ""external_id"": ""osm:relation:19658942"", ""region_code"": ""MM-YANGON"", ""osm_feature_type"": ""R"", ""snapshot_version"": ""osm_myanmar_2026_07_21_yangon_city_v1"", ""source_snapshot_id"": 9, ""source_classification"": ""settlement""}"
osm:relation:19658944,safe_new,ဈေးကြီး (အရှေ့) ရပ်ကွက်,ဈေးကြီး (အရှေ့) ရပ်ကွက်,quarter,quarter,settlement,16.807670950000002,96.12423372100378,80.00,f56a9b7b1eb47d92165e21b7da31cf19,"{""place"": ""quarter"", ""osm_id"": ""19658944"", ""raw_id"": 74282, ""raw_table"": ""raw_osm_polygons"", ""population"": null, ""external_id"": ""osm:relation:19658944"", ""region_code"": ""MM-YANGON"", ""osm_feature_type"": ""R"", ""snapshot_version"": ""osm_myanmar_2026_07_21_yangon_city_v1"", ""source_snapshot_id"": 9, ""source_classification"": ""settlement""}"
osm:relation:19658945,safe_new,ဈေးကြီး (အနောက်) ရပ်ကွက်,ဈေးကြီး (အနောက်) ရပ်ကွက်,quarter,quarter,settlement,16.8067128,96.1218990278199,80.00,acee98b4432ed78f63ce18771685fb33,"{""place"": ""quarter"", ""osm_id"": ""19658945"", ""raw_id"": 74400, ""raw_table"": ""raw_osm_polygons"", ""population"": null, ""external_id"": ""osm:relation:19658945"", ""region_code"": ""MM-YANGON"", ""osm_feature_type"": ""R"", ""snapshot_version"": ""osm_myanmar_2026_07_21_yangon_city_v1"", ""source_snapshot_id"": 9, ""source_classification"": ""settlement""}"
osm:relation:19658946,safe_new,အိုးဘိုရပ်ကွက်,အိုးဘိုရပ်ကွက်,quarter,quarter,settlement,16.8054638,96.12435599411668,80.00,57b72abd22301803fdccb22ea55e0be7,"{""place"": ""quarter"", ""osm_id"": ""19658946"", ""raw_id"": 74456, ""raw_table"": ""raw_osm_polygons"", ""population"": null, ""external_id"": ""osm:relation:19658946"", ""region_code"": ""MM-YANGON"", ""osm_feature_type"": ""R"", ""snapshot_version"": ""osm_myanmar_2026_07_21_yangon_city_v1"", ""source_snapshot_id"": 9, ""source_classification"": ""settlement""}"
osm:relation:19705216,safe_new,တာကြီးရပ်ကွက်,တာကြီးရပ်ကွက်,quarter,quarter,settlement,16.753513249999997,96.12035306261555,80.00,3dbe8b91f3532f501253e1d6d8a050e2,"{""place"": ""quarter"", ""osm_id"": ""19705216"", ""raw_id"": 75326, ""raw_table"": ""raw_osm_polygons"", ""population"": null, ""external_id"": ""osm:relation:19705216"", ""region_code"": ""MM-YANGON"", ""osm_feature_type"": ""R"", ""snapshot_version"": ""osm_myanmar_2026_07_21_yangon_city_v1"", ""source_snapshot_id"": 9, ""source_classification"": ""settlement""}"
osm:relation:19705171,safe_new,ခနောင်တို (အရှေ့) ရပ်ကွက်,ခနောင်တို (အရှေ့) ရပ်ကွက်,quarter,quarter,settlement,16.754198549999998,96.10211728224871,80.00,af37536cdf4940e599cf1c01f9f17a13,"{""place"": ""quarter"", ""osm_id"": ""19705171"", ""raw_id"": 75345, ""raw_table"": ""raw_osm_polygons"", ""population"": null, ""external_id"": ""osm:relation:19705171"", ""region_code"": ""MM-YANGON"", ""osm_feature_type"": ""R"", ""snapshot_version"": ""osm_myanmar_2026_07_21_yangon_city_v1"", ""source_snapshot_id"": 9, ""source_classification"": ""settlement""}"
osm:relation:19658940,safe_new,မကျည်းတန်း (မြောက်/အနောက်) ရပ်ကွက်,မကျည်းတန်း (မြောက်/အနောက်) ရပ်ကွက်,quarter,quarter,settlement,16.81313325,96.1210690281917,80.00,a24bdad911eeef1e21306febc972de8a,"{""place"": ""quarter"", ""osm_id"": ""19658940"", ""raw_id"": 75352, ""raw_table"": ""raw_osm_polygons"", ""population"": null, ""external_id"": ""osm:relation:19658940"", ""region_code"": ""MM-YANGON"", ""osm_feature_type"": ""R"", ""snapshot_version"": ""osm_myanmar_2026_07_21_yangon_city_v1"", ""source_snapshot_id"": 9, ""source_classification"": ""settlement""}"
osm:relation:19705173,safe_new,သခင်ဘသောင်းရပ်ကွက်,သခင်ဘသောင်းရပ်ကွက်,quarter,quarter,settlement,16.754413550000002,96.0905582805792,80.00,f7e5e171d72065b7a02f937ce0234ab5,"{""place"": ""quarter"", ""osm_id"": ""19705173"", ""raw_id"": 75365, ""raw_table"": ""raw_osm_polygons"", ""population"": null, ""external_id"": ""osm:relation:19705173"", ""region_code"": ""MM-YANGON"", ""osm_feature_type"": ""R"", ""snapshot_version"": ""osm_myanmar_2026_07_21_yangon_city_v1"", ""source_snapshot_id"": 9, ""source_classification"": ""settlement""}"
osm:relation:19658939,safe_new,သာဓု (အရှေ့) ရပ်ကွက်,သာဓု (အရှေ့) ရပ်ကွက်,quarter,quarter,settlement,16.81548095,96.12407025833798,80.00,6cd041b1f50c7c367ff7e021de5c269e,"{""place"": ""quarter"", ""osm_id"": ""19658939"", ""raw_id"": 75725, ""raw_table"": ""raw_osm_polygons"", ""population"": null, ""external_id"": ""osm:relation:19658939"", ""region_code"": ""MM-YANGON"", ""osm_feature_type"": ""R"", ""snapshot_version"": ""osm_myanmar_2026_07_21_yangon_city_v1"", ""source_snapshot_id"": 9, ""source_classification"": ""settlement""}"
osm:relation:19658937,safe_new,သာဓု (အနောက်) ရပ်ကွက်,သာဓု (အနောက်) ရပ်ကွက်,quarter,quarter,settlement,16.8155222,96.120777393732,80.00,3bece8ac600b9c88a5f03c3659e8c014,"{""place"": ""quarter"", ""osm_id"": ""19658937"", ""raw_id"": 75766, ""raw_table"": ""raw_osm_polygons"", ""population"": null, ""external_id"": ""osm:relation:19658937"", ""region_code"": ""MM-YANGON"", ""osm_feature_type"": ""R"", ""snapshot_version"": ""osm_myanmar_2026_07_21_yangon_city_v1"", ""source_snapshot_id"": 9, ""source_classification"": ""settlement""}"
osm:relation:19659049,safe_new,အမှတ် (၆) ရပ်ကွက်,အမှတ် (၆) ရပ်ကွက်,quarter,quarter,settlement,16.82046845,96.12417540190933,80.00,7436645a6260955a73e9e461cac66da1,"{""place"": ""quarter"", ""osm_id"": ""19659049"", ""raw_id"": 76149, ""raw_table"": ""raw_osm_polygons"", ""population"": null, ""external_id"": ""osm:relation:19659049"", ""region_code"": ""MM-YANGON"", ""osm_feature_type"": ""R"", ""snapshot_version"": ""osm_myanmar_2026_07_21_yangon_city_v1"", ""source_snapshot_id"": 9, ""source_classification"": ""settlement""}"
osm:relation:19659050,safe_new,အမှတ် (၅) ရပ်ကွက်,အမှတ် (၅) ရပ်ကွက်,quarter,quarter,settlement,16.82261925,96.12049902818025,80.00,e4839fabfaf0b065d98d16f4dfb92509,"{""place"": ""quarter"", ""osm_id"": ""19659050"", ""raw_id"": 76152, ""raw_table"": ""raw_osm_polygons"", ""population"": null, ""external_id"": ""osm:relation:19659050"", ""region_code"": ""MM-YANGON"", ""osm_feature_type"": ""R"", ""snapshot_version"": ""osm_myanmar_2026_07_21_yangon_city_v1"", ""source_snapshot_id"": 9, ""source_classification"": ""settlement""}"
osm:relation:19659041,safe_new,အမှတ် (၄) ရပ်ကွက်,အမှတ် (၄) ရပ်ကွက်,quarter,quarter,settlement,16.82713605,96.12034482279125,80.00,119ea653f9690b0d0dd9b0e30eec149b,"{""place"": ""quarter"", ""osm_id"": ""19659041"", ""raw_id"": 76216, ""raw_table"": ""raw_osm_polygons"", ""population"": null, ""external_id"": ""osm:relation:19659041"", ""region_code"": ""MM-YANGON"", ""osm_feature_type"": ""R"", ""snapshot_version"": ""osm_myanmar_2026_07_21_yangon_city_v1"", ""source_snapshot_id"": 9, ""source_classification"": ""settlement""}"
osm:relation:19659246,safe_new,အမှတ် (၁) ရပ်ကွက်,အမှတ် (၁) ရပ်ကွက်,quarter,quarter,settlement,16.8349366,96.12471365376537,80.00,d6ff0fe87f26fa28dda754f04d107e6e,"{""place"": ""quarter"", ""osm_id"": ""19659246"", ""raw_id"": 76422, ""raw_table"": ""raw_osm_polygons"", ""population"": null, ""external_id"": ""osm:relation:19659246"", ""region_code"": ""MM-YANGON"", ""osm_feature_type"": ""R"", ""snapshot_version"": ""osm_myanmar_2026_07_21_yangon_city_v1"", ""source_snapshot_id"": 9, ""source_classification"": ""settlement""}"
osm:relation:19659237,safe_new,အမှတ် (၈) ရပ်ကွက်,အမှတ် (၈) ရပ်ကွက်,quarter,quarter,settlement,16.84181045,96.12452990372974,80.00,c4423ca19c8faf961579efa3e04838ee,"{""place"": ""quarter"", ""osm_id"": ""19659237"", ""raw_id"": 76423, ""raw_table"": ""raw_osm_polygons"", ""population"": null, ""external_id"": ""osm:relation:19659237"", ""region_code"": ""MM-YANGON"", ""osm_feature_type"": ""R"", ""snapshot_version"": ""osm_myanmar_2026_07_21_yangon_city_v1"", ""source_snapshot_id"": 9, ""source_classification"": ""settlement""}"
osm:relation:19659235,safe_new,အမှတ် (၁၃) ရပ်ကွက်,အမှတ် (၁၃) ရပ်ကွက်,quarter,quarter,settlement,16.8514576,96.12095814078637,80.00,e367c6ac7a8e3aaedec5e717828cb6b4,"{""place"": ""quarter"", ""osm_id"": ""19659235"", ""raw_id"": 78485, ""raw_table"": ""raw_osm_polygons"", ""population"": null, ""external_id"": ""osm:relation:19659235"", ""region_code"": ""MM-YANGON"", ""osm_feature_type"": ""R"", ""snapshot_version"": ""osm_myanmar_2026_07_21_yangon_city_v1"", ""source_snapshot_id"": 9, ""source_classification"": ""settlement""}"
osm:relation:19659234,safe_new,အမှတ် (၁၄) ရပ်ကွက်,အမှတ် (၁၄) ရပ်ကွက်,quarter,quarter,settlement,16.84821515,96.11104277695658,80.00,6529c4e1bbda7e691fde3cccf4ee2a8e,"{""place"": ""quarter"", ""osm_id"": ""19659234"", ""raw_id"": 78647, ""raw_table"": ""raw_osm_polygons"", ""population"": null, ""external_id"": ""osm:relation:19659234"", ""region_code"": ""MM-YANGON"", ""osm_feature_type"": ""R"", ""snapshot_version"": ""osm_myanmar_2026_07_21_yangon_city_v1"", ""source_snapshot_id"": 9, ""source_classification"": ""settlement""}"
osm:relation:19659233,safe_new,အမှတ် (၁၅) ရပ်ကွက်,အမှတ် (၁၅) ရပ်ကွက်,quarter,quarter,settlement,16.85391315,96.10788718834456,80.00,c86dd8acb43629a0d3a37446888af07a,"{""place"": ""quarter"", ""osm_id"": ""19659233"", ""raw_id"": 79339, ""raw_table"": ""raw_osm_polygons"", ""population"": null, ""external_id"": ""osm:relation:19659233"", ""region_code"": ""MM-YANGON"", ""osm_feature_type"": ""R"", ""snapshot_version"": ""osm_myanmar_2026_07_21_yangon_city_v1"", ""source_snapshot_id"": 9, ""source_classification"": ""settlement""}"
osm:relation:19672591,safe_new,အမှတ် (၆) ရပ်ကွက်,အမှတ် (၆) ရပ်ကွက်,quarter,quarter,settlement,16.868417100000002,96.065487660876,80.00,499bcb8b13b5fa15d812c8296043ae6e,"{""place"": ""quarter"", ""osm_id"": ""19672591"", ""raw_id"": 81437, ""raw_table"": ""raw_osm_polygons"", ""population"": null, ""external_id"": ""osm:relation:19672591"", ""region_code"": ""MM-YANGON"", ""osm_feature_type"": ""R"", ""snapshot_version"": ""osm_myanmar_2026_07_21_yangon_city_v1"", ""source_snapshot_id"": 9, ""source_classification"": ""settlement""}"
osm:relation:19672579,safe_new,အမှတ် (၁၀) ရပ်ကွက်,အမှတ် (၁၀) ရပ်ကွက်,quarter,quarter,settlement,16.87768585,96.03484410921368,80.00,2fd58dede56727e73d00e3ecae375c81,"{""place"": ""quarter"", ""osm_id"": ""19672579"", ""raw_id"": 82600, ""raw_table"": ""raw_osm_polygons"", ""population"": null, ""external_id"": ""osm:relation:19672579"", ""region_code"": ""MM-YANGON"", ""osm_feature_type"": ""R"", ""snapshot_version"": ""osm_myanmar_2026_07_21_yangon_city_v1"", ""source_snapshot_id"": 9, ""source_classification"": ""settlement""}"
osm:relation:19672578,safe_new,အမှတ် (၁၂) ရပ်ကွက်,အမှတ် (၁၂) ရပ်ကွက်,quarter,quarter,settlement,16.88151675,96.0436872871778,80.00,17d5504cdb336a54f4d94b717780f661,"{""place"": ""quarter"", ""osm_id"": ""19672578"", ""raw_id"": 82615, ""raw_table"": ""raw_osm_polygons"", ""population"": null, ""external_id"": ""osm:relation:19672578"", ""region_code"": ""MM-YANGON"", ""osm_feature_type"": ""R"", ""snapshot_version"": ""osm_myanmar_2026_07_21_yangon_city_v1"", ""source_snapshot_id"": 9, ""source_classification"": ""settlement""}"
osm:relation:19672580,safe_new,အမှတ် (၉) ရပ်ကွက်,အမှတ် (၉) ရပ်ကွက်,quarter,quarter,settlement,16.875176449999998,96.04466758726196,80.00,25cc78ec05cd2a98a537b0146023026f,"{""place"": ""quarter"", ""osm_id"": ""19672580"", ""raw_id"": 82626, ""raw_table"": ""raw_osm_polygons"", ""population"": null, ""external_id"": ""osm:relation:19672580"", ""region_code"": ""MM-YANGON"", ""osm_feature_type"": ""R"", ""snapshot_version"": ""osm_myanmar_2026_07_21_yangon_city_v1"", ""source_snapshot_id"": 9, ""source_classification"": ""settlement""}"
osm:relation:19672587,safe_new,အမှတ် (၈) ရပ်ကွက်,အမှတ် (၈) ရပ်ကွက်,quarter,quarter,settlement,16.87890025,96.06252190853888,80.00,d016650918183deab1450599265d6d11,"{""place"": ""quarter"", ""osm_id"": ""19672587"", ""raw_id"": 82975, ""raw_table"": ""raw_osm_polygons"", ""population"": null, ""external_id"": ""osm:relation:19672587"", ""region_code"": ""MM-YANGON"", ""osm_feature_type"": ""R"", ""snapshot_version"": ""osm_myanmar_2026_07_21_yangon_city_v1"", ""source_snapshot_id"": 9, ""source_classification"": ""settlement""}"
osm:relation:19672582,safe_new,အမှတ် (၁၄) ရပ်ကွက်,အမှတ် (၁၄) ရပ်ကွက်,quarter,quarter,settlement,16.88085525,96.05542026557748,80.00,5634a94c5680179ad968f6aab751ca97,"{""place"": ""quarter"", ""osm_id"": ""19672582"", ""raw_id"": 83005, ""raw_table"": ""raw_osm_polygons"", ""population"": null, ""external_id"": ""osm:relation:19672582"", ""region_code"": ""MM-YANGON"", ""osm_feature_type"": ""R"", ""snapshot_version"": ""osm_myanmar_2026_07_21_yangon_city_v1"", ""source_snapshot_id"": 9, ""source_classification"": ""settlement""}"
osm:relation:19672581,safe_new,အမှတ် (၁၃) ရပ်ကွက်,အမှတ် (၁၃) ရပ်ကွက်,quarter,quarter,settlement,16.881793000000002,96.0484839991982,80.00,f2dfdc32dfa8e4b4209171c5ad04a490,"{""place"": ""quarter"", ""osm_id"": ""19672581"", ""raw_id"": 83188, ""raw_table"": ""raw_osm_polygons"", ""population"": null, ""external_id"": ""osm:relation:19672581"", ""region_code"": ""MM-YANGON"", ""osm_feature_type"": ""R"", ""snapshot_version"": ""osm_myanmar_2026_07_21_yangon_city_v1"", ""source_snapshot_id"": 9, ""source_classification"": ""settlement""}"
osm:relation:19672577,safe_new,အမှတ် (၁၁) ရပ်ကွက်,အမှတ် (၁၁) ရပ်ကွက်,quarter,quarter,settlement,16.884691250000003,96.03754149100746,80.00,248d35f7f39ba0496d02bc004706f7b2,"{""place"": ""quarter"", ""osm_id"": ""19672577"", ""raw_id"": 83534, ""raw_table"": ""raw_osm_polygons"", ""population"": null, ""external_id"": ""osm:relation:19672577"", ""region_code"": ""MM-YANGON"", ""osm_feature_type"": ""R"", ""snapshot_version"": ""osm_myanmar_2026_07_21_yangon_city_v1"", ""source_snapshot_id"": 9, ""source_classification"": ""settlement""}"
osm:relation:19672576,safe_new,အမှတ် (၁၇) ရပ်ကွက်,အမှတ် (၁၇) ရပ်ကွက်,quarter,quarter,settlement,16.89170265,96.04111458192196,80.00,cff3b1d7353123233a87aaae4101eb0b,"{""place"": ""quarter"", ""osm_id"": ""19672576"", ""raw_id"": 83672, ""raw_table"": ""raw_osm_polygons"", ""population"": null, ""external_id"": ""osm:relation:19672576"", ""region_code"": ""MM-YANGON"", ""osm_feature_type"": ""R"", ""snapshot_version"": ""osm_myanmar_2026_07_21_yangon_city_v1"", ""source_snapshot_id"": 9, ""source_classification"": ""settlement""}"
osm:relation:19672575,safe_new,အမှတ် (၁၈) ရပ်ကွက်,အမှတ် (၁၈) ရပ်ကွက်,quarter,quarter,settlement,16.8931258,96.04820616520573,80.00,89e590c745782ffbc5a5949060a74528,"{""place"": ""quarter"", ""osm_id"": ""19672575"", ""raw_id"": 83691, ""raw_table"": ""raw_osm_polygons"", ""population"": null, ""external_id"": ""osm:relation:19672575"", ""region_code"": ""MM-YANGON"", ""osm_feature_type"": ""R"", ""snapshot_version"": ""osm_myanmar_2026_07_21_yangon_city_v1"", ""source_snapshot_id"": 9, ""source_classification"": ""settlement""}"
osm:relation:19672584,safe_new,အမှတ် (၁၉) ရပ်ကွက်,အမှတ် (၁၉) ရပ်ကွက်,quarter,quarter,settlement,16.8926814,96.05819704030313,80.00,79ada81bcf641477f5e6e40541eccf17,"{""place"": ""quarter"", ""osm_id"": ""19672584"", ""raw_id"": 83705, ""raw_table"": ""raw_osm_polygons"", ""population"": null, ""external_id"": ""osm:relation:19672584"", ""region_code"": ""MM-YANGON"", ""osm_feature_type"": ""R"", ""snapshot_version"": ""osm_myanmar_2026_07_21_yangon_city_v1"", ""source_snapshot_id"": 9, ""source_classification"": ""settlement""}"
osm:relation:19669745,safe_new,စဉ့်ငူ ရပ်ကွက်,စဉ့်ငူ ရပ်ကွက်,quarter,quarter,settlement,16.912613049999997,96.09902518314044,80.00,673fd1005707511b76bba7ab8a1d631b,"{""place"": ""quarter"", ""osm_id"": ""19669745"", ""raw_id"": 84516, ""raw_table"": ""raw_osm_polygons"", ""population"": null, ""external_id"": ""osm:relation:19669745"", ""region_code"": ""MM-YANGON"", ""osm_feature_type"": ""R"", ""snapshot_version"": ""osm_myanmar_2026_07_21_yangon_city_v1"", ""source_snapshot_id"": 9, ""source_classification"": ""settlement""}"
osm:relation:19669746,safe_new,ဖေါ့ကန် ရပ်ကွက်,ဖေါ့ကန် ရပ်ကွက်,quarter,quarter,settlement,16.908397700000002,96.09754766889111,80.00,0844b1013f49cae693605707103de0d2,"{""place"": ""quarter"", ""osm_id"": ""19669746"", ""raw_id"": 84544, ""raw_table"": ""raw_osm_polygons"", ""population"": null, ""external_id"": ""osm:relation:19669746"", ""region_code"": ""MM-YANGON"", ""osm_feature_type"": ""R"", ""snapshot_version"": ""osm_myanmar_2026_07_21_yangon_city_v1"", ""source_snapshot_id"": 9, ""source_classification"": ""settlement""}"
osm:relation:19669750,safe_new,ရွာမ (အနောက်) ရပ်ကွက်,ရွာမ (အနောက်) ရပ်ကွက်,quarter,quarter,settlement,16.89441015,96.09114743195917,80.00,907c9d512a9a9dd84474df18aa236a75,"{""place"": ""quarter"", ""osm_id"": ""19669750"", ""raw_id"": 85815, ""raw_table"": ""raw_osm_polygons"", ""population"": null, ""external_id"": ""osm:relation:19669750"", ""region_code"": ""MM-YANGON"", ""osm_feature_type"": ""R"", ""snapshot_version"": ""osm_myanmar_2026_07_21_yangon_city_v1"", ""source_snapshot_id"": 9, ""source_classification"": ""settlement""}"
osm:way:420900152,safe_new,Ward 15,Ward 15,neighbourhood,neighbourhood,settlement,16.8898362,96.06482145058237,80.00,6432b0aa5d43a4ce2a72a78f2bd6a953,"{""place"": ""neighbourhood"", ""osm_id"": ""420900152"", ""raw_id"": 85913, ""raw_table"": ""raw_osm_polygons"", ""population"": null, ""external_id"": ""osm:way:420900152"", ""region_code"": ""MM-YANGON"", ""osm_feature_type"": ""W"", ""snapshot_version"": ""osm_myanmar_2026_07_21_yangon_city_v1"", ""source_snapshot_id"": 9, ""source_classification"": ""settlement""}"
osm:relation:19672586,safe_new,အမှတ် (၁) ရပ်ကွက်,အမှတ် (၁) ရပ်ကွက်,quarter,quarter,settlement,16.88612055,96.07707431881886,80.00,b2198139b492d9ace551ec5bbc209eaf,"{""place"": ""quarter"", ""osm_id"": ""19672586"", ""raw_id"": 85958, ""raw_table"": ""raw_osm_polygons"", ""population"": null, ""external_id"": ""osm:relation:19672586"", ""region_code"": ""MM-YANGON"", ""osm_feature_type"": ""R"", ""snapshot_version"": ""osm_myanmar_2026_07_21_yangon_city_v1"", ""source_snapshot_id"": 9, ""source_classification"": ""settlement""}"
osm:relation:19672588,safe_new,အမှတ် (၂) ရပ်ကွက်,အမှတ် (၂) ရပ်ကွက်,quarter,quarter,settlement,16.8798356,96.07722621512275,80.00,cae48cf0eda5a4bb3b47c4730405d0a0,"{""place"": ""quarter"", ""osm_id"": ""19672588"", ""raw_id"": 86092, ""raw_table"": ""raw_osm_polygons"", ""population"": null, ""external_id"": ""osm:relation:19672588"", ""region_code"": ""MM-YANGON"", ""osm_feature_type"": ""R"", ""snapshot_version"": ""osm_myanmar_2026_07_21_yangon_city_v1"", ""source_snapshot_id"": 9, ""source_classification"": ""settlement""}"
osm:relation:19669760,safe_new,ပိန်းနှဲကုန်း ရပ်ကွက်,ပိန်းနှဲကုန်း ရပ်ကွက်,quarter,quarter,settlement,16.8784871,96.10537110789416,80.00,f222347e2631d8a571af81a58fe99058,"{""place"": ""quarter"", ""osm_id"": ""19669760"", ""raw_id"": 86812, ""raw_table"": ""raw_osm_polygons"", ""population"": null, ""external_id"": ""osm:relation:19669760"", ""region_code"": ""MM-YANGON"", ""osm_feature_type"": ""R"", ""snapshot_version"": ""osm_myanmar_2026_07_21_yangon_city_v1"", ""source_snapshot_id"": 9, ""source_classification"": ""settlement""}"
osm:relation:19669753,safe_new,ကမ်းနား (အလယ်) ရပ်ကွက်,ကမ်းနား (အလယ်) ရပ်ကွက်,quarter,quarter,settlement,16.8802433,96.09679784835589,80.00,dbfe94bcdb87edc51c6999b5bb6ba8a1,"{""place"": ""quarter"", ""osm_id"": ""19669753"", ""raw_id"": 86821, ""raw_table"": ""raw_osm_polygons"", ""population"": null, ""external_id"": ""osm:relation:19669753"", ""region_code"": ""MM-YANGON"", ""osm_feature_type"": ""R"", ""snapshot_version"": ""osm_myanmar_2026_07_21_yangon_city_v1"", ""source_snapshot_id"": 9, ""source_classification"": ""settlement""}"
osm:relation:19669755,safe_new,ဈေးကုန်း (အနောက်) ရပ်ကွက်,ဈေးကုန်း (အနောက်) ရပ်ကွက်,quarter,quarter,settlement,16.885222,96.1023196906648,80.00,21bc52fa8c797dba95f866ed28609754,"{""place"": ""quarter"", ""osm_id"": ""19669755"", ""raw_id"": 86865, ""raw_table"": ""raw_osm_polygons"", ""population"": null, ""external_id"": ""osm:relation:19669755"", ""region_code"": ""MM-YANGON"", ""osm_feature_type"": ""R"", ""snapshot_version"": ""osm_myanmar_2026_07_21_yangon_city_v1"", ""source_snapshot_id"": 9, ""source_classification"": ""settlement""}"
osm:relation:19670069,safe_new,အမှတ် (၁) ရပ်ကွက်,အမှတ် (၁) ရပ်ကွက်,quarter,quarter,settlement,16.876900650000003,96.15467432937285,80.00,99233d5fde23641695710317b7ccfbfe,"{""place"": ""quarter"", ""osm_id"": ""19670069"", ""raw_id"": 87402, ""raw_table"": ""raw_osm_polygons"", ""population"": null, ""external_id"": ""osm:relation:19670069"", ""region_code"": ""MM-YANGON"", ""osm_feature_type"": ""R"", ""snapshot_version"": ""osm_myanmar_2026_07_21_yangon_city_v1"", ""source_snapshot_id"": 9, ""source_classification"": ""settlement""}"
osm:relation:19666080,safe_new,အမှတ် (၄၄) ရပ်ကွက်,အမှတ် (၄၄) ရပ်ကွက်,quarter,quarter,settlement,16.8907013,96.18617209405119,80.00,8f08e8925785874811e88f394d1294d1,"{""place"": ""quarter"", ""osm_id"": ""19666080"", ""raw_id"": 92526, ""raw_table"": ""raw_osm_polygons"", ""population"": null, ""external_id"": ""osm:relation:19666080"", ""region_code"": ""MM-YANGON"", ""osm_feature_type"": ""R"", ""snapshot_version"": ""osm_myanmar_2026_07_21_yangon_city_v1"", ""source_snapshot_id"": 9, ""source_classification"": ""settlement""}"
osm:relation:19666081,safe_new,အမှတ် (၄၃) ရပ်ကွက်,အမှတ် (၄၃) ရပ်ကွက်,quarter,quarter,settlement,16.887021400000002,96.18049306022016,80.00,654cad1e3aae8c4b2ffcab6098f9deb8,"{""place"": ""quarter"", ""osm_id"": ""19666081"", ""raw_id"": 92530, ""raw_table"": ""raw_osm_polygons"", ""population"": null, ""external_id"": ""osm:relation:19666081"", ""region_code"": ""MM-YANGON"", ""osm_feature_type"": ""R"", ""snapshot_version"": ""osm_myanmar_2026_07_21_yangon_city_v1"", ""source_snapshot_id"": 9, ""source_classification"": ""settlement""}"
osm:relation:19666084,safe_new,အမှတ် (၄၁) ရပ်ကွက်,အမှတ် (၄၁) ရပ်ကွက်,quarter,quarter,settlement,16.8770072,96.17698311454257,80.00,0a8037af105b57695ca44d7b1e949575,"{""place"": ""quarter"", ""osm_id"": ""19666084"", ""raw_id"": 93850, ""raw_table"": ""raw_osm_polygons"", ""population"": null, ""external_id"": ""osm:relation:19666084"", ""region_code"": ""MM-YANGON"", ""osm_feature_type"": ""R"", ""snapshot_version"": ""osm_myanmar_2026_07_21_yangon_city_v1"", ""source_snapshot_id"": 9, ""source_classification"": ""settlement""}"
osm:relation:19666087,safe_new,အမှတ် (၃၈) ရပ်ကွက်,အမှတ် (၃၈) ရပ်ကွက်,quarter,quarter,settlement,16.88661795,96.19608784932922,80.00,20e74402368c083e5eea52890e648f4a,"{""place"": ""quarter"", ""osm_id"": ""19666087"", ""raw_id"": 95295, ""raw_table"": ""raw_osm_polygons"", ""population"": null, ""external_id"": ""osm:relation:19666087"", ""region_code"": ""MM-YANGON"", ""osm_feature_type"": ""R"", ""snapshot_version"": ""osm_myanmar_2026_07_21_yangon_city_v1"", ""source_snapshot_id"": 9, ""source_classification"": ""settlement""}"
osm:way:280096837,safe_new,Ward 12,Ward 12,neighbourhood,neighbourhood,settlement,16.88920805,96.2181237282864,80.00,d59540292a7895163fdbba7055d319f7,"{""place"": ""neighbourhood"", ""osm_id"": ""280096837"", ""raw_id"": 95652, ""raw_table"": ""raw_osm_polygons"", ""population"": null, ""external_id"": ""osm:way:280096837"", ""region_code"": ""MM-YANGON"", ""osm_feature_type"": ""W"", ""snapshot_version"": ""osm_myanmar_2026_07_21_yangon_city_v1"", ""source_snapshot_id"": 9, ""source_classification"": ""settlement""}"
osm:relation:19669482,safe_new,အမှတ် (၁၁) ရပ်ကွက်,အမှတ် (၁၁) ရပ်ကွက်,quarter,quarter,settlement,16.886496,96.21099964136675,80.00,7a10c9bfb24f2dfdf63813fa4d2363a2,"{""place"": ""quarter"", ""osm_id"": ""19669482"", ""raw_id"": 95657, ""raw_table"": ""raw_osm_polygons"", ""population"": null, ""external_id"": ""osm:relation:19669482"", ""region_code"": ""MM-YANGON"", ""osm_feature_type"": ""R"", ""snapshot_version"": ""osm_myanmar_2026_07_21_yangon_city_v1"", ""source_snapshot_id"": 9, ""source_classification"": ""settlement""}"
osm:relation:19669487,safe_new,အမှတ် (၁၅) ရပ်ကွက်,အမှတ် (၁၅) ရပ်ကွက်,quarter,quarter,settlement,16.878212150000003,96.22216431894932,80.00,e82f97fcc79fd2dfba61cf60506602d0,"{""place"": ""quarter"", ""osm_id"": ""19669487"", ""raw_id"": 96041, ""raw_table"": ""raw_osm_polygons"", ""population"": null, ""external_id"": ""osm:relation:19669487"", ""region_code"": ""MM-YANGON"", ""osm_feature_type"": ""R"", ""snapshot_version"": ""osm_myanmar_2026_07_21_yangon_city_v1"", ""source_snapshot_id"": 9, ""source_classification"": ""settlement""}"
osm:way:388247579,safe_new,၁၅ ရပ်ကွက်,၁၅ ရပ်ကွက်,neighbourhood,neighbourhood,settlement,16.8782731,96.22071849324038,80.00,723cd2249fa375bb534a56e123028053,"{""place"": ""neighbourhood"", ""osm_id"": ""388247579"", ""raw_id"": 96042, ""raw_table"": ""raw_osm_polygons"", ""population"": null, ""external_id"": ""osm:way:388247579"", ""region_code"": ""MM-YANGON"", ""osm_feature_type"": ""W"", ""snapshot_version"": ""osm_myanmar_2026_07_21_yangon_city_v1"", ""source_snapshot_id"": 9, ""source_classification"": ""settlement""}"
osm:way:280095847,safe_new,Ward 7,Ward 7,neighbourhood,neighbourhood,settlement,16.8942902,96.21322897593849,80.00,c5b1416e79729abc2adaab1a3f28f6de,"{""place"": ""neighbourhood"", ""osm_id"": ""280095847"", ""raw_id"": 96633, ""raw_table"": ""raw_osm_polygons"", ""population"": null, ""external_id"": ""osm:way:280095847"", ""region_code"": ""MM-YANGON"", ""osm_feature_type"": ""W"", ""snapshot_version"": ""osm_myanmar_2026_07_21_yangon_city_v1"", ""source_snapshot_id"": 9, ""source_classification"": ""settlement""}"
osm:relation:19669475,safe_new,အမှတ် (၁၁၃) ရပ်ကွက်,အမှတ် (၁၁၃) ရပ်ကွက်,quarter,quarter,settlement,16.895028949999997,96.23659988403614,80.00,0eee9a0a4a33e9696a0e170409834047,"{""place"": ""quarter"", ""osm_id"": ""19669475"", ""raw_id"": 96498, ""raw_table"": ""raw_osm_polygons"", ""population"": null, ""external_id"": ""osm:relation:19669475"", ""region_code"": ""MM-YANGON"", ""osm_feature_type"": ""R"", ""snapshot_version"": ""osm_myanmar_2026_07_21_yangon_city_v1"", ""source_snapshot_id"": 9, ""source_classification"": ""settlement""}"
osm:relation:19669474,safe_new,အမှတ် (၁၁၄) ရပ်ကွက်,အမှတ် (၁၁၄) ရပ်ကွက်,quarter,quarter,settlement,16.902243849999998,96.24087426002616,80.00,537cb21a8c9b73963a68ee1666eb9ec0,"{""place"": ""quarter"", ""osm_id"": ""19669474"", ""raw_id"": 96502, ""raw_table"": ""raw_osm_polygons"", ""population"": null, ""external_id"": ""osm:relation:19669474"", ""region_code"": ""MM-YANGON"", ""osm_feature_type"": ""R"", ""snapshot_version"": ""osm_myanmar_2026_07_21_yangon_city_v1"", ""source_snapshot_id"": 9, ""source_classification"": ""settlement""}"
osm:relation:19669473,safe_new,အမှတ် (၁၁၇) ရပ်ကွက်,အမှတ် (၁၁၇) ရပ်ကွက်,quarter,quarter,settlement,16.900108950000003,96.23315695587033,80.00,35b493b705262a5c2ad7cfdea1838760,"{""place"": ""quarter"", ""osm_id"": ""19669473"", ""raw_id"": 96579, ""raw_table"": ""raw_osm_polygons"", ""population"": null, ""external_id"": ""osm:relation:19669473"", ""region_code"": ""MM-YANGON"", ""osm_feature_type"": ""R"", ""snapshot_version"": ""osm_myanmar_2026_07_21_yangon_city_v1"", ""source_snapshot_id"": 9, ""source_classification"": ""settlement""}"
osm:relation:19669467,safe_new,အမှတ် (၁၁၁) ရပ်ကွက်,အမှတ် (၁၁၁) ရပ်ကွက်,quarter,quarter,settlement,16.90158705,96.2222915726679,80.00,48717a5ddea7dab10323c961f6286da5,"{""place"": ""quarter"", ""osm_id"": ""19669467"", ""raw_id"": 96603, ""raw_table"": ""raw_osm_polygons"", ""population"": null, ""external_id"": ""osm:relation:19669467"", ""region_code"": ""MM-YANGON"", ""osm_feature_type"": ""R"", ""snapshot_version"": ""osm_myanmar_2026_07_21_yangon_city_v1"", ""source_snapshot_id"": 9, ""source_classification"": ""settlement""}"
osm:way:280094461,safe_new,၆ ရပ်ကွက်,၆ ရပ်ကွက်,neighbourhood,neighbourhood,settlement,16.900825949999998,96.20487796400982,80.00,ef53e1814c520bfee286e47afcf6556b,"{""place"": ""neighbourhood"", ""osm_id"": ""280094461"", ""raw_id"": 96623, ""raw_table"": ""raw_osm_polygons"", ""population"": null, ""external_id"": ""osm:way:280094461"", ""region_code"": ""MM-YANGON"", ""osm_feature_type"": ""W"", ""snapshot_version"": ""osm_myanmar_2026_07_21_yangon_city_v1"", ""source_snapshot_id"": 9, ""source_classification"": ""settlement""}"
osm:relation:19669478,safe_new,အမှတ် (၇) ရပ်ကွက်,အမှတ် (၇) ရပ်ကွက်,quarter,quarter,settlement,16.8942153,96.21338716144172,80.00,40dccfdd17dfe2997e60f00c5873710a,"{""place"": ""quarter"", ""osm_id"": ""19669478"", ""raw_id"": 96632, ""raw_table"": ""raw_osm_polygons"", ""population"": null, ""external_id"": ""osm:relation:19669478"", ""region_code"": ""MM-YANGON"", ""osm_feature_type"": ""R"", ""snapshot_version"": ""osm_myanmar_2026_07_21_yangon_city_v1"", ""source_snapshot_id"": 9, ""source_classification"": ""settlement""}"
osm:relation:19669449,safe_new,အမှတ် (၃) ရပ်ကွက်,အမှတ် (၃) ရပ်ကွက်,quarter,quarter,settlement,16.9048844,96.2001923655303,80.00,e6df6bed2e8c162499d6bea64fdcafb4,"{""place"": ""quarter"", ""osm_id"": ""19669449"", ""raw_id"": 97970, ""raw_table"": ""raw_osm_polygons"", ""population"": null, ""external_id"": ""osm:relation:19669449"", ""region_code"": ""MM-YANGON"", ""osm_feature_type"": ""R"", ""snapshot_version"": ""osm_myanmar_2026_07_21_yangon_city_v1"", ""source_snapshot_id"": 9, ""source_classification"": ""settlement""}"
osm:relation:19666076,safe_new,အမှတ် (၄၆) ရပ်ကွက်,အမှတ် (၄၆) ရပ်ကွက်,quarter,quarter,settlement,16.90259375,96.18772492694043,80.00,397de613d835867ad3d17c9105b8af15,"{""place"": ""quarter"", ""osm_id"": ""19666076"", ""raw_id"": 98565, ""raw_table"": ""raw_osm_polygons"", ""population"": null, ""external_id"": ""osm:relation:19666076"", ""region_code"": ""MM-YANGON"", ""osm_feature_type"": ""R"", ""snapshot_version"": ""osm_myanmar_2026_07_21_yangon_city_v1"", ""source_snapshot_id"": 9, ""source_classification"": ""settlement""}"
osm:relation:19669448,safe_new,အမှတ် (၁) ရပ်ကွက်,အမှတ် (၁) ရပ်ကွက်,quarter,quarter,settlement,16.910337849999998,96.18869924440811,80.00,15d62b9f2ec438b615d493276c0479d8,"{""place"": ""quarter"", ""osm_id"": ""19669448"", ""raw_id"": 100078, ""raw_table"": ""raw_osm_polygons"", ""population"": null, ""external_id"": ""osm:relation:19669448"", ""region_code"": ""MM-YANGON"", ""osm_feature_type"": ""R"", ""snapshot_version"": ""osm_myanmar_2026_07_21_yangon_city_v1"", ""source_snapshot_id"": 9, ""source_classification"": ""settlement""}"
osm:relation:19669447,safe_new,အမှတ် (၅၂) ရပ်ကွက်,အမှတ် (၅၂) ရပ်ကွက်,quarter,quarter,settlement,16.9203379,96.18425486052308,80.00,39ed0b5b7e6926a344851355d1491472,"{""place"": ""quarter"", ""osm_id"": ""19669447"", ""raw_id"": 100420, ""raw_table"": ""raw_osm_polygons"", ""population"": null, ""external_id"": ""osm:relation:19669447"", ""region_code"": ""MM-YANGON"", ""osm_feature_type"": ""R"", ""snapshot_version"": ""osm_myanmar_2026_07_21_yangon_city_v1"", ""source_snapshot_id"": 9, ""source_classification"": ""settlement""}"
osm:relation:19669464,safe_new,အမှတ် (၁၂၀) ရပ်ကွက်,အမှတ် (၁၂၀) ရပ်ကွက်,quarter,quarter,settlement,16.91193265,96.23365970835637,80.00,9d398390cb80c06e1abb69bd4583906f,"{""place"": ""quarter"", ""osm_id"": ""19669464"", ""raw_id"": 100525, ""raw_table"": ""raw_osm_polygons"", ""population"": null, ""external_id"": ""osm:relation:19669464"", ""region_code"": ""MM-YANGON"", ""osm_feature_type"": ""R"", ""snapshot_version"": ""osm_myanmar_2026_07_21_yangon_city_v1"", ""source_snapshot_id"": 9, ""source_classification"": ""settlement""}"
osm:relation:19669465,safe_new,အမှတ် (၁၁၉) ရပ်ကွက်,အမှတ် (၁၁၉) ရပ်ကွက်,quarter,quarter,settlement,16.9086849,96.23166532886029,80.00,43de4d9867928b63a16180d9a46edf7e,"{""place"": ""quarter"", ""osm_id"": ""19669465"", ""raw_id"": 100526, ""raw_table"": ""raw_osm_polygons"", ""population"": null, ""external_id"": ""osm:relation:19669465"", ""region_code"": ""MM-YANGON"", ""osm_feature_type"": ""R"", ""snapshot_version"": ""osm_myanmar_2026_07_21_yangon_city_v1"", ""source_snapshot_id"": 9, ""source_classification"": ""settlement""}"
osm:relation:19669471,safe_new,အမှတ် (၁၁၅) ရပ်ကွက်,အမှတ် (၁၁၅) ရပ်ကွက်,quarter,quarter,settlement,16.9095388,96.24406355097275,80.00,b700079b75dda760196f516d63ab4fcd,"{""place"": ""quarter"", ""osm_id"": ""19669471"", ""raw_id"": 100528, ""raw_table"": ""raw_osm_polygons"", ""population"": null, ""external_id"": ""osm:relation:19669471"", ""region_code"": ""MM-YANGON"", ""osm_feature_type"": ""R"", ""snapshot_version"": ""osm_myanmar_2026_07_21_yangon_city_v1"", ""source_snapshot_id"": 9, ""source_classification"": ""settlement""}"
osm:relation:19669439,safe_new,အမှတ် (၁၅၆) ရပ်ကွက်,အမှတ် (၁၅၆) ရပ်ကွက်,quarter,quarter,settlement,16.937241,96.23427761696252,80.00,1feadf670b058c9fe0a8d72ef5bd490d,"{""place"": ""quarter"", ""osm_id"": ""19669439"", ""raw_id"": 100562, ""raw_table"": ""raw_osm_polygons"", ""population"": null, ""external_id"": ""osm:relation:19669439"", ""region_code"": ""MM-YANGON"", ""osm_feature_type"": ""R"", ""snapshot_version"": ""osm_myanmar_2026_07_21_yangon_city_v1"", ""source_snapshot_id"": 9, ""source_classification"": ""settlement""}"
osm:relation:19669440,safe_new,အမှတ် (၁၃၆) ရပ်ကွက်,အမှတ် (၁၃၆) ရပ်ကွက်,quarter,quarter,settlement,16.93442675,96.22968923815942,80.00,2a1180f53105ed6348bf3d648c024ecb,"{""place"": ""quarter"", ""osm_id"": ""19669440"", ""raw_id"": 100566, ""raw_table"": ""raw_osm_polygons"", ""population"": null, ""external_id"": ""osm:relation:19669440"", ""region_code"": ""MM-YANGON"", ""osm_feature_type"": ""R"", ""snapshot_version"": ""osm_myanmar_2026_07_21_yangon_city_v1"", ""source_snapshot_id"": 9, ""source_classification"": ""settlement""}"
osm:way:741143699,safe_new,၁၃ ရပ်ကွက်,၁၃ ရပ်ကွက်,quarter,quarter,settlement,16.928825600000003,96.1938854877285,80.00,43d7aff5e718c6da6a1b7253f8d4e704,"{""place"": ""quarter"", ""osm_id"": ""741143699"", ""raw_id"": 100594, ""raw_table"": ""raw_osm_polygons"", ""population"": null, ""external_id"": ""osm:way:741143699"", ""region_code"": ""MM-YANGON"", ""osm_feature_type"": ""W"", ""snapshot_version"": ""osm_myanmar_2026_07_21_yangon_city_v1"", ""source_snapshot_id"": 9, ""source_classification"": ""settlement""}"
osm:relation:19666074,safe_new,အမှတ် (၅၀) ရပ်ကွက်,အမှတ် (၅၀) ရပ်ကွက်,quarter,quarter,settlement,16.9108522,96.18286445088023,80.00,7653099edb3d1ecc31694b3397e80e9f,"{""place"": ""quarter"", ""osm_id"": ""19666074"", ""raw_id"": 102278, ""raw_table"": ""raw_osm_polygons"", ""population"": null, ""external_id"": ""osm:relation:19666074"", ""region_code"": ""MM-YANGON"", ""osm_feature_type"": ""R"", ""snapshot_version"": ""osm_myanmar_2026_07_21_yangon_city_v1"", ""source_snapshot_id"": 9, ""source_classification"": ""settlement""}"
osm:relation:19666073,safe_new,အမှတ် (၅၁) ရပ်ကွက်,အမှတ် (၅၁) ရပ်ကွက်,quarter,quarter,settlement,16.909546849999998,96.17725577435289,80.00,348b16f36f3bfa0d847113a68edab02c,"{""place"": ""quarter"", ""osm_id"": ""19666073"", ""raw_id"": 102567, ""raw_table"": ""raw_osm_polygons"", ""population"": null, ""external_id"": ""osm:relation:19666073"", ""region_code"": ""MM-YANGON"", ""osm_feature_type"": ""R"", ""snapshot_version"": ""osm_myanmar_2026_07_21_yangon_city_v1"", ""source_snapshot_id"": 9, ""source_classification"": ""settlement""}"
osm:relation:19670054,safe_new,ဈ-ရပ်ကွက်,ဈ-ရပ်ကွက်,quarter,quarter,settlement,16.91818885,96.15880965676249,80.00,6840a234eef5378f79724ef7a3235559,"{""place"": ""quarter"", ""osm_id"": ""19670054"", ""raw_id"": 104242, ""raw_table"": ""raw_osm_polygons"", ""population"": null, ""external_id"": ""osm:relation:19670054"", ""region_code"": ""MM-YANGON"", ""osm_feature_type"": ""R"", ""snapshot_version"": ""osm_myanmar_2026_07_21_yangon_city_v1"", ""source_snapshot_id"": 9, ""source_classification"": ""settlement""}"
osm:relation:19670057,safe_new,ခ-ရပ်ကွက်,ခ-ရပ်ကွက်,quarter,quarter,settlement,16.9069088,96.15143137437556,80.00,f9c21e01fe2b415883a63f1c2308768b,"{""place"": ""quarter"", ""osm_id"": ""19670057"", ""raw_id"": 104378, ""raw_table"": ""raw_osm_polygons"", ""population"": null, ""external_id"": ""osm:relation:19670057"", ""region_code"": ""MM-YANGON"", ""osm_feature_type"": ""R"", ""snapshot_version"": ""osm_myanmar_2026_07_21_yangon_city_v1"", ""source_snapshot_id"": 9, ""source_classification"": ""settlement""}"
osm:relation:19670058,safe_new,ပုရွက်ဆိတ်ကုန်းရပ်ကွက်,ပုရွက်ဆိတ်ကုန်းရပ်ကွက်,quarter,quarter,settlement,16.9106775,96.1455609372305,80.00,21a52a1c00088082d3ced5356a28b4fe,"{""place"": ""quarter"", ""osm_id"": ""19670058"", ""raw_id"": 104595, ""raw_table"": ""raw_osm_polygons"", ""population"": null, ""external_id"": ""osm:relation:19670058"", ""region_code"": ""MM-YANGON"", ""osm_feature_type"": ""R"", ""snapshot_version"": ""osm_myanmar_2026_07_21_yangon_city_v1"", ""source_snapshot_id"": 9, ""source_classification"": ""settlement""}"
osm:relation:19672485,safe_new,အနန်းပင်ရပ်ကွက်,အနန်းပင်ရပ်ကွက်,quarter,quarter,settlement,16.90975245,96.13783809542176,80.00,7faed331307295e2ab65fc3fe1c2b4e9,"{""place"": ""quarter"", ""osm_id"": ""19672485"", ""raw_id"": 104661, ""raw_table"": ""raw_osm_polygons"", ""population"": null, ""external_id"": ""osm:relation:19672485"", ""region_code"": ""MM-YANGON"", ""osm_feature_type"": ""R"", ""snapshot_version"": ""osm_myanmar_2026_07_21_yangon_city_v1"", ""source_snapshot_id"": 9, ""source_classification"": ""settlement""}"
osm:relation:19672482,safe_new,အမှတ် (၃) (ခ) ရပ်ကွက်,အမှတ် (၃) (ခ) ရပ်ကွက်,quarter,quarter,settlement,16.9238147,96.14024511875,80.00,3a6c09061f958fb3718957023c27da77,"{""place"": ""quarter"", ""osm_id"": ""19672482"", ""raw_id"": 104958, ""raw_table"": ""raw_osm_polygons"", ""population"": null, ""external_id"": ""osm:relation:19672482"", ""region_code"": ""MM-YANGON"", ""osm_feature_type"": ""R"", ""snapshot_version"": ""osm_myanmar_2026_07_21_yangon_city_v1"", ""source_snapshot_id"": 9, ""source_classification"": ""settlement""}"
osm:relation:19672481,safe_new,အမှတ် (၃) (က) ရပ်ကွက်,အမှတ် (၃) (က) ရပ်ကွက်,quarter,quarter,settlement,16.928394150000003,96.1427280174643,80.00,d92ae203eb4fd4dd5d5a818f75995651,"{""place"": ""quarter"", ""osm_id"": ""19672481"", ""raw_id"": 104972, ""raw_table"": ""raw_osm_polygons"", ""population"": null, ""external_id"": ""osm:relation:19672481"", ""region_code"": ""MM-YANGON"", ""osm_feature_type"": ""R"", ""snapshot_version"": ""osm_myanmar_2026_07_21_yangon_city_v1"", ""source_snapshot_id"": 9, ""source_classification"": ""settlement""}"
osm:relation:19672480,safe_new,အမှတ် (၂) (ခ) ရပ်ကွက်,အမှတ် (၂) (ခ) ရပ်ကွက်,quarter,quarter,settlement,16.93018955,96.14021593973281,80.00,6bd45e3afe5a71de9d5ed64ab5518c08,"{""place"": ""quarter"", ""osm_id"": ""19672480"", ""raw_id"": 104974, ""raw_table"": ""raw_osm_polygons"", ""population"": null, ""external_id"": ""osm:relation:19672480"", ""region_code"": ""MM-YANGON"", ""osm_feature_type"": ""R"", ""snapshot_version"": ""osm_myanmar_2026_07_21_yangon_city_v1"", ""source_snapshot_id"": 9, ""source_classification"": ""settlement""}"
osm:relation:19672478,safe_new,စမ်းကြီးဝ ရပ်ကွက်,စမ်းကြီးဝ ရပ်ကွက်,quarter,quarter,settlement,16.9367947,96.13622107876427,80.00,7055fdee50203a0117fe96f11623587d,"{""place"": ""quarter"", ""osm_id"": ""19672478"", ""raw_id"": 105084, ""raw_table"": ""raw_osm_polygons"", ""population"": null, ""external_id"": ""osm:relation:19672478"", ""region_code"": ""MM-YANGON"", ""osm_feature_type"": ""R"", ""snapshot_version"": ""osm_myanmar_2026_07_21_yangon_city_v1"", ""source_snapshot_id"": 9, ""source_classification"": ""settlement""}"
osm:relation:19672479,safe_new,အမှတ် (၂) (က) ရပ်ကွက်,အမှတ် (၂) (က) ရပ်ကွက်,quarter,quarter,settlement,16.93216355,96.1388273584623,80.00,bc4ae8ed162d5c27f4946a838ebbcaf1,"{""place"": ""quarter"", ""osm_id"": ""19672479"", ""raw_id"": 105956, ""raw_table"": ""raw_osm_polygons"", ""population"": null, ""external_id"": ""osm:relation:19672479"", ""region_code"": ""MM-YANGON"", ""osm_feature_type"": ""R"", ""snapshot_version"": ""osm_myanmar_2026_07_21_yangon_city_v1"", ""source_snapshot_id"": 9, ""source_classification"": ""settlement""}"
osm:relation:19672477,safe_new,တပ်မတော်စံပြ ရပ်ကွက်,တပ်မတော်စံပြ ရပ်ကွက်,quarter,quarter,settlement,16.93948875,96.13465865845033,80.00,f41a2d4c3db834730da5b57d66cd172f,"{""place"": ""quarter"", ""osm_id"": ""19672477"", ""raw_id"": 106749, ""raw_table"": ""raw_osm_polygons"", ""population"": null, ""external_id"": ""osm:relation:19672477"", ""region_code"": ""MM-YANGON"", ""osm_feature_type"": ""R"", ""snapshot_version"": ""osm_myanmar_2026_07_21_yangon_city_v1"", ""source_snapshot_id"": 9, ""source_classification"": ""settlement""}"
osm:relation:19672475,safe_new,ပေါက်ကုန်းရပ်ကွက်,ပေါက်ကုန်းရပ်ကွက်,quarter,quarter,settlement,16.9504491,96.14110614996855,80.00,1bea58c22bf2ed63e6ebe2946d6428e0,"{""place"": ""quarter"", ""osm_id"": ""19672475"", ""raw_id"": 107115, ""raw_table"": ""raw_osm_polygons"", ""population"": null, ""external_id"": ""osm:relation:19672475"", ""region_code"": ""MM-YANGON"", ""osm_feature_type"": ""R"", ""snapshot_version"": ""osm_myanmar_2026_07_21_yangon_city_v1"", ""source_snapshot_id"": 9, ""source_classification"": ""settlement""}"
osm:way:741166067,safe_new,၁၆ ရပ်ကွက်,၁၆ ရပ်ကွက်,quarter,quarter,settlement,16.9388844,96.17949957384243,80.00,67cf636719d5637256f3642aafb08b73,"{""place"": ""quarter"", ""osm_id"": ""741166067"", ""raw_id"": 107980, ""raw_table"": ""raw_osm_polygons"", ""population"": null, ""external_id"": ""osm:way:741166067"", ""region_code"": ""MM-YANGON"", ""osm_feature_type"": ""W"", ""snapshot_version"": ""osm_myanmar_2026_07_21_yangon_city_v1"", ""source_snapshot_id"": 9, ""source_classification"": ""settlement""}"
osm:way:740664410,safe_new,၁၅ ရပ်ကွက်,၁၅ ရပ်ကွက်,quarter,quarter,settlement,16.938495600000003,96.1882083711316,80.00,2e282db5381ae55f642931987a3fcc09,"{""place"": ""quarter"", ""osm_id"": ""740664410"", ""raw_id"": 108062, ""raw_table"": ""raw_osm_polygons"", ""population"": null, ""external_id"": ""osm:way:740664410"", ""region_code"": ""MM-YANGON"", ""osm_feature_type"": ""W"", ""snapshot_version"": ""osm_myanmar_2026_07_21_yangon_city_v1"", ""source_snapshot_id"": 9, ""source_classification"": ""settlement""}"
osm:way:741141224,safe_new,၁၁ ရပ်ကွက်,၁၁ ရပ်ကွက်,quarter,quarter,settlement,16.93874055,96.2049660717729,80.00,2c844b3247448cd98daafa7da21e88a4,"{""place"": ""quarter"", ""osm_id"": ""741141224"", ""raw_id"": 109293, ""raw_table"": ""raw_osm_polygons"", ""population"": null, ""external_id"": ""osm:way:741141224"", ""region_code"": ""MM-YANGON"", ""osm_feature_type"": ""W"", ""snapshot_version"": ""osm_myanmar_2026_07_21_yangon_city_v1"", ""source_snapshot_id"": 9, ""source_classification"": ""settlement""}"
osm:relation:19669434,safe_new,အမှတ် (၁၅၇) ရပ်ကွက်,အမှတ် (၁၅၇) ရပ်ကွက်,quarter,quarter,settlement,16.9420499,96.23773234349808,80.00,42272ca74cc241840945bb9e979e02d2,"{""place"": ""quarter"", ""osm_id"": ""19669434"", ""raw_id"": 109336, ""raw_table"": ""raw_osm_polygons"", ""population"": null, ""external_id"": ""osm:relation:19669434"", ""region_code"": ""MM-YANGON"", ""osm_feature_type"": ""R"", ""snapshot_version"": ""osm_myanmar_2026_07_21_yangon_city_v1"", ""source_snapshot_id"": 9, ""source_classification"": ""settlement""}"
osm:relation:19672550,safe_new,အမှတ် (၁၅) ရပ်ကွက်,အမှတ် (၁၅) ရပ်ကွက်,quarter,quarter,settlement,16.995664050000002,96.06712084481015,80.00,174660c6294b05c5f932f29a51b57c47,"{""place"": ""quarter"", ""osm_id"": ""19672550"", ""raw_id"": 110846, ""raw_table"": ""raw_osm_polygons"", ""population"": null, ""external_id"": ""osm:relation:19672550"", ""region_code"": ""MM-YANGON"", ""osm_feature_type"": ""R"", ""snapshot_version"": ""osm_myanmar_2026_07_21_yangon_city_v1"", ""source_snapshot_id"": 9, ""source_classification"": ""settlement""}"
osm:relation:19672551,safe_new,အမှတ် (၁၄) ရပ်ကွက်,အမှတ် (၁၄) ရပ်ကွက်,quarter,quarter,settlement,16.990966800000002,96.07072235631652,80.00,08de336cc2f99ad4767ed2f075d0c50c,"{""place"": ""quarter"", ""osm_id"": ""19672551"", ""raw_id"": 111156, ""raw_table"": ""raw_osm_polygons"", ""population"": null, ""external_id"": ""osm:relation:19672551"", ""region_code"": ""MM-YANGON"", ""osm_feature_type"": ""R"", ""snapshot_version"": ""osm_myanmar_2026_07_21_yangon_city_v1"", ""source_snapshot_id"": 9, ""source_classification"": ""settlement""}"
osm:relation:19672556,safe_new,အမှတ် (၈) ရပ်ကွက်,အမှတ် (၈) ရပ်ကွက်,quarter,quarter,settlement,16.97326325,96.07163105262154,80.00,b98aabcd263f06ed1a3db5e27d14c720,"{""place"": ""quarter"", ""osm_id"": ""19672556"", ""raw_id"": 112125, ""raw_table"": ""raw_osm_polygons"", ""population"": null, ""external_id"": ""osm:relation:19672556"", ""region_code"": ""MM-YANGON"", ""osm_feature_type"": ""R"", ""snapshot_version"": ""osm_myanmar_2026_07_21_yangon_city_v1"", ""source_snapshot_id"": 9, ""source_classification"": ""settlement""}"
osm:relation:19672555,safe_new,အမှတ် (၇) ရပ်ကွက်,အမှတ် (၇) ရပ်ကွက်,quarter,quarter,settlement,16.973621350000002,96.07970373255357,80.00,fc30610b3ec365abaf6fb9cae3ede56c,"{""place"": ""quarter"", ""osm_id"": ""19672555"", ""raw_id"": 116293, ""raw_table"": ""raw_osm_polygons"", ""population"": null, ""external_id"": ""osm:relation:19672555"", ""region_code"": ""MM-YANGON"", ""osm_feature_type"": ""R"", ""snapshot_version"": ""osm_myanmar_2026_07_21_yangon_city_v1"", ""source_snapshot_id"": 9, ""source_classification"": ""settlement""}"
osm:relation:19672474,safe_new,တောတိုက်ရပ်ကွက်,တောတိုက်ရပ်ကွက်,quarter,quarter,settlement,16.96021265,96.1150123292167,80.00,d538f28f1281ac51608337d7dcd92dd7,"{""place"": ""quarter"", ""osm_id"": ""19672474"", ""raw_id"": 116673, ""raw_table"": ""raw_osm_polygons"", ""population"": null, ""external_id"": ""osm:relation:19672474"", ""region_code"": ""MM-YANGON"", ""osm_feature_type"": ""R"", ""snapshot_version"": ""osm_myanmar_2026_07_21_yangon_city_v1"", ""source_snapshot_id"": 9, ""source_classification"": ""settlement""}"
osm:relation:19672476,safe_new,ပြည်တော်သာရပ်ကွက်,ပြည်တော်သာရပ်ကွက်,quarter,quarter,settlement,16.9506889,96.12150450028125,80.00,4a332b14dd7bf7180ba4e42c76cdc293,"{""place"": ""quarter"", ""osm_id"": ""19672476"", ""raw_id"": 116677, ""raw_table"": ""raw_osm_polygons"", ""population"": null, ""external_id"": ""osm:relation:19672476"", ""region_code"": ""MM-YANGON"", ""osm_feature_type"": ""R"", ""snapshot_version"": ""osm_myanmar_2026_07_21_yangon_city_v1"", ""source_snapshot_id"": 9, ""source_classification"": ""settlement""}"
osm:relation:19672567,safe_new,အမှတ် (၁၀) ရပ်ကွက်,အမှတ် (၁၀) ရပ်ကွက်,quarter,quarter,settlement,16.94724365,96.07825193358578,80.00,f97c911e94947200ab62ebc3d8899649,"{""place"": ""quarter"", ""osm_id"": ""19672567"", ""raw_id"": 116929, ""raw_table"": ""raw_osm_polygons"", ""population"": null, ""external_id"": ""osm:relation:19672567"", ""region_code"": ""MM-YANGON"", ""osm_feature_type"": ""R"", ""snapshot_version"": ""osm_myanmar_2026_07_21_yangon_city_v1"", ""source_snapshot_id"": 9, ""source_classification"": ""settlement""}"
osm:relation:19672566,safe_new,အမှတ် (၁၂) ရပ်ကွက်,အမှတ် (၁၂) ရပ်ကွက်,quarter,quarter,settlement,16.9490242,96.08685552486287,80.00,d6a934c00a919b3aae525845f9f4994c,"{""place"": ""quarter"", ""osm_id"": ""19672566"", ""raw_id"": 116936, ""raw_table"": ""raw_osm_polygons"", ""population"": null, ""external_id"": ""osm:relation:19672566"", ""region_code"": ""MM-YANGON"", ""osm_feature_type"": ""R"", ""snapshot_version"": ""osm_myanmar_2026_07_21_yangon_city_v1"", ""source_snapshot_id"": 9, ""source_classification"": ""settlement""}"
osm:relation:19672565,safe_new,အမှတ် (၁) ရပ်ကွက်,အမှတ် (၁) ရပ်ကွက်,quarter,quarter,settlement,16.9477806,96.09648346416066,80.00,8c90a1a920672edfbb8bef98fc279eb6,"{""place"": ""quarter"", ""osm_id"": ""19672565"", ""raw_id"": 116937, ""raw_table"": ""raw_osm_polygons"", ""population"": null, ""external_id"": ""osm:relation:19672565"", ""region_code"": ""MM-YANGON"", ""osm_feature_type"": ""R"", ""snapshot_version"": ""osm_myanmar_2026_07_21_yangon_city_v1"", ""source_snapshot_id"": 9, ""source_classification"": ""settlement""}"
osm:relation:19672568,safe_new,အမှတ် (၁၈) ရပ်ကွက်,အမှတ် (၁၈) ရပ်ကွက်,quarter,quarter,settlement,16.93873515,96.07164667679007,80.00,4f769dff5c396200ffadb7ae04926c08,"{""place"": ""quarter"", ""osm_id"": ""19672568"", ""raw_id"": 117030, ""raw_table"": ""raw_osm_polygons"", ""population"": null, ""external_id"": ""osm:relation:19672568"", ""region_code"": ""MM-YANGON"", ""osm_feature_type"": ""R"", ""snapshot_version"": ""osm_myanmar_2026_07_21_yangon_city_v1"", ""source_snapshot_id"": 9, ""source_classification"": ""settlement""}"
osm:relation:19672561,safe_new,အမှတ် (၂) ရပ်ကွက်,အမှတ် (၂) ရပ်ကွက်,quarter,quarter,settlement,16.959695850000003,96.09244744677358,80.00,b63ead69f5e3eb62bca366c2df7ce010,"{""place"": ""quarter"", ""osm_id"": ""19672561"", ""raw_id"": 117367, ""raw_table"": ""raw_osm_polygons"", ""population"": null, ""external_id"": ""osm:relation:19672561"", ""region_code"": ""MM-YANGON"", ""osm_feature_type"": ""R"", ""snapshot_version"": ""osm_myanmar_2026_07_21_yangon_city_v1"", ""source_snapshot_id"": 9, ""source_classification"": ""settlement""}"
osm:relation:19672462,safe_new,ထောက်ကြန့် (မြောက်ပိုင်း)ရပ်ကွက်,ထောက်ကြန့် (မြောက်ပိုင်း)ရပ်ကွက်,quarter,quarter,settlement,17.05464555,96.10894259340989,80.00,b63cd569ac9692e26f45e87cab4bacce,"{""place"": ""quarter"", ""osm_id"": ""19672462"", ""raw_id"": 123292, ""raw_table"": ""raw_osm_polygons"", ""population"": null, ""external_id"": ""osm:relation:19672462"", ""region_code"": ""MM-YANGON"", ""osm_feature_type"": ""R"", ""snapshot_version"": ""osm_myanmar_2026_07_21_yangon_city_v1"", ""source_snapshot_id"": 9, ""source_classification"": ""settlement""}"
osm:relation:19672562,safe_new,အမှတ် (၅) ရပ်ကွက်,အမှတ် (၅) ရပ်ကွက်,quarter,quarter,settlement,16.95726435,96.07946568335396,80.00,e869428ec7231730e20ec34aaa540883,"{""place"": ""quarter"", ""osm_id"": ""19672562"", ""raw_id"": 117369, ""raw_table"": ""raw_osm_polygons"", ""population"": null, ""external_id"": ""osm:relation:19672562"", ""region_code"": ""MM-YANGON"", ""osm_feature_type"": ""R"", ""snapshot_version"": ""osm_myanmar_2026_07_21_yangon_city_v1"", ""source_snapshot_id"": 9, ""source_classification"": ""settlement""}"
osm:relation:19672557,safe_new,အမှတ် (၁၉) ရပ်ကွက်,အမှတ် (၁၉) ရပ်ကွက်,quarter,quarter,settlement,16.961513500000002,96.0600788708887,80.00,ee7ed61dae8d4e32c9db3910d7726890,"{""place"": ""quarter"", ""osm_id"": ""19672557"", ""raw_id"": 120001, ""raw_table"": ""raw_osm_polygons"", ""population"": null, ""external_id"": ""osm:relation:19672557"", ""region_code"": ""MM-YANGON"", ""osm_feature_type"": ""R"", ""snapshot_version"": ""osm_myanmar_2026_07_21_yangon_city_v1"", ""source_snapshot_id"": 9, ""source_classification"": ""settlement""}"
osm:relation:19672549,safe_new,အမှတ် (၂၂) ရပ်ကွက်,အမှတ် (၂၂) ရပ်ကွက်,quarter,quarter,settlement,16.987111900000002,96.04284364910004,80.00,aac89cd89a28af955247f47d7d433ba9,"{""place"": ""quarter"", ""osm_id"": ""19672549"", ""raw_id"": 120999, ""raw_table"": ""raw_osm_polygons"", ""population"": null, ""external_id"": ""osm:relation:19672549"", ""region_code"": ""MM-YANGON"", ""osm_feature_type"": ""R"", ""snapshot_version"": ""osm_myanmar_2026_07_21_yangon_city_v1"", ""source_snapshot_id"": 9, ""source_classification"": ""settlement""}"
osm:relation:19672461,safe_new,ရဲစုတောင်ရပ်ကွက်,ရဲစုတောင်ရပ်ကွက်,quarter,quarter,settlement,17.0704029,96.13332075622003,80.00,b002d5e8b70fd2f9845b5fa160b8c4b1,"{""place"": ""quarter"", ""osm_id"": ""19672461"", ""raw_id"": 123623, ""raw_table"": ""raw_osm_polygons"", ""population"": null, ""external_id"": ""osm:relation:19672461"", ""region_code"": ""MM-YANGON"", ""osm_feature_type"": ""R"", ""snapshot_version"": ""osm_myanmar_2026_07_21_yangon_city_v1"", ""source_snapshot_id"": 9, ""source_classification"": ""settlement""}"
osm:relation:19672460,safe_new,ရွာမပိုင်းရပ်ကွက် (ထောက်ကြံ့ရွာမ),ရွာမပိုင်းရပ်ကွက် (ထောက်ကြံ့ရွာမ),quarter,quarter,settlement,17.0541718,96.16744913234515,80.00,4f93e6c970b1a6fa4e2bd7f0fb815e86,"{""place"": ""quarter"", ""osm_id"": ""19672460"", ""raw_id"": 123662, ""raw_table"": ""raw_osm_polygons"", ""population"": null, ""external_id"": ""osm:relation:19672460"", ""region_code"": ""MM-YANGON"", ""osm_feature_type"": ""R"", ""snapshot_version"": ""osm_myanmar_2026_07_21_yangon_city_v1"", ""source_snapshot_id"": 9, ""source_classification"": ""settlement""}"
osm:relation:19672464,safe_new,ဧကရာဇ်ရပ်ကွက်,ဧကရာဇ်ရပ်ကွက်,quarter,quarter,settlement,17.049079550000002,96.13803584849646,80.00,bba2ccd1638397718faca98b6cfbb41c,"{""place"": ""quarter"", ""osm_id"": ""19672464"", ""raw_id"": 124162, ""raw_table"": ""raw_osm_polygons"", ""population"": null, ""external_id"": ""osm:relation:19672464"", ""region_code"": ""MM-YANGON"", ""osm_feature_type"": ""R"", ""snapshot_version"": ""osm_myanmar_2026_07_21_yangon_city_v1"", ""source_snapshot_id"": 9, ""source_classification"": ""settlement""}"
osm:relation:19672469,safe_new,ပဲခူးလမ်းရပ်ကွက်,ပဲခူးလမ်းရပ်ကွက်,quarter,quarter,settlement,17.044332750000002,96.14012598008263,80.00,9b54d6eb0a3f8967e8d9f2df5daa1d45,"{""place"": ""quarter"", ""osm_id"": ""19672469"", ""raw_id"": 124270, ""raw_table"": ""raw_osm_polygons"", ""population"": null, ""external_id"": ""osm:relation:19672469"", ""region_code"": ""MM-YANGON"", ""osm_feature_type"": ""R"", ""snapshot_version"": ""osm_myanmar_2026_07_21_yangon_city_v1"", ""source_snapshot_id"": 9, ""source_classification"": ""settlement""}"
osm:relation:19672468,safe_new,ဈေးပိုင်းရပ်ကွက် (ထောက်ကြံ့ဈေး),ဈေးပိုင်းရပ်ကွက် (ထောက်ကြံ့ဈေး),quarter,quarter,settlement,17.0431329,96.13626139201658,80.00,081b7416c3919f770c122edb01eb52ef,"{""place"": ""quarter"", ""osm_id"": ""19672468"", ""raw_id"": 125701, ""raw_table"": ""raw_osm_polygons"", ""population"": null, ""external_id"": ""osm:relation:19672468"", ""region_code"": ""MM-YANGON"", ""osm_feature_type"": ""R"", ""snapshot_version"": ""osm_myanmar_2026_07_21_yangon_city_v1"", ""source_snapshot_id"": 9, ""source_classification"": ""settlement""}"
osm:node:26576175,safe_new,ရန်ကုန်,ရန်ကုန်,city,city,settlement,16.7967129,96.1609916,80.00,2738f6c776a2f9a0894888d193a4ccef,"{""place"": ""city"", ""osm_id"": ""26576175"", ""raw_id"": 11578, ""raw_table"": ""raw_osm_points"", ""population"": ""5160512"", ""external_id"": ""osm:node:26576175"", ""region_code"": ""MM-YANGON"", ""osm_feature_type"": ""N"", ""snapshot_version"": ""osm_myanmar_2026_07_21_yangon_city_v1"", ""source_snapshot_id"": 9, ""source_classification"": ""settlement""}"
osm:node:267340265,safe_new,Ngantaya,Ngantaya,village,village,settlement,16.7218014,96.1314706,80.00,a1cf7fc72eed2381c64310fbabdc1117,"{""place"": ""village"", ""osm_id"": ""267340265"", ""raw_id"": 563, ""raw_table"": ""raw_osm_points"", ""population"": null, ""external_id"": ""osm:node:267340265"", ""region_code"": ""MM-YANGON"", ""osm_feature_type"": ""N"", ""snapshot_version"": ""osm_myanmar_2026_07_21_yangon_city_v1"", ""source_snapshot_id"": 9, ""source_classification"": ""settlement""}"
osm:node:13111750817,safe_new,ဂွ,ဂွ,village,village,settlement,16.7322292,96.1406937,80.00,684fb2f9acacc56798cd59e666f1fc88,"{""place"": ""village"", ""osm_id"": ""13111750817"", ""raw_id"": 579, ""raw_table"": ""raw_osm_points"", ""population"": null, ""external_id"": ""osm:node:13111750817"", ""region_code"": ""MM-YANGON"", ""osm_feature_type"": ""N"", ""snapshot_version"": ""osm_myanmar_2026_07_21_yangon_city_v1"", ""source_snapshot_id"": 9, ""source_classification"": ""settlement""}"
osm:node:13229162418,safe_new,အမှတ် (၆) ရပ်ကွက်,အမှတ် (၆) ရပ်ကွက်,quarter,quarter,settlement,16.7409463,96.1591199,80.00,9b96d305fb814008882470ad7441c28c,"{""place"": ""quarter"", ""osm_id"": ""13229162418"", ""raw_id"": 614, ""raw_table"": ""raw_osm_points"", ""population"": null, ""external_id"": ""osm:node:13229162418"", ""region_code"": ""MM-YANGON"", ""osm_feature_type"": ""N"", ""snapshot_version"": ""osm_myanmar_2026_07_21_yangon_city_v1"", ""source_snapshot_id"": 9, ""source_classification"": ""settlement""}"
osm:node:13188057083,safe_new,သုံးခွ (အရှေ့ပိုင်း) ရပ်ကွက်,သုံးခွ (အရှေ့ပိုင်း) ရပ်ကွက်,quarter,quarter,settlement,16.9593772,96.2871522,80.00,98af931c6d80bdf9ef0f3c0fbe1ef7f8,"{""place"": ""quarter"", ""osm_id"": ""13188057083"", ""raw_id"": 691, ""raw_table"": ""raw_osm_points"", ""population"": null, ""external_id"": ""osm:node:13188057083"", ""region_code"": ""MM-YANGON"", ""osm_feature_type"": ""N"", ""snapshot_version"": ""osm_myanmar_2026_07_21_yangon_city_v1"", ""source_snapshot_id"": 9, ""source_classification"": ""settlement""}"
osm:node:13188057035,safe_new,တောင်တလုပ်ရပ်ကွက်,တောင်တလုပ်ရပ်ကွက်,quarter,quarter,settlement,16.9614373,96.268755,80.00,9c243845acaf2bd0bf8a391dd52c5a59,"{""place"": ""quarter"", ""osm_id"": ""13188057035"", ""raw_id"": 697, ""raw_table"": ""raw_osm_points"", ""population"": null, ""external_id"": ""osm:node:13188057035"", ""region_code"": ""MM-YANGON"", ""osm_feature_type"": ""N"", ""snapshot_version"": ""osm_myanmar_2026_07_21_yangon_city_v1"", ""source_snapshot_id"": 9, ""source_classification"": ""settlement""}"
osm:node:13113886277,safe_new,ဒလဘမ်း,ဒလဘမ်း,village,village,settlement,16.9435445,96.3604012,80.00,17307bd95365744eeebaf4bf815337b0,"{""place"": ""village"", ""osm_id"": ""13113886277"", ""raw_id"": 752, ""raw_table"": ""raw_osm_points"", ""population"": null, ""external_id"": ""osm:node:13113886277"", ""region_code"": ""MM-YANGON"", ""osm_feature_type"": ""N"", ""snapshot_version"": ""osm_myanmar_2026_07_21_yangon_city_v1"", ""source_snapshot_id"": 9, ""source_classification"": ""settlement""}"
osm:node:13188057082,safe_new,ရွာသာကြီး (အရှေ့ပိုင်း) ရပ်ကွက်,ရွာသာကြီး (အရှေ့ပိုင်း) ရပ်ကွက်,quarter,quarter,settlement,16.9315867,96.2647114,80.00,022fa710aee9bbc0cde59d770a9eae70,"{""place"": ""quarter"", ""osm_id"": ""13188057082"", ""raw_id"": 783, ""raw_table"": ""raw_osm_points"", ""population"": null, ""external_id"": ""osm:node:13188057082"", ""region_code"": ""MM-YANGON"", ""osm_feature_type"": ""N"", ""snapshot_version"": ""osm_myanmar_2026_07_21_yangon_city_v1"", ""source_snapshot_id"": 9, ""source_classification"": ""settlement""}"
osm:node:13185294671,safe_new,အမှတ် (၁၀၆) ရပ်ကွက်,အမှတ် (၁၀၆) ရပ်ကွက်,quarter,quarter,settlement,16.8848132,96.2606629,80.00,3edda4cdb6e4527d5b7b6524e5f6622a,"{""place"": ""quarter"", ""osm_id"": ""13185294671"", ""raw_id"": 843, ""raw_table"": ""raw_osm_points"", ""population"": null, ""external_id"": ""osm:node:13185294671"", ""region_code"": ""MM-YANGON"", ""osm_feature_type"": ""N"", ""snapshot_version"": ""osm_myanmar_2026_07_21_yangon_city_v1"", ""source_snapshot_id"": 9, ""source_classification"": ""settlement""}"
osm:node:13185294642,safe_new,အမှတ် (၁၀၇) ရပ်ကွက်,အမှတ် (၁၀၇) ရပ်ကွက်,quarter,quarter,settlement,16.8799719,96.2563996,80.00,061507cb41bb4f6df36fd0e746d25fa9,"{""place"": ""quarter"", ""osm_id"": ""13185294642"", ""raw_id"": 852, ""raw_table"": ""raw_osm_points"", ""population"": null, ""external_id"": ""osm:node:13185294642"", ""region_code"": ""MM-YANGON"", ""osm_feature_type"": ""N"", ""snapshot_version"": ""osm_myanmar_2026_07_21_yangon_city_v1"", ""source_snapshot_id"": 9, ""source_classification"": ""settlement""}"
osm:node:13185294638,safe_new,အမှတ် (၁၀၅) ရပ်ကွက်,အမှတ် (၁၀၅) ရပ်ကွက်,quarter,quarter,settlement,16.8779584,96.2693222,80.00,497775a202be8e405dfeea30489bbb5f,"{""place"": ""quarter"", ""osm_id"": ""13185294638"", ""raw_id"": 861, ""raw_table"": ""raw_osm_points"", ""population"": null, ""external_id"": ""osm:node:13185294638"", ""region_code"": ""MM-YANGON"", ""osm_feature_type"": ""N"", ""snapshot_version"": ""osm_myanmar_2026_07_21_yangon_city_v1"", ""source_snapshot_id"": 9, ""source_classification"": ""settlement""}"
osm:node:13188170387,safe_new,အမှတ် (၇၄) ရပ်ကွက်,အမှတ် (၇၄) ရပ်ကွက်,quarter,quarter,settlement,16.8138102,96.2593254,80.00,7e7608a459e1e2a7ef4b6255d24a682f,"{""place"": ""quarter"", ""osm_id"": ""13188170387"", ""raw_id"": 879, ""raw_table"": ""raw_osm_points"", ""population"": null, ""external_id"": ""osm:node:13188170387"", ""region_code"": ""MM-YANGON"", ""osm_feature_type"": ""N"", ""snapshot_version"": ""osm_myanmar_2026_07_21_yangon_city_v1"", ""source_snapshot_id"": 9, ""source_classification"": ""settlement""}"
osm:node:13188170355,safe_new,အမှတ် (၉၃) ရပ်ကွက်,အမှတ် (၉၃) ရပ်ကွက်,quarter,quarter,settlement,16.8212962,96.2718246,80.00,29b9e5af6198a231cceb0c7c47cc2b92,"{""place"": ""quarter"", ""osm_id"": ""13188170355"", ""raw_id"": 895, ""raw_table"": ""raw_osm_points"", ""population"": null, ""external_id"": ""osm:node:13188170355"", ""region_code"": ""MM-YANGON"", ""osm_feature_type"": ""N"", ""snapshot_version"": ""osm_myanmar_2026_07_21_yangon_city_v1"", ""source_snapshot_id"": 9, ""source_classification"": ""settlement""}"
osm:node:13188170363,safe_new,အမှတ် (၉၄) ရပ်ကွက်,အမှတ် (၉၄) ရပ်ကွက်,quarter,quarter,settlement,16.8243656,96.2661642,80.00,3b72b30ab77a209c1526041221985f1f,"{""place"": ""quarter"", ""osm_id"": ""13188170363"", ""raw_id"": 901, ""raw_table"": ""raw_osm_points"", ""population"": null, ""external_id"": ""osm:node:13188170363"", ""region_code"": ""MM-YANGON"", ""osm_feature_type"": ""N"", ""snapshot_version"": ""osm_myanmar_2026_07_21_yangon_city_v1"", ""source_snapshot_id"": 9, ""source_classification"": ""settlement""}"
osm:node:13188170384,safe_new,အမှတ် (၇၆) ရပ်ကွက်,အမှတ် (၇၆) ရပ်ကွက်,quarter,quarter,settlement,16.8215314,96.2536971,80.00,6fa034d5a5f14a11107b3293701ac0be,"{""place"": ""quarter"", ""osm_id"": ""13188170384"", ""raw_id"": 938, ""raw_table"": ""raw_osm_points"", ""population"": null, ""external_id"": ""osm:node:13188170384"", ""region_code"": ""MM-YANGON"", ""osm_feature_type"": ""N"", ""snapshot_version"": ""osm_myanmar_2026_07_21_yangon_city_v1"", ""source_snapshot_id"": 9, ""source_classification"": ""settlement""}"
osm:node:13188170371,safe_new,အမှတ် (၉၁) ရပ်ကွက်,အမှတ် (၉၁) ရပ်ကွက်,quarter,quarter,settlement,16.8351408,96.2715574,80.00,8b19e46c05d2c0aeff21a45410b51403,"{""place"": ""quarter"", ""osm_id"": ""13188170371"", ""raw_id"": 979, ""raw_table"": ""raw_osm_points"", ""population"": null, ""external_id"": ""osm:node:13188170371"", ""region_code"": ""MM-YANGON"", ""osm_feature_type"": ""N"", ""snapshot_version"": ""osm_myanmar_2026_07_21_yangon_city_v1"", ""source_snapshot_id"": 9, ""source_classification"": ""settlement""}"
osm:node:13188170381,safe_new,အမှတ် (၉၂) ရပ်ကွက်,အမှတ် (၉၂) ရပ်ကွက်,quarter,quarter,settlement,16.8286365,96.2729825,80.00,4de5d527557fcfdcd9554987734b775c,"{""place"": ""quarter"", ""osm_id"": ""13188170381"", ""raw_id"": 990, ""raw_table"": ""raw_osm_points"", ""population"": null, ""external_id"": ""osm:node:13188170381"", ""region_code"": ""MM-YANGON"", ""osm_feature_type"": ""N"", ""snapshot_version"": ""osm_myanmar_2026_07_21_yangon_city_v1"", ""source_snapshot_id"": 9, ""source_classification"": ""settlement""}"
osm:node:13188170380,safe_new,အမှတ် (၉၈) ရပ်ကွက်,အမှတ် (၉၈) ရပ်ကွက်,quarter,quarter,settlement,16.8413209,96.2997204,80.00,aea85c121ac3cf40432dbc337cd5a4c6,"{""place"": ""quarter"", ""osm_id"": ""13188170380"", ""raw_id"": 1003, ""raw_table"": ""raw_osm_points"", ""population"": null, ""external_id"": ""osm:node:13188170380"", ""region_code"": ""MM-YANGON"", ""osm_feature_type"": ""N"", ""snapshot_version"": ""osm_myanmar_2026_07_21_yangon_city_v1"", ""source_snapshot_id"": 9, ""source_classification"": ""settlement""}"
osm:node:13188170372,safe_new,အမှတ် (၁၆၈) ရပ်ကွက်,အမှတ် (၁၆၈) ရပ်ကွက်,quarter,quarter,settlement,16.8671489,96.285687,80.00,190ffdf449be6b130313867d84bdade2,"{""place"": ""quarter"", ""osm_id"": ""13188170372"", ""raw_id"": 1006, ""raw_table"": ""raw_osm_points"", ""population"": null, ""external_id"": ""osm:node:13188170372"", ""region_code"": ""MM-YANGON"", ""osm_feature_type"": ""N"", ""snapshot_version"": ""osm_myanmar_2026_07_21_yangon_city_v1"", ""source_snapshot_id"": 9, ""source_classification"": ""settlement""}"
osm:node:13188170365,safe_new,အမှတ် (၈၉) ရပ်ကွက်,အမှတ် (၈၉) ရပ်ကွက်,quarter,quarter,settlement,16.848758,96.2796131,80.00,c1b3a83b458b80e461d92bd517d98a3d,"{""place"": ""quarter"", ""osm_id"": ""13188170365"", ""raw_id"": 1031, ""raw_table"": ""raw_osm_points"", ""population"": null, ""external_id"": ""osm:node:13188170365"", ""region_code"": ""MM-YANGON"", ""osm_feature_type"": ""N"", ""snapshot_version"": ""osm_myanmar_2026_07_21_yangon_city_v1"", ""source_snapshot_id"": 9, ""source_classification"": ""settlement""}"
osm:node:3880753213,safe_new,ဒဂုံဆိပ်ကမ်း,ဒဂုံဆိပ်ကမ်း,suburb,suburb,settlement,16.8457159,96.275932,80.00,ed048092d33782fd21bd33eef98c2fa2,"{""place"": ""suburb"", ""osm_id"": ""3880753213"", ""raw_id"": 1037, ""raw_table"": ""raw_osm_points"", ""population"": null, ""external_id"": ""osm:node:3880753213"", ""region_code"": ""MM-YANGON"", ""osm_feature_type"": ""N"", ""snapshot_version"": ""osm_myanmar_2026_07_21_yangon_city_v1"", ""source_snapshot_id"": 9, ""source_classification"": ""settlement""}"
osm:node:13188170359,safe_new,အမှတ် (၆၈) ရပ်ကွက်,အမှတ် (၆၈) ရပ်ကွက်,quarter,quarter,settlement,16.8500295,96.2536069,80.00,824837d4387688494be33889abca162e,"{""place"": ""quarter"", ""osm_id"": ""13188170359"", ""raw_id"": 1056, ""raw_table"": ""raw_osm_points"", ""population"": null, ""external_id"": ""osm:node:13188170359"", ""region_code"": ""MM-YANGON"", ""osm_feature_type"": ""N"", ""snapshot_version"": ""osm_myanmar_2026_07_21_yangon_city_v1"", ""source_snapshot_id"": 9, ""source_classification"": ""settlement""}"
osm:node:13185294654,safe_new,အမှတ် (၇၀) ရပ်ကွက်,အမှတ် (၇၀) ရပ်ကွက်,quarter,quarter,settlement,16.8657657,96.2589354,80.00,3dbe85e9818a5beebff60b5bf17fec08,"{""place"": ""quarter"", ""osm_id"": ""13185294654"", ""raw_id"": 1071, ""raw_table"": ""raw_osm_points"", ""population"": null, ""external_id"": ""osm:node:13185294654"", ""region_code"": ""MM-YANGON"", ""osm_feature_type"": ""N"", ""snapshot_version"": ""osm_myanmar_2026_07_21_yangon_city_v1"", ""source_snapshot_id"": 9, ""source_classification"": ""settlement""}"
osm:node:13185294651,safe_new,အမှတ် (၁၀၄) ရပ်ကွက်,အမှတ် (၁၀၄) ရပ်ကွက်,quarter,quarter,settlement,16.8722153,96.2642209,80.00,6c0f76a91a209e9217213c24feb99492,"{""place"": ""quarter"", ""osm_id"": ""13185294651"", ""raw_id"": 1089, ""raw_table"": ""raw_osm_points"", ""population"": null, ""external_id"": ""osm:node:13185294651"", ""region_code"": ""MM-YANGON"", ""osm_feature_type"": ""N"", ""snapshot_version"": ""osm_myanmar_2026_07_21_yangon_city_v1"", ""source_snapshot_id"": 9, ""source_classification"": ""settlement""}"
osm:node:13185294662,safe_new,အမှတ် (၇၁) ရပ်ကွက်,အမှတ် (၇၁) ရပ်ကွက်,quarter,quarter,settlement,16.8725997,96.2530966,80.00,8ca15c71ee51974e04255db3f5fb7088,"{""place"": ""quarter"", ""osm_id"": ""13185294662"", ""raw_id"": 1107, ""raw_table"": ""raw_osm_points"", ""population"": null, ""external_id"": ""osm:node:13185294662"", ""region_code"": ""MM-YANGON"", ""osm_feature_type"": ""N"", ""snapshot_version"": ""osm_myanmar_2026_07_21_yangon_city_v1"", ""source_snapshot_id"": 9, ""source_classification"": ""settlement""}"
osm:node:13185291963,safe_new,အမှတ် (၅၃) ရပ်ကွက်,အမှတ် (၅၃) ရပ်ကွက်,quarter,quarter,settlement,16.8689761,96.2426143,80.00,2a8abe861a26f5bae4c56ddd0ec3580d,"{""place"": ""quarter"", ""osm_id"": ""13185291963"", ""raw_id"": 1119, ""raw_table"": ""raw_osm_points"", ""population"": null, ""external_id"": ""osm:node:13185291963"", ""region_code"": ""MM-YANGON"", ""osm_feature_type"": ""N"", ""snapshot_version"": ""osm_myanmar_2026_07_21_yangon_city_v1"", ""source_snapshot_id"": 9, ""source_classification"": ""settlement""}"
osm:node:13185294639,safe_new,အမှတ် (၁၇) (တောင်ပိုင်း)ရပ်ကွက်,အမှတ် (၁၇) (တောင်ပိုင်း)ရပ်ကွက်,quarter,quarter,settlement,16.8709169,96.2311707,80.00,2ba9bf20db3741d3b533ae2ea054fcb2,"{""place"": ""quarter"", ""osm_id"": ""13185294639"", ""raw_id"": 1151, ""raw_table"": ""raw_osm_points"", ""population"": null, ""external_id"": ""osm:node:13185294639"", ""region_code"": ""MM-YANGON"", ""osm_feature_type"": ""N"", ""snapshot_version"": ""osm_myanmar_2026_07_21_yangon_city_v1"", ""source_snapshot_id"": 9, ""source_classification"": ""settlement""}"
osm:node:13185294650,safe_new,အမှတ် (၅၄) ရပ်ကွက်,အမှတ် (၅၄) ရပ်ကွက်,quarter,quarter,settlement,16.8638644,96.237866,80.00,706b629c2ac21c2f61433b00bffb7918,"{""place"": ""quarter"", ""osm_id"": ""13185294650"", ""raw_id"": 1175, ""raw_table"": ""raw_osm_points"", ""population"": null, ""external_id"": ""osm:node:13185294650"", ""region_code"": ""MM-YANGON"", ""osm_feature_type"": ""N"", ""snapshot_version"": ""osm_myanmar_2026_07_21_yangon_city_v1"", ""source_snapshot_id"": 9, ""source_classification"": ""settlement""}"
osm:node:13185294647,safe_new,အမှတ် (၅၇) ရပ်ကွက်,အမှတ် (၅၇) ရပ်ကွက်,quarter,quarter,settlement,16.866048,96.2475567,80.00,19a115f732ff682394c880f50f6cf2ef,"{""place"": ""quarter"", ""osm_id"": ""13185294647"", ""raw_id"": 1179, ""raw_table"": ""raw_osm_points"", ""population"": null, ""external_id"": ""osm:node:13185294647"", ""region_code"": ""MM-YANGON"", ""osm_feature_type"": ""N"", ""snapshot_version"": ""osm_myanmar_2026_07_21_yangon_city_v1"", ""source_snapshot_id"": 9, ""source_classification"": ""settlement""}"
osm:node:13185294641,safe_new,အမှတ် (၅၅) ရပ်ကွက်,အမှတ် (၅၅) ရပ်ကွက်,quarter,quarter,settlement,16.8560228,96.2462984,80.00,a747ccef4d490acd164bc6772f56c4ad,"{""place"": ""quarter"", ""osm_id"": ""13185294641"", ""raw_id"": 1194, ""raw_table"": ""raw_osm_points"", ""population"": null, ""external_id"": ""osm:node:13185294641"", ""region_code"": ""MM-YANGON"", ""osm_feature_type"": ""N"", ""snapshot_version"": ""osm_myanmar_2026_07_21_yangon_city_v1"", ""source_snapshot_id"": 9, ""source_classification"": ""settlement""}"
osm:node:3880753214,safe_new,ဒဂုံမြို့သစ်တောင်ပိုင်း,ဒဂုံမြို့သစ်တောင်ပိုင်း,suburb,suburb,settlement,16.851808,96.2367562,80.00,dc6698df8adc886a75a424245ddf6bdb,"{""place"": ""suburb"", ""osm_id"": ""3880753214"", ""raw_id"": 1216, ""raw_table"": ""raw_osm_points"", ""population"": null, ""external_id"": ""osm:node:3880753214"", ""region_code"": ""MM-YANGON"", ""osm_feature_type"": ""N"", ""snapshot_version"": ""osm_myanmar_2026_07_21_yangon_city_v1"", ""source_snapshot_id"": 9, ""source_classification"": ""settlement""}"
osm:node:13185291964,safe_new,အမှတ် (၂၀) ရပ်ကွက်,အမှတ် (၂၀) ရပ်ကွက်,quarter,quarter,settlement,16.8492723,96.2409225,80.00,614beb5f35721a05e0a35e3425f8f7b3,"{""place"": ""quarter"", ""osm_id"": ""13185291964"", ""raw_id"": 1264, ""raw_table"": ""raw_osm_points"", ""population"": null, ""external_id"": ""osm:node:13185291964"", ""region_code"": ""MM-YANGON"", ""osm_feature_type"": ""N"", ""snapshot_version"": ""osm_myanmar_2026_07_21_yangon_city_v1"", ""source_snapshot_id"": 9, ""source_classification"": ""settlement""}"
osm:node:13185294657,safe_new,အမှတ် (၂၄) ရပ်ကွက်,အမှတ် (၂၄) ရပ်ကွက်,quarter,quarter,settlement,16.8472141,96.2297563,80.00,dd655d57484952eaa9661f7aeeb32413,"{""place"": ""quarter"", ""osm_id"": ""13185294657"", ""raw_id"": 1297, ""raw_table"": ""raw_osm_points"", ""population"": null, ""external_id"": ""osm:node:13185294657"", ""region_code"": ""MM-YANGON"", ""osm_feature_type"": ""N"", ""snapshot_version"": ""osm_myanmar_2026_07_21_yangon_city_v1"", ""source_snapshot_id"": 9, ""source_classification"": ""settlement""}"
osm:node:13185294644,safe_new,အမှတ် (၂၅) ရပ်ကွက်,အမှတ် (၂၅) ရပ်ကွက်,quarter,quarter,settlement,16.8512249,96.2249373,80.00,aa94ec2f39571a34b31fb3f7f2b7e139,"{""place"": ""quarter"", ""osm_id"": ""13185294644"", ""raw_id"": 1321, ""raw_table"": ""raw_osm_points"", ""population"": null, ""external_id"": ""osm:node:13185294644"", ""region_code"": ""MM-YANGON"", ""osm_feature_type"": ""N"", ""snapshot_version"": ""osm_myanmar_2026_07_21_yangon_city_v1"", ""source_snapshot_id"": 9, ""source_classification"": ""settlement""}"
osm:node:13185294635,safe_new,အမှတ် (၁၈) ရပ်ကွက်,အမှတ် (၁၈) ရပ်ကွက်,quarter,quarter,settlement,16.8583994,96.2291995,80.00,7d0e691d59da722e2e7764c4a0267f5c,"{""place"": ""quarter"", ""osm_id"": ""13185294635"", ""raw_id"": 1340, ""raw_table"": ""raw_osm_points"", ""population"": null, ""external_id"": ""osm:node:13185294635"", ""region_code"": ""MM-YANGON"", ""osm_feature_type"": ""N"", ""snapshot_version"": ""osm_myanmar_2026_07_21_yangon_city_v1"", ""source_snapshot_id"": 9, ""source_classification"": ""settlement""}"
osm:node:13185333761,safe_new,၂၇ ရပ်ကွက်,၂၇ ရပ်ကွက်,quarter,quarter,settlement,16.8571881,96.2054991,80.00,053f4b8e84fb35187bf2acd8acd691c9,"{""place"": ""quarter"", ""osm_id"": ""13185333761"", ""raw_id"": 1373, ""raw_table"": ""raw_osm_points"", ""population"": null, ""external_id"": ""osm:node:13185333761"", ""region_code"": ""MM-YANGON"", ""osm_feature_type"": ""N"", ""snapshot_version"": ""osm_myanmar_2026_07_21_yangon_city_v1"", ""source_snapshot_id"": 9, ""source_classification"": ""settlement""}"
osm:node:13185294655,safe_new,အမှတ် (၂၆) ရပ်ကွက်,အမှတ် (၂၆) ရပ်ကွက်,quarter,quarter,settlement,16.8512787,96.217623,80.00,3fe7630614b2b41ecea51c8ad91e264c,"{""place"": ""quarter"", ""osm_id"": ""13185294655"", ""raw_id"": 1404, ""raw_table"": ""raw_osm_points"", ""population"": null, ""external_id"": ""osm:node:13185294655"", ""region_code"": ""MM-YANGON"", ""osm_feature_type"": ""N"", ""snapshot_version"": ""osm_myanmar_2026_07_21_yangon_city_v1"", ""source_snapshot_id"": 9, ""source_classification"": ""settlement""}"
osm:node:13182734279,safe_new,စံပြရပ်ကွက်,စံပြရပ်ကွက်,quarter,quarter,settlement,16.8469551,96.2039524,80.00,93ae71951ed502ed93119e17ecdc46be,"{""place"": ""quarter"", ""osm_id"": ""13182734279"", ""raw_id"": 1430, ""raw_table"": ""raw_osm_points"", ""population"": null, ""external_id"": ""osm:node:13182734279"", ""region_code"": ""MM-YANGON"", ""osm_feature_type"": ""N"", ""snapshot_version"": ""osm_myanmar_2026_07_21_yangon_city_v1"", ""source_snapshot_id"": 9, ""source_classification"": ""settlement""}"
osm:node:13182426990,safe_new,၁၃ ရပ်ကွက်,၁၃ ရပ်ကွက်,quarter,quarter,settlement,16.8450107,96.1941669,80.00,0785bbdd64754f0116a7b610203bdbc4,"{""place"": ""quarter"", ""osm_id"": ""13182426990"", ""raw_id"": 1483, ""raw_table"": ""raw_osm_points"", ""population"": null, ""external_id"": ""osm:node:13182426990"", ""region_code"": ""MM-YANGON"", ""osm_feature_type"": ""N"", ""snapshot_version"": ""osm_myanmar_2026_07_21_yangon_city_v1"", ""source_snapshot_id"": 9, ""source_classification"": ""settlement""}"
osm:node:13875311811,safe_new,၁၄/၂ ရပ်ကွက်,၁၄/၂ ရပ်ကွက်,quarter,quarter,settlement,16.8518865,96.1904533,80.00,4acd8d17ce47cd4db1dff2d957f296f9,"{""place"": ""quarter"", ""osm_id"": ""13875311811"", ""raw_id"": 1548, ""raw_table"": ""raw_osm_points"", ""population"": null, ""external_id"": ""osm:node:13875311811"", ""region_code"": ""MM-YANGON"", ""osm_feature_type"": ""N"", ""snapshot_version"": ""osm_myanmar_2026_07_21_yangon_city_v1"", ""source_snapshot_id"": 9, ""source_classification"": ""settlement""}"
osm:node:13185333760,safe_new,၃၃ ရပ်ကွက်,၃၃ ရပ်ကွက်,quarter,quarter,settlement,16.8585573,96.1914209,80.00,564e09967c52aa4b495404e37591a0d9,"{""place"": ""quarter"", ""osm_id"": ""13185333760"", ""raw_id"": 1575, ""raw_table"": ""raw_osm_points"", ""population"": null, ""external_id"": ""osm:node:13185333760"", ""region_code"": ""MM-YANGON"", ""osm_feature_type"": ""N"", ""snapshot_version"": ""osm_myanmar_2026_07_21_yangon_city_v1"", ""source_snapshot_id"": 9, ""source_classification"": ""settlement""}"
osm:node:13185333759,safe_new,၃၂ ရပ်ကွက်,၃၂ ရပ်ကွက်,quarter,quarter,settlement,16.8655794,96.191386,80.00,000b950e3517ae66781ac05b68d2bc92,"{""place"": ""quarter"", ""osm_id"": ""13185333759"", ""raw_id"": 1621, ""raw_table"": ""raw_osm_points"", ""population"": null, ""external_id"": ""osm:node:13185333759"", ""region_code"": ""MM-YANGON"", ""osm_feature_type"": ""N"", ""snapshot_version"": ""osm_myanmar_2026_07_21_yangon_city_v1"", ""source_snapshot_id"": 9, ""source_classification"": ""settlement""}"
osm:node:13185333748,safe_new,၃၁ ရပ်ကွက်,၃၁ ရပ်ကွက်,quarter,quarter,settlement,16.8643343,96.1998396,80.00,23bbb5fd3402650ed5b0c16f03ebe165,"{""place"": ""quarter"", ""osm_id"": ""13185333748"", ""raw_id"": 1634, ""raw_table"": ""raw_osm_points"", ""population"": null, ""external_id"": ""osm:node:13185333748"", ""region_code"": ""MM-YANGON"", ""osm_feature_type"": ""N"", ""snapshot_version"": ""osm_myanmar_2026_07_21_yangon_city_v1"", ""source_snapshot_id"": 9, ""source_classification"": ""settlement""}"
osm:node:13185333741,safe_new,၂၈ ရပ်ကွက်,၂၈ ရပ်ကွက်,quarter,quarter,settlement,16.8650634,96.205951,80.00,eb4156b4a3a892e8ecbf3a199f6ec452,"{""place"": ""quarter"", ""osm_id"": ""13185333741"", ""raw_id"": 1705, ""raw_table"": ""raw_osm_points"", ""population"": null, ""external_id"": ""osm:node:13185333741"", ""region_code"": ""MM-YANGON"", ""osm_feature_type"": ""N"", ""snapshot_version"": ""osm_myanmar_2026_07_21_yangon_city_v1"", ""source_snapshot_id"": 9, ""source_classification"": ""settlement""}"
osm:node:13185333762,safe_new,၁၆ ရပ်ကွက်,၁၆ ရပ်ကွက်,quarter,quarter,settlement,16.8720623,96.212904,80.00,1e425011d52f8aa4635106be0b066763,"{""place"": ""quarter"", ""osm_id"": ""13185333762"", ""raw_id"": 1714, ""raw_table"": ""raw_osm_points"", ""population"": null, ""external_id"": ""osm:node:13185333762"", ""region_code"": ""MM-YANGON"", ""osm_feature_type"": ""N"", ""snapshot_version"": ""osm_myanmar_2026_07_21_yangon_city_v1"", ""source_snapshot_id"": 9, ""source_classification"": ""settlement""}"
osm:node:13185333749,safe_new,၃၀ ရပ်ကွက်,၃၀ ရပ်ကွက်,quarter,quarter,settlement,16.8703911,96.1977695,80.00,e9221f4b2df5ccc9be8eccd288b89fee,"{""place"": ""quarter"", ""osm_id"": ""13185333749"", ""raw_id"": 1750, ""raw_table"": ""raw_osm_points"", ""population"": null, ""external_id"": ""osm:node:13185333749"", ""region_code"": ""MM-YANGON"", ""osm_feature_type"": ""N"", ""snapshot_version"": ""osm_myanmar_2026_07_21_yangon_city_v1"", ""source_snapshot_id"": 9, ""source_classification"": ""settlement""}"
osm:node:3880817845,safe_new,ဒဂုံမြို့သစ်မြောက်ပိုင်း,ဒဂုံမြို့သစ်မြောက်ပိုင်း,suburb,suburb,settlement,16.8719395,96.1921582,80.00,f580d50e36e19496906459435750a3ea,"{""place"": ""suburb"", ""osm_id"": ""3880817845"", ""raw_id"": 1776, ""raw_table"": ""raw_osm_points"", ""population"": null, ""external_id"": ""osm:node:3880817845"", ""region_code"": ""MM-YANGON"", ""osm_feature_type"": ""N"", ""snapshot_version"": ""osm_myanmar_2026_07_21_yangon_city_v1"", ""source_snapshot_id"": 9, ""source_classification"": ""settlement""}"
osm:node:13185333753,safe_new,၃၅ ရပ်ကွက်,၃၅ ရပ်ကွက်,quarter,quarter,settlement,16.8732827,96.1881004,80.00,f1b25cb359b29f7647368541c0a6c992,"{""place"": ""quarter"", ""osm_id"": ""13185333753"", ""raw_id"": 1789, ""raw_table"": ""raw_osm_points"", ""population"": null, ""external_id"": ""osm:node:13185333753"", ""region_code"": ""MM-YANGON"", ""osm_feature_type"": ""N"", ""snapshot_version"": ""osm_myanmar_2026_07_21_yangon_city_v1"", ""source_snapshot_id"": 9, ""source_classification"": ""settlement""}"
osm:node:13185333754,safe_new,၃၄ ရပ်ကွက်,၃၄ ရပ်ကွက်,quarter,quarter,settlement,16.8697037,96.1811617,80.00,7de53e46ac750e4011327612e507a213,"{""place"": ""quarter"", ""osm_id"": ""13185333754"", ""raw_id"": 1827, ""raw_table"": ""raw_osm_points"", ""population"": null, ""external_id"": ""osm:node:13185333754"", ""region_code"": ""MM-YANGON"", ""osm_feature_type"": ""N"", ""snapshot_version"": ""osm_myanmar_2026_07_21_yangon_city_v1"", ""source_snapshot_id"": 9, ""source_classification"": ""settlement""}"
osm:node:13180077910,safe_new,အမှတ် (၉) ရပ်ကွက် (ရေကူး),အမှတ် (၉) ရပ်ကွက် (ရေကူး),quarter,quarter,settlement,16.8660121,96.1725015,80.00,53c4ad71b87806adefb42f31f744cd25,"{""place"": ""quarter"", ""osm_id"": ""13180077910"", ""raw_id"": 1927, ""raw_table"": ""raw_osm_points"", ""population"": null, ""external_id"": ""osm:node:13180077910"", ""region_code"": ""MM-YANGON"", ""osm_feature_type"": ""N"", ""snapshot_version"": ""osm_myanmar_2026_07_21_yangon_city_v1"", ""source_snapshot_id"": 9, ""source_classification"": ""settlement""}"
osm:node:13180077909,safe_new,အမှတ် (၈) ရပ်ကွက် (ကမ္ဘာအေးစံပြ),အမှတ် (၈) ရပ်ကွက် (ကမ္ဘာအေးစံပြ),quarter,quarter,settlement,16.8665762,96.160389,80.00,199ae1debd11da844ccae913fa39d7d1,"{""place"": ""quarter"", ""osm_id"": ""13180077909"", ""raw_id"": 1976, ""raw_table"": ""raw_osm_points"", ""population"": null, ""external_id"": ""osm:node:13180077909"", ""region_code"": ""MM-YANGON"", ""osm_feature_type"": ""N"", ""snapshot_version"": ""osm_myanmar_2026_07_21_yangon_city_v1"", ""source_snapshot_id"": 9, ""source_classification"": ""settlement""}"
osm:node:13185333736,safe_new,အမှတ် (၄၁) တိုးချဲ့ရပ်ကွက်,အမှတ် (၄၁) တိုးချဲ့ရပ်ကွက်,quarter,quarter,settlement,16.8748785,96.1688117,80.00,1e6d96f58f2e02b66e1cf1ff512c240b,"{""place"": ""quarter"", ""osm_id"": ""13185333736"", ""raw_id"": 1992, ""raw_table"": ""raw_osm_points"", ""population"": null, ""external_id"": ""osm:node:13185333736"", ""region_code"": ""MM-YANGON"", ""osm_feature_type"": ""N"", ""snapshot_version"": ""osm_myanmar_2026_07_21_yangon_city_v1"", ""source_snapshot_id"": 9, ""source_classification"": ""settlement""}"
osm:node:13180077915,safe_new,အမှတ် (၄) ရပ်ကွက် (ကျိုက်ဝိုင်းလေး),အမှတ် (၄) ရပ်ကွက် (ကျိုက်ဝိုင်းလေး),quarter,quarter,settlement,16.8739585,96.1343107,80.00,10ed82a81f67b481d6385d7ae8baa8a8,"{""place"": ""quarter"", ""osm_id"": ""13180077915"", ""raw_id"": 2078, ""raw_table"": ""raw_osm_points"", ""population"": null, ""external_id"": ""osm:node:13180077915"", ""region_code"": ""MM-YANGON"", ""osm_feature_type"": ""N"", ""snapshot_version"": ""osm_myanmar_2026_07_21_yangon_city_v1"", ""source_snapshot_id"": 9, ""source_classification"": ""settlement""}"
osm:node:13180077911,safe_new,အမှတ် (၃) ရပ်ကွက် (ကျိုက်ဝိုင်းကြီး),အမှတ် (၃) ရပ်ကွက် (ကျိုက်ဝိုင်းကြီး),quarter,quarter,settlement,16.8690415,96.1256042,80.00,7557f118d05930578a09211792538936,"{""place"": ""quarter"", ""osm_id"": ""13180077911"", ""raw_id"": 2089, ""raw_table"": ""raw_osm_points"", ""population"": null, ""external_id"": ""osm:node:13180077911"", ""region_code"": ""MM-YANGON"", ""osm_feature_type"": ""N"", ""snapshot_version"": ""osm_myanmar_2026_07_21_yangon_city_v1"", ""source_snapshot_id"": 9, ""source_classification"": ""settlement""}"
osm:node:13180077912,safe_new,အမှတ် (၆) ရပ်ကွက် (ဉာဏစာဂီ),အမှတ် (၆) ရပ်ကွက် (ဉာဏစာဂီ),quarter,quarter,settlement,16.8610605,96.1373213,80.00,7c9f8994c95ce8f9698f88e59f83c1dd,"{""place"": ""quarter"", ""osm_id"": ""13180077912"", ""raw_id"": 2175, ""raw_table"": ""raw_osm_points"", ""population"": null, ""external_id"": ""osm:node:13180077912"", ""region_code"": ""MM-YANGON"", ""osm_feature_type"": ""N"", ""snapshot_version"": ""osm_myanmar_2026_07_21_yangon_city_v1"", ""source_snapshot_id"": 9, ""source_classification"": ""settlement""}"
osm:node:13180077917,safe_new,အမှတ် (၇) ရပ်ကွက်(ရွာတန်းရှည်),အမှတ် (၇) ရပ်ကွက်(ရွာတန်းရှည်),quarter,quarter,settlement,16.8604552,96.1488474,80.00,47a4b8119789c1ecd9db28e6723ea3e4,"{""place"": ""quarter"", ""osm_id"": ""13180077917"", ""raw_id"": 2278, ""raw_table"": ""raw_osm_points"", ""population"": null, ""external_id"": ""osm:node:13180077917"", ""region_code"": ""MM-YANGON"", ""osm_feature_type"": ""N"", ""snapshot_version"": ""osm_myanmar_2026_07_21_yangon_city_v1"", ""source_snapshot_id"": 9, ""source_classification"": ""settlement""}"
osm:node:13179733878,safe_new,အမှတ် (၁၂) ရပ်ကွက်,အမှတ် (၁၂) ရပ်ကွက်,quarter,quarter,settlement,16.8539897,96.1302349,80.00,fa4385ef8c9cb439eb4b79b6e8a55320,"{""place"": ""quarter"", ""osm_id"": ""13179733878"", ""raw_id"": 2550, ""raw_table"": ""raw_osm_points"", ""population"": null, ""external_id"": ""osm:node:13179733878"", ""region_code"": ""MM-YANGON"", ""osm_feature_type"": ""N"", ""snapshot_version"": ""osm_myanmar_2026_07_21_yangon_city_v1"", ""source_snapshot_id"": 9, ""source_classification"": ""settlement""}"
osm:node:13179733881,safe_new,အမှတ် (၁၁) ရပ်ကွက်,အမှတ် (၁၁) ရပ်ကွက်,quarter,quarter,settlement,16.8450415,96.1340912,80.00,d0691eca48c16ef5daede461be61503a,"{""place"": ""quarter"", ""osm_id"": ""13179733881"", ""raw_id"": 2723, ""raw_table"": ""raw_osm_points"", ""population"": null, ""external_id"": ""osm:node:13179733881"", ""region_code"": ""MM-YANGON"", ""osm_feature_type"": ""N"", ""snapshot_version"": ""osm_myanmar_2026_07_21_yangon_city_v1"", ""source_snapshot_id"": 9, ""source_classification"": ""settlement""}"
osm:node:13182416614,safe_new,၉ ရပ်ကွက်,၉ ရပ်ကွက်,quarter,quarter,settlement,16.8451814,96.1673806,80.00,6b08459b0f6b9fed9c86bb2e322ee265,"{""place"": ""quarter"", ""osm_id"": ""13182416614"", ""raw_id"": 2791, ""raw_table"": ""raw_osm_points"", ""population"": null, ""external_id"": ""osm:node:13182416614"", ""region_code"": ""MM-YANGON"", ""osm_feature_type"": ""N"", ""snapshot_version"": ""osm_myanmar_2026_07_21_yangon_city_v1"", ""source_snapshot_id"": 9, ""source_classification"": ""settlement""}"
osm:node:13182426986,safe_new,၃ ရပ်ကွက်,၃ ရပ်ကွက်,quarter,quarter,settlement,16.8462086,96.1690309,80.00,b327d1eb2c0e9af61f58674fd8b479b7,"{""place"": ""quarter"", ""osm_id"": ""13182426986"", ""raw_id"": 2802, ""raw_table"": ""raw_osm_points"", ""population"": null, ""external_id"": ""osm:node:13182426986"", ""region_code"": ""MM-YANGON"", ""osm_feature_type"": ""N"", ""snapshot_version"": ""osm_myanmar_2026_07_21_yangon_city_v1"", ""source_snapshot_id"": 9, ""source_classification"": ""settlement""}"
osm:node:13182416616,safe_new,၈ ရပ်ကွက်,၈ ရပ်ကွက်,quarter,quarter,settlement,16.8488334,96.1630832,80.00,a1fc496ca5d8f4d73088c7d5bf6b855f,"{""place"": ""quarter"", ""osm_id"": ""13182416616"", ""raw_id"": 2864, ""raw_table"": ""raw_osm_points"", ""population"": null, ""external_id"": ""osm:node:13182416616"", ""region_code"": ""MM-YANGON"", ""osm_feature_type"": ""N"", ""snapshot_version"": ""osm_myanmar_2026_07_21_yangon_city_v1"", ""source_snapshot_id"": 9, ""source_classification"": ""settlement""}"
osm:node:13182426994,safe_new,၄ ရပ်ကွက်,၄ ရပ်ကွက်,quarter,quarter,settlement,16.8525347,96.1709299,80.00,874ebdc3701e09db9e57168e8479c30e,"{""place"": ""quarter"", ""osm_id"": ""13182426994"", ""raw_id"": 3022, ""raw_table"": ""raw_osm_points"", ""population"": null, ""external_id"": ""osm:node:13182426994"", ""region_code"": ""MM-YANGON"", ""osm_feature_type"": ""N"", ""snapshot_version"": ""osm_myanmar_2026_07_21_yangon_city_v1"", ""source_snapshot_id"": 9, ""source_classification"": ""settlement""}"
osm:node:13182426998,safe_new,၅ ရပ်ကွက်,၅ ရပ်ကွက်,quarter,quarter,settlement,16.8571038,96.1766149,80.00,a54cc38e96e059f7823933f80b400414,"{""place"": ""quarter"", ""osm_id"": ""13182426998"", ""raw_id"": 3080, ""raw_table"": ""raw_osm_points"", ""population"": null, ""external_id"": ""osm:node:13182426998"", ""region_code"": ""MM-YANGON"", ""osm_feature_type"": ""N"", ""snapshot_version"": ""osm_myanmar_2026_07_21_yangon_city_v1"", ""source_snapshot_id"": 9, ""source_classification"": ""settlement""}"
osm:node:13182426987,safe_new,၁၅ ရပ်ကွက်,၁၅ ရပ်ကွက်,quarter,quarter,settlement,16.8587984,96.1831323,80.00,4c2139e4ff4dc836e10fb3d85611b93e,"{""place"": ""quarter"", ""osm_id"": ""13182426987"", ""raw_id"": 3125, ""raw_table"": ""raw_osm_points"", ""population"": null, ""external_id"": ""osm:node:13182426987"", ""region_code"": ""MM-YANGON"", ""osm_feature_type"": ""N"", ""snapshot_version"": ""osm_myanmar_2026_07_21_yangon_city_v1"", ""source_snapshot_id"": 9, ""source_classification"": ""settlement""}"
osm:node:13875311810,safe_new,၁၄/၃ ရပ်ကွက်,၁၄/၃ ရပ်ကွက်,quarter,quarter,settlement,16.8551943,96.185444,80.00,5aa21ee55d7dd355bbcad144dc2fa77e,"{""place"": ""quarter"", ""osm_id"": ""13875311810"", ""raw_id"": 3185, ""raw_table"": ""raw_osm_points"", ""population"": null, ""external_id"": ""osm:node:13875311810"", ""region_code"": ""MM-YANGON"", ""osm_feature_type"": ""N"", ""snapshot_version"": ""osm_myanmar_2026_07_21_yangon_city_v1"", ""source_snapshot_id"": 9, ""source_classification"": ""settlement""}"
osm:node:13182426995,safe_new,၇ ရပ်ကွက်,၇ ရပ်ကွက်,quarter,quarter,settlement,16.8515829,96.1811058,80.00,6fe0bdb0b10d1ded4b6cd2709d004458,"{""place"": ""quarter"", ""osm_id"": ""13182426995"", ""raw_id"": 3198, ""raw_table"": ""raw_osm_points"", ""population"": null, ""external_id"": ""osm:node:13182426995"", ""region_code"": ""MM-YANGON"", ""osm_feature_type"": ""N"", ""snapshot_version"": ""osm_myanmar_2026_07_21_yangon_city_v1"", ""source_snapshot_id"": 9, ""source_classification"": ""settlement""}"
osm:node:13182426989,safe_new,၆ ရပ်ကွက်,၆ ရပ်ကွက်,quarter,quarter,settlement,16.8461593,96.1750056,80.00,d3566560c915ed313a7e2a4b57c70a5a,"{""place"": ""quarter"", ""osm_id"": ""13182426989"", ""raw_id"": 3290, ""raw_table"": ""raw_osm_points"", ""population"": null, ""external_id"": ""osm:node:13182426989"", ""region_code"": ""MM-YANGON"", ""osm_feature_type"": ""N"", ""snapshot_version"": ""osm_myanmar_2026_07_21_yangon_city_v1"", ""source_snapshot_id"": 9, ""source_classification"": ""settlement""}"
osm:node:3880817847,safe_new,တောင်ဥက္ကလာပ,တောင်ဥက္ကလာပ,suburb,suburb,settlement,16.8470123,96.1801647,80.00,7ee4c846c57ecbfdb6ecfd9f96eb9711,"{""place"": ""suburb"", ""osm_id"": ""3880817847"", ""raw_id"": 3311, ""raw_table"": ""raw_osm_points"", ""population"": null, ""external_id"": ""osm:node:3880817847"", ""region_code"": ""MM-YANGON"", ""osm_feature_type"": ""N"", ""snapshot_version"": ""osm_myanmar_2026_07_21_yangon_city_v1"", ""source_snapshot_id"": 9, ""source_classification"": ""settlement""}"
osm:node:13182426993,safe_new,၉ ရပ်ကွက်,၉ ရပ်ကွက်,quarter,quarter,settlement,16.8416857,96.1783585,80.00,5ed7d7e070675b7ef12fb815ba34dafd,"{""place"": ""quarter"", ""osm_id"": ""13182426993"", ""raw_id"": 3398, ""raw_table"": ""raw_osm_points"", ""population"": null, ""external_id"": ""osm:node:13182426993"", ""region_code"": ""MM-YANGON"", ""osm_feature_type"": ""N"", ""snapshot_version"": ""osm_myanmar_2026_07_21_yangon_city_v1"", ""source_snapshot_id"": 9, ""source_classification"": ""settlement""}"
osm:node:13182426991,safe_new,၈ ရပ်ကွက်,၈ ရပ်ကွက်,quarter,quarter,settlement,16.8369725,96.1744953,80.00,ffeaa6eeea60a3f8cece2929412b1ad1,"{""place"": ""quarter"", ""osm_id"": ""13182426991"", ""raw_id"": 3418, ""raw_table"": ""raw_osm_points"", ""population"": null, ""external_id"": ""osm:node:13182426991"", ""region_code"": ""MM-YANGON"", ""osm_feature_type"": ""N"", ""snapshot_version"": ""osm_myanmar_2026_07_21_yangon_city_v1"", ""source_snapshot_id"": 9, ""source_classification"": ""settlement""}"
osm:node:13182426988,safe_new,၁၁ ရပ်ကွက်,၁၁ ရပ်ကွက်,quarter,quarter,settlement,16.8376083,96.180997,80.00,9ebd6362745365fa76f92d32687fe2c1,"{""place"": ""quarter"", ""osm_id"": ""13182426988"", ""raw_id"": 3444, ""raw_table"": ""raw_osm_points"", ""population"": null, ""external_id"": ""osm:node:13182426988"", ""region_code"": ""MM-YANGON"", ""osm_feature_type"": ""N"", ""snapshot_version"": ""osm_myanmar_2026_07_21_yangon_city_v1"", ""source_snapshot_id"": 9, ""source_classification"": ""settlement""}"
osm:node:13182734292,safe_new,၁၆/၁ ရပ်ကွက်,၁၆/၁ ရပ်ကွက်,quarter,quarter,settlement,16.8342577,96.1849272,80.00,e0c1d824b4a66863cde6311f47ea4376,"{""place"": ""quarter"", ""osm_id"": ""13182734292"", ""raw_id"": 3502, ""raw_table"": ""raw_osm_points"", ""population"": null, ""external_id"": ""osm:node:13182734292"", ""region_code"": ""MM-YANGON"", ""osm_feature_type"": ""N"", ""snapshot_version"": ""osm_myanmar_2026_07_21_yangon_city_v1"", ""source_snapshot_id"": 9, ""source_classification"": ""settlement""}"
osm:node:13182734270,safe_new,၁၆/၂ ရပ်ကွက်,၁၆/၂ ရပ်ကွက်,quarter,quarter,settlement,16.833046,96.181039,80.00,5e63beccc05def68312f6f19821c5d04,"{""place"": ""quarter"", ""osm_id"": ""13182734270"", ""raw_id"": 3539, ""raw_table"": ""raw_osm_points"", ""population"": null, ""external_id"": ""osm:node:13182734270"", ""region_code"": ""MM-YANGON"", ""osm_feature_type"": ""N"", ""snapshot_version"": ""osm_myanmar_2026_07_21_yangon_city_v1"", ""source_snapshot_id"": 9, ""source_classification"": ""settlement""}"
osm:node:13182734283,safe_new,၁၆/၄ ရပ်ကွက်,၁၆/၄ ရပ်ကွက်,quarter,quarter,settlement,16.8309593,96.1863396,80.00,09d5db48ae6e74b436e00763f0e352d8,"{""place"": ""quarter"", ""osm_id"": ""13182734283"", ""raw_id"": 3556, ""raw_table"": ""raw_osm_points"", ""population"": null, ""external_id"": ""osm:node:13182734283"", ""region_code"": ""MM-YANGON"", ""osm_feature_type"": ""N"", ""snapshot_version"": ""osm_myanmar_2026_07_21_yangon_city_v1"", ""source_snapshot_id"": 9, ""source_classification"": ""settlement""}"
osm:node:13182734286,safe_new,၁၆/၃ ရပ်ကွက်,၁၆/၃ ရပ်ကွက်,quarter,quarter,settlement,16.8301075,96.1816708,80.00,d7f9d7394ec3d7dd9563921e0f5f8c93,"{""place"": ""quarter"", ""osm_id"": ""13182734286"", ""raw_id"": 3578, ""raw_table"": ""raw_osm_points"", ""population"": null, ""external_id"": ""osm:node:13182734286"", ""region_code"": ""MM-YANGON"", ""osm_feature_type"": ""N"", ""snapshot_version"": ""osm_myanmar_2026_07_21_yangon_city_v1"", ""source_snapshot_id"": 9, ""source_classification"": ""settlement""}"
osm:node:13182734269,safe_new,မိချောင်းကန်အမှတ် (၂) ရပ်ကွက်,မိချောင်းကန်အမှတ် (၂) ရပ်ကွက်,quarter,quarter,settlement,16.8294023,96.177923,80.00,b44c3db5269c6c53e929d4110bb2f694,"{""place"": ""quarter"", ""osm_id"": ""13182734269"", ""raw_id"": 3594, ""raw_table"": ""raw_osm_points"", ""population"": null, ""external_id"": ""osm:node:13182734269"", ""region_code"": ""MM-YANGON"", ""osm_feature_type"": ""N"", ""snapshot_version"": ""osm_myanmar_2026_07_21_yangon_city_v1"", ""source_snapshot_id"": 9, ""source_classification"": ""settlement""}"
osm:node:13182734285,safe_new,မိချောင်းကန်အမှတ် (၃) ရပ်ကွက်,မိချောင်းကန်အမှတ် (၃) ရပ်ကွက်,quarter,quarter,settlement,16.8322844,96.1768734,80.00,07d6c124120da57519c3a2f11b432a45,"{""place"": ""quarter"", ""osm_id"": ""13182734285"", ""raw_id"": 3629, ""raw_table"": ""raw_osm_points"", ""population"": null, ""external_id"": ""osm:node:13182734285"", ""region_code"": ""MM-YANGON"", ""osm_feature_type"": ""N"", ""snapshot_version"": ""osm_myanmar_2026_07_21_yangon_city_v1"", ""source_snapshot_id"": 9, ""source_classification"": ""settlement""}"
osm:node:13182416610,safe_new,အမှတ် (၁၄) ရပ်ကွက်,အမှတ် (၁၄) ရပ်ကွက်,quarter,quarter,settlement,16.8339752,96.1664604,80.00,d35c3c2eb5b5c54a3fb11c0eb26e39b2,"{""place"": ""quarter"", ""osm_id"": ""13182416610"", ""raw_id"": 3677, ""raw_table"": ""raw_osm_points"", ""population"": null, ""external_id"": ""osm:node:13182416610"", ""region_code"": ""MM-YANGON"", ""osm_feature_type"": ""N"", ""snapshot_version"": ""osm_myanmar_2026_07_21_yangon_city_v1"", ""source_snapshot_id"": 9, ""source_classification"": ""settlement""}"
osm:node:13182416613,safe_new,အမှတ် (၅) ရပ်ကွက်,အမှတ် (၅) ရပ်ကွက်,quarter,quarter,settlement,16.8290427,96.1585428,80.00,2ef1eeabb64f618df95146d062dbebfe,"{""place"": ""quarter"", ""osm_id"": ""13182416613"", ""raw_id"": 3779, ""raw_table"": ""raw_osm_points"", ""population"": null, ""external_id"": ""osm:node:13182416613"", ""region_code"": ""MM-YANGON"", ""osm_feature_type"": ""N"", ""snapshot_version"": ""osm_myanmar_2026_07_21_yangon_city_v1"", ""source_snapshot_id"": 9, ""source_classification"": ""settlement""}"
osm:node:13182416621,safe_new,အမှတ် (၃) ရပ်ကွက်,အမှတ် (၃) ရပ်ကွက်,quarter,quarter,settlement,16.8305077,96.1621362,80.00,0c692d39ad1df7855d8317bdb5302641,"{""place"": ""quarter"", ""osm_id"": ""13182416621"", ""raw_id"": 3748, ""raw_table"": ""raw_osm_points"", ""population"": null, ""external_id"": ""osm:node:13182416621"", ""region_code"": ""MM-YANGON"", ""osm_feature_type"": ""N"", ""snapshot_version"": ""osm_myanmar_2026_07_21_yangon_city_v1"", ""source_snapshot_id"": 9, ""source_classification"": ""settlement""}"
osm:node:13182416623,safe_new,အမှတ် (၆) ရပ်ကွက်,အမှတ် (၆) ရပ်ကွက်,quarter,quarter,settlement,16.8336104,96.1597937,80.00,b7bde3ee0fb7efb040079261887881aa,"{""place"": ""quarter"", ""osm_id"": ""13182416623"", ""raw_id"": 3799, ""raw_table"": ""raw_osm_points"", ""population"": null, ""external_id"": ""osm:node:13182416623"", ""region_code"": ""MM-YANGON"", ""osm_feature_type"": ""N"", ""snapshot_version"": ""osm_myanmar_2026_07_21_yangon_city_v1"", ""source_snapshot_id"": 9, ""source_classification"": ""settlement""}"
osm:node:13182416611,safe_new,အမှတ် (၄) ရပ်ကွက်,အမှတ် (၄) ရပ်ကွက်,quarter,quarter,settlement,16.8336214,96.1620072,80.00,df7e7f476136a85e98a0aa1959375603,"{""place"": ""quarter"", ""osm_id"": ""13182416611"", ""raw_id"": 3811, ""raw_table"": ""raw_osm_points"", ""population"": null, ""external_id"": ""osm:node:13182416611"", ""region_code"": ""MM-YANGON"", ""osm_feature_type"": ""N"", ""snapshot_version"": ""osm_myanmar_2026_07_21_yangon_city_v1"", ""source_snapshot_id"": 9, ""source_classification"": ""settlement""}"
osm:node:4024692431,safe_new,ရန်ကင်း,ရန်ကင်း,suburb,suburb,settlement,16.8375171,96.1642915,80.00,cfc3f8b7fd1259ff7b1e9662e7f2fd3e,"{""place"": ""suburb"", ""osm_id"": ""4024692431"", ""raw_id"": 3842, ""raw_table"": ""raw_osm_points"", ""population"": null, ""external_id"": ""osm:node:4024692431"", ""region_code"": ""MM-YANGON"", ""osm_feature_type"": ""N"", ""snapshot_version"": ""osm_myanmar_2026_07_21_yangon_city_v1"", ""source_snapshot_id"": 9, ""source_classification"": ""settlement""}"
osm:node:13182416619,safe_new,အမှတ် (၁၃) ရပ်ကွက်,အမှတ် (၁၃) ရပ်ကွက်,quarter,quarter,settlement,16.8361263,96.1708677,80.00,5ffaa444d2d232e1f05dfd2aeb1b21f1,"{""place"": ""quarter"", ""osm_id"": ""13182416619"", ""raw_id"": 3850, ""raw_table"": ""raw_osm_points"", ""population"": null, ""external_id"": ""osm:node:13182416619"", ""region_code"": ""MM-YANGON"", ""osm_feature_type"": ""N"", ""snapshot_version"": ""osm_myanmar_2026_07_21_yangon_city_v1"", ""source_snapshot_id"": 9, ""source_classification"": ""settlement""}"
osm:node:13182416622,safe_new,အမှတ် (၁၂) ရပ်ကွက်,အမှတ် (၁၂) ရပ်ကွက်,quarter,quarter,settlement,16.8403209,96.1680897,80.00,2849c8ea6a08e5d4803a01f2a5c24478,"{""place"": ""quarter"", ""osm_id"": ""13182416622"", ""raw_id"": 3881, ""raw_table"": ""raw_osm_points"", ""population"": null, ""external_id"": ""osm:node:13182416622"", ""region_code"": ""MM-YANGON"", ""osm_feature_type"": ""N"", ""snapshot_version"": ""osm_myanmar_2026_07_21_yangon_city_v1"", ""source_snapshot_id"": 9, ""source_classification"": ""settlement""}"
osm:node:13180077916,safe_new,အမှတ် (၁၀) ရပ်ကွက် (ချော်တွင်းကုန်း),အမှတ် (၁၀) ရပ်ကွက် (ချော်တွင်းကုန်း),quarter,quarter,settlement,16.8415068,96.151379,80.00,4dd4973bd660c7b096c47450226ec166,"{""place"": ""quarter"", ""osm_id"": ""13180077916"", ""raw_id"": 3919, ""raw_table"": ""raw_osm_points"", ""population"": null, ""external_id"": ""osm:node:13180077916"", ""region_code"": ""MM-YANGON"", ""osm_feature_type"": ""N"", ""snapshot_version"": ""osm_myanmar_2026_07_21_yangon_city_v1"", ""source_snapshot_id"": 9, ""source_classification"": ""settlement""}"
osm:node:13179733867,safe_new,အမှတ် (၉) ရပ်ကွက်,အမှတ် (၉) ရပ်ကွက်,quarter,quarter,settlement,16.8416725,96.1278115,80.00,e8622b3a836559083d43346922ca5d13,"{""place"": ""quarter"", ""osm_id"": ""13179733867"", ""raw_id"": 3971, ""raw_table"": ""raw_osm_points"", ""population"": null, ""external_id"": ""osm:node:13179733867"", ""region_code"": ""MM-YANGON"", ""osm_feature_type"": ""N"", ""snapshot_version"": ""osm_myanmar_2026_07_21_yangon_city_v1"", ""source_snapshot_id"": 9, ""source_classification"": ""settlement""}"
osm:node:13179733870,safe_new,အမှတ် (၁၀) ရပ်ကွက်,အမှတ် (၁၀) ရပ်ကွက်,quarter,quarter,settlement,16.8390045,96.1318631,80.00,24fb82b041c06e8fb1ddfa6f30506d37,"{""place"": ""quarter"", ""osm_id"": ""13179733870"", ""raw_id"": 3997, ""raw_table"": ""raw_osm_points"", ""population"": null, ""external_id"": ""osm:node:13179733870"", ""region_code"": ""MM-YANGON"", ""osm_feature_type"": ""N"", ""snapshot_version"": ""osm_myanmar_2026_07_21_yangon_city_v1"", ""source_snapshot_id"": 9, ""source_classification"": ""settlement""}"
osm:node:13179609953,safe_new,အမှတ် (၂) ရပ်ကွက်,အမှတ် (၂) ရပ်ကွက်,quarter,quarter,settlement,16.8328938,96.1310658,80.00,0ac1593f4f4cfb48df190aeba1e896c5,"{""place"": ""quarter"", ""osm_id"": ""13179609953"", ""raw_id"": 4266, ""raw_table"": ""raw_osm_points"", ""population"": null, ""external_id"": ""osm:node:13179609953"", ""region_code"": ""MM-YANGON"", ""osm_feature_type"": ""N"", ""snapshot_version"": ""osm_myanmar_2026_07_21_yangon_city_v1"", ""source_snapshot_id"": 9, ""source_classification"": ""settlement""}"
osm:node:13179609951,safe_new,အမှတ် (၁) ရပ်ကွက်,အမှတ် (၁) ရပ်ကွက်,quarter,quarter,settlement,16.8317657,96.1269106,80.00,bdfa10624417d2a73f28f2767728183f,"{""place"": ""quarter"", ""osm_id"": ""13179609951"", ""raw_id"": 4299, ""raw_table"": ""raw_osm_points"", ""population"": null, ""external_id"": ""osm:node:13179609951"", ""region_code"": ""MM-YANGON"", ""osm_feature_type"": ""N"", ""snapshot_version"": ""osm_myanmar_2026_07_21_yangon_city_v1"", ""source_snapshot_id"": 9, ""source_classification"": ""settlement""}"
osm:node:13179642842,safe_new,ရွှေတောင်ကြားအမှတ် (၁) ရပ်ကွက်,ရွှေတောင်ကြားအမှတ် (၁) ရပ်ကွက်,quarter,quarter,settlement,16.82152,96.150128,80.00,51819031ce5067c41e104ab90d88a4b1,"{""place"": ""quarter"", ""osm_id"": ""13179642842"", ""raw_id"": 4491, ""raw_table"": ""raw_osm_points"", ""population"": null, ""external_id"": ""osm:node:13179642842"", ""region_code"": ""MM-YANGON"", ""osm_feature_type"": ""N"", ""snapshot_version"": ""osm_myanmar_2026_07_21_yangon_city_v1"", ""source_snapshot_id"": 9, ""source_classification"": ""settlement""}"
osm:node:13179609955,safe_new,အမှတ် (၉) ရပ်ကွက်,အမှတ် (၉) ရပ်ကွက်,quarter,quarter,settlement,16.826263,96.1346921,80.00,5c099774369f01205712ed2e15fd190f,"{""place"": ""quarter"", ""osm_id"": ""13179609955"", ""raw_id"": 4574, ""raw_table"": ""raw_osm_points"", ""population"": null, ""external_id"": ""osm:node:13179609955"", ""region_code"": ""MM-YANGON"", ""osm_feature_type"": ""N"", ""snapshot_version"": ""osm_myanmar_2026_07_21_yangon_city_v1"", ""source_snapshot_id"": 9, ""source_classification"": ""settlement""}"
osm:node:13179609947,safe_new,အမှတ် (၃) ရပ်ကွက်,အမှတ် (၃) ရပ်ကွက်,quarter,quarter,settlement,16.8278946,96.1262702,80.00,e429a08b265f7eaf9118ea427831173e,"{""place"": ""quarter"", ""osm_id"": ""13179609947"", ""raw_id"": 4655, ""raw_table"": ""raw_osm_points"", ""population"": null, ""external_id"": ""osm:node:13179609947"", ""region_code"": ""MM-YANGON"", ""osm_feature_type"": ""N"", ""snapshot_version"": ""osm_myanmar_2026_07_21_yangon_city_v1"", ""source_snapshot_id"": 9, ""source_classification"": ""settlement""}"
osm:node:4024692428,safe_new,ကမာရွတ်,ကမာရွတ်,suburb,suburb,settlement,16.8237948,96.1320589,80.00,a6b684a456c14fab9619a8776710a5ad,"{""place"": ""suburb"", ""osm_id"": ""4024692428"", ""raw_id"": 4722, ""raw_table"": ""raw_osm_points"", ""population"": null, ""external_id"": ""osm:node:4024692428"", ""region_code"": ""MM-YANGON"", ""osm_feature_type"": ""N"", ""snapshot_version"": ""osm_myanmar_2026_07_21_yangon_city_v1"", ""source_snapshot_id"": 9, ""source_classification"": ""settlement""}"
osm:node:13179609952,safe_new,အမှတ် (၈) ရပ်ကွက်,အမှတ် (၈) ရပ်ကွက်,quarter,quarter,settlement,16.8230841,96.1298698,80.00,8aee9a845c5dee4bcf51e3bd8b751441,"{""place"": ""quarter"", ""osm_id"": ""13179609952"", ""raw_id"": 4732, ""raw_table"": ""raw_osm_points"", ""population"": null, ""external_id"": ""osm:node:13179609952"", ""region_code"": ""MM-YANGON"", ""osm_feature_type"": ""N"", ""snapshot_version"": ""osm_myanmar_2026_07_21_yangon_city_v1"", ""source_snapshot_id"": 9, ""source_classification"": ""settlement""}"
osm:node:13179609950,safe_new,အမှတ် (၇) ရပ်ကွက်,အမှတ် (၇) ရပ်ကွက်,quarter,quarter,settlement,16.8183595,96.1285831,80.00,d3feb33d03d85aaf8702572735d8225d,"{""place"": ""quarter"", ""osm_id"": ""13179609950"", ""raw_id"": 4846, ""raw_table"": ""raw_osm_points"", ""population"": null, ""external_id"": ""osm:node:13179609950"", ""region_code"": ""MM-YANGON"", ""osm_feature_type"": ""N"", ""snapshot_version"": ""osm_myanmar_2026_07_21_yangon_city_v1"", ""source_snapshot_id"": 9, ""source_classification"": ""settlement""}"
osm:node:13179587014,safe_new,ဝေဠုဝန် (မြောက်) ရပ်ကွက်,ဝေဠုဝန် (မြောက်) ရပ်ကွက်,quarter,quarter,settlement,16.8147345,96.1280192,80.00,eeca9dd8a3b72d90cfa9bf3506a369a7,"{""place"": ""quarter"", ""osm_id"": ""13179587014"", ""raw_id"": 4905, ""raw_table"": ""raw_osm_points"", ""population"": null, ""external_id"": ""osm:node:13179587014"", ""region_code"": ""MM-YANGON"", ""osm_feature_type"": ""N"", ""snapshot_version"": ""osm_myanmar_2026_07_21_yangon_city_v1"", ""source_snapshot_id"": 9, ""source_classification"": ""settlement""}"
osm:node:13179587009,safe_new,မုန့်လုပ်ဆောင်းကုန်း (မြောက်) ရပ်ကွက်,မုန့်လုပ်ဆောင်းကုန်း (မြောက်) ရပ်ကွက်,quarter,quarter,settlement,16.8125626,96.1301111,80.00,178da29e99b6c73697cd7156ff8bcf01,"{""place"": ""quarter"", ""osm_id"": ""13179587009"", ""raw_id"": 4912, ""raw_table"": ""raw_osm_points"", ""population"": null, ""external_id"": ""osm:node:13179587009"", ""region_code"": ""MM-YANGON"", ""osm_feature_type"": ""N"", ""snapshot_version"": ""osm_myanmar_2026_07_21_yangon_city_v1"", ""source_snapshot_id"": 9, ""source_classification"": ""settlement""}"
osm:node:13179642854,safe_new,ဗိုလ်စိန်မှန်ရပ်ကွက်,ဗိုလ်စိန်မှန်ရပ်ကွက်,quarter,quarter,settlement,16.8126253,96.1693379,80.00,0544f622099515a868ed184925d2aad2,"{""place"": ""quarter"", ""osm_id"": ""13179642854"", ""raw_id"": 5053, ""raw_table"": ""raw_osm_points"", ""population"": null, ""external_id"": ""osm:node:13179642854"", ""region_code"": ""MM-YANGON"", ""osm_feature_type"": ""N"", ""snapshot_version"": ""osm_myanmar_2026_07_21_yangon_city_v1"", ""source_snapshot_id"": 9, ""source_classification"": ""settlement""}"
osm:node:13179716744,safe_new,တာမွေကြီး (ခ) ရပ်ကွက်,တာမွေကြီး (ခ) ရပ်ကွက်,quarter,quarter,settlement,16.8182948,96.170322,80.00,b9ed84a8e8bf2ed3ba45ae612a2e42ba,"{""place"": ""quarter"", ""osm_id"": ""13179716744"", ""raw_id"": 5160, ""raw_table"": ""raw_osm_points"", ""population"": null, ""external_id"": ""osm:node:13179716744"", ""region_code"": ""MM-YANGON"", ""osm_feature_type"": ""N"", ""snapshot_version"": ""osm_myanmar_2026_07_21_yangon_city_v1"", ""source_snapshot_id"": 9, ""source_classification"": ""settlement""}"
osm:node:13179642841,safe_new,ဆရာစံမြောက်/နောက် (ဂွတ္တလစ် မြောက်/အနောက်ရပ်ကွက်),ဆရာစံမြောက်/နောက် (ဂွတ္တလစ် မြောက်/အနောက်ရပ်ကွက်),quarter,quarter,settlement,16.8200767,96.161592,80.00,6ee3d03da5498fa85ff2540e173d8197,"{""place"": ""quarter"", ""osm_id"": ""13179642841"", ""raw_id"": 5172, ""raw_table"": ""raw_osm_points"", ""population"": null, ""external_id"": ""osm:node:13179642841"", ""region_code"": ""MM-YANGON"", ""osm_feature_type"": ""N"", ""snapshot_version"": ""osm_myanmar_2026_07_21_yangon_city_v1"", ""source_snapshot_id"": 9, ""source_classification"": ""settlement""}"
osm:node:13179642839,safe_new,ဆရာစံတောင် (ဂွတ္တလစ် တောင်ရပ်ကွက်),ဆရာစံတောင် (ဂွတ္တလစ် တောင်ရပ်ကွက်),quarter,quarter,settlement,16.8172404,96.1638319,80.00,bcf76c2a1db395736aceadfdd9293ee3,"{""place"": ""quarter"", ""osm_id"": ""13179642839"", ""raw_id"": 5178, ""raw_table"": ""raw_osm_points"", ""population"": null, ""external_id"": ""osm:node:13179642839"", ""region_code"": ""MM-YANGON"", ""osm_feature_type"": ""N"", ""snapshot_version"": ""osm_myanmar_2026_07_21_yangon_city_v1"", ""source_snapshot_id"": 9, ""source_classification"": ""settlement""}"
osm:node:13179642850,safe_new,အဇစ်ကုန်းရပ်ကွက် (ဆရာစံရပ်ကွက်),အဇစ်ကုန်းရပ်ကွက် (ဆရာစံရပ်ကွက်),quarter,quarter,settlement,16.8227715,96.1572513,80.00,4f94db65d5f98ee561561d36fb61dfe8,"{""place"": ""quarter"", ""osm_id"": ""13179642850"", ""raw_id"": 5279, ""raw_table"": ""raw_osm_points"", ""population"": null, ""external_id"": ""osm:node:13179642850"", ""region_code"": ""MM-YANGON"", ""osm_feature_type"": ""N"", ""snapshot_version"": ""osm_myanmar_2026_07_21_yangon_city_v1"", ""source_snapshot_id"": 9, ""source_classification"": ""settlement""}"
osm:node:13182416618,safe_new,အမှတ် (၂) ရပ်ကွက်,အမှတ် (၂) ရပ်ကွက်,quarter,quarter,settlement,16.8262549,96.1628752,80.00,18663d36678c192384a134107e0e9ee7,"{""place"": ""quarter"", ""osm_id"": ""13182416618"", ""raw_id"": 5325, ""raw_table"": ""raw_osm_points"", ""population"": null, ""external_id"": ""osm:node:13182416618"", ""region_code"": ""MM-YANGON"", ""osm_feature_type"": ""N"", ""snapshot_version"": ""osm_myanmar_2026_07_21_yangon_city_v1"", ""source_snapshot_id"": 9, ""source_classification"": ""settlement""}"
osm:node:13179642855,safe_new,ဆရာစံမြောက်/အရှေ့ (ဂွတ္တလစ် မြောက်/အရှေ့ရပ်ကွက် ),ဆရာစံမြောက်/အရှေ့ (ဂွတ္တလစ် မြောက်/အရှေ့ရပ်ကွက် ),quarter,quarter,settlement,16.821512,96.1650493,80.00,fd883f282847f8c4834006b74cb2a420,"{""place"": ""quarter"", ""osm_id"": ""13179642855"", ""raw_id"": 5370, ""raw_table"": ""raw_osm_points"", ""population"": null, ""external_id"": ""osm:node:13179642855"", ""region_code"": ""MM-YANGON"", ""osm_feature_type"": ""N"", ""snapshot_version"": ""osm_myanmar_2026_07_21_yangon_city_v1"", ""source_snapshot_id"": 9, ""source_classification"": ""settlement""}"
osm:node:13179716736,safe_new,မာန်အောင်ရပ်ကွက်,မာန်အောင်ရပ်ကွက်,quarter,quarter,settlement,16.8235751,96.1733392,80.00,379e4004788df561490427d3a33617dc,"{""place"": ""quarter"", ""osm_id"": ""13179716736"", ""raw_id"": 5403, ""raw_table"": ""raw_osm_points"", ""population"": null, ""external_id"": ""osm:node:13179716736"", ""region_code"": ""MM-YANGON"", ""osm_feature_type"": ""N"", ""snapshot_version"": ""osm_myanmar_2026_07_21_yangon_city_v1"", ""source_snapshot_id"": 9, ""source_classification"": ""settlement""}"
osm:node:13182416615,safe_new,အမှတ် (၁၆) ရပ်ကွက်,အမှတ် (၁၆) ရပ်ကွက်,quarter,quarter,settlement,16.8274941,96.1753722,80.00,59c991c8feffa05ed0aa92a06db34d94,"{""place"": ""quarter"", ""osm_id"": ""13182416615"", ""raw_id"": 5414, ""raw_table"": ""raw_osm_points"", ""population"": null, ""external_id"": ""osm:node:13182416615"", ""region_code"": ""MM-YANGON"", ""osm_feature_type"": ""N"", ""snapshot_version"": ""osm_myanmar_2026_07_21_yangon_city_v1"", ""source_snapshot_id"": 9, ""source_classification"": ""settlement""}"
osm:node:13182734273,safe_new,မိချောင်းကန်အမှတ် (၁) ရပ်ကွက်,မိချောင်းကန်အမှတ် (၁) ရပ်ကွက်,quarter,quarter,settlement,16.8248071,96.1794769,80.00,d2738fb395cdb0a8ec7b9e804b64c7db,"{""place"": ""quarter"", ""osm_id"": ""13182734273"", ""raw_id"": 5424, ""raw_table"": ""raw_osm_points"", ""population"": null, ""external_id"": ""osm:node:13182734273"", ""region_code"": ""MM-YANGON"", ""osm_feature_type"": ""N"", ""snapshot_version"": ""osm_myanmar_2026_07_21_yangon_city_v1"", ""source_snapshot_id"": 9, ""source_classification"": ""settlement""}"
osm:node:13182734289,safe_new,ဇ-ရပ်ကွက် (မြောက်),ဇ-ရပ်ကွက် (မြောက်),quarter,quarter,settlement,16.8278948,96.185943,80.00,edb62d9b250b2414a0d29e62eb53ca3f,"{""place"": ""quarter"", ""osm_id"": ""13182734289"", ""raw_id"": 5448, ""raw_table"": ""raw_osm_points"", ""population"": ""5044"", ""external_id"": ""osm:node:13182734289"", ""region_code"": ""MM-YANGON"", ""osm_feature_type"": ""N"", ""snapshot_version"": ""osm_myanmar_2026_07_21_yangon_city_v1"", ""source_snapshot_id"": 9, ""source_classification"": ""settlement""}"
osm:node:13182734263,safe_new,သွပ်ဝိုင်းကြီးရပ်ကွက်,သွပ်ဝိုင်းကြီးရပ်ကွက်,quarter,quarter,settlement,16.8195268,96.1855486,80.00,b14d2ecd784b3538f4695eb3243166fb,"{""place"": ""quarter"", ""osm_id"": ""13182734263"", ""raw_id"": 5491, ""raw_table"": ""raw_osm_points"", ""population"": null, ""external_id"": ""osm:node:13182734263"", ""region_code"": ""MM-YANGON"", ""osm_feature_type"": ""N"", ""snapshot_version"": ""osm_myanmar_2026_07_21_yangon_city_v1"", ""source_snapshot_id"": 9, ""source_classification"": ""settlement""}"
osm:node:13179716739,safe_new,တာမွေလေးရပ်ကွက်,တာမွေလေးရပ်ကွက်,quarter,quarter,settlement,16.8188385,96.1762209,80.00,6edfb424884ec3b7ac89f1293e2b1ad2,"{""place"": ""quarter"", ""osm_id"": ""13179716739"", ""raw_id"": 5509, ""raw_table"": ""raw_osm_points"", ""population"": null, ""external_id"": ""osm:node:13179716739"", ""region_code"": ""MM-YANGON"", ""osm_feature_type"": ""N"", ""snapshot_version"": ""osm_myanmar_2026_07_21_yangon_city_v1"", ""source_snapshot_id"": 9, ""source_classification"": ""settlement""}"
osm:node:13179716743,safe_new,မေတ္တာညွန့်ရပ်ကွက်,မေတ္တာညွန့်ရပ်ကွက်,quarter,quarter,settlement,16.8137395,96.1813511,80.00,309033eae53e739205166e22d1dd2e82,"{""place"": ""quarter"", ""osm_id"": ""13179716743"", ""raw_id"": 5611, ""raw_table"": ""raw_osm_points"", ""population"": null, ""external_id"": ""osm:node:13179716743"", ""region_code"": ""MM-YANGON"", ""osm_feature_type"": ""N"", ""snapshot_version"": ""osm_myanmar_2026_07_21_yangon_city_v1"", ""source_snapshot_id"": 9, ""source_classification"": ""settlement""}"
osm:node:13182734268,safe_new,စုပေါင်းအိမ်ယာရပ်ကွက်,စုပေါင်းအိမ်ယာရပ်ကွက်,quarter,quarter,settlement,16.8189629,96.1942193,80.00,776969ce87561a88fe90c8a8d6e525fc,"{""place"": ""quarter"", ""osm_id"": ""13182734268"", ""raw_id"": 5666, ""raw_table"": ""raw_osm_points"", ""population"": null, ""external_id"": ""osm:node:13182734268"", ""region_code"": ""MM-YANGON"", ""osm_feature_type"": ""N"", ""snapshot_version"": ""osm_myanmar_2026_07_21_yangon_city_v1"", ""source_snapshot_id"": 9, ""source_classification"": ""settlement""}"
osm:node:13182734290,safe_new,အမှတ် (၂၉) သုဝဏ္ဏရပ်ကွက်,အမှတ် (၂၉) သုဝဏ္ဏရပ်ကွက်,quarter,quarter,settlement,16.8177181,96.2076492,80.00,96774291a9f49ab13c30b77fff1f5258,"{""place"": ""quarter"", ""osm_id"": ""13182734290"", ""raw_id"": 5751, ""raw_table"": ""raw_osm_points"", ""population"": null, ""external_id"": ""osm:node:13182734290"", ""region_code"": ""MM-YANGON"", ""osm_feature_type"": ""N"", ""snapshot_version"": ""osm_myanmar_2026_07_21_yangon_city_v1"", ""source_snapshot_id"": 9, ""source_classification"": ""settlement""}"
osm:node:13182734299,safe_new,အမှတ် (၂၅) သုဝဏ္ဏရပ်ကွက်,အမှတ် (၂၅) သုဝဏ္ဏရပ်ကွက်,quarter,quarter,settlement,16.823534,96.2033238,80.00,414360f51880b6fc30dcf83055fb0aa5,"{""place"": ""quarter"", ""osm_id"": ""13182734299"", ""raw_id"": 5778, ""raw_table"": ""raw_osm_points"", ""population"": null, ""external_id"": ""osm:node:13182734299"", ""region_code"": ""MM-YANGON"", ""osm_feature_type"": ""N"", ""snapshot_version"": ""osm_myanmar_2026_07_21_yangon_city_v1"", ""source_snapshot_id"": 9, ""source_classification"": ""settlement""}"
osm:node:13182734296,safe_new,ရန်ကုန်သစ်ရပ်ကွက်,ရန်ကုန်သစ်ရပ်ကွက်,quarter,quarter,settlement,16.8275304,96.2101095,80.00,5a01260041067b513f2addc06e913ce4,"{""place"": ""quarter"", ""osm_id"": ""13182734296"", ""raw_id"": 5802, ""raw_table"": ""raw_osm_points"", ""population"": null, ""external_id"": ""osm:node:13182734296"", ""region_code"": ""MM-YANGON"", ""osm_feature_type"": ""N"", ""snapshot_version"": ""osm_myanmar_2026_07_21_yangon_city_v1"", ""source_snapshot_id"": 9, ""source_classification"": ""settlement""}"
osm:node:13182734264,safe_new,ဂ-ရပ်ကွက်,ဂ-ရပ်ကွက်,quarter,quarter,settlement,16.827776,96.2046106,80.00,6a7ce48d7082c6dc5940b8819e3e6645,"{""place"": ""quarter"", ""osm_id"": ""13182734264"", ""raw_id"": 5824, ""raw_table"": ""raw_osm_points"", ""population"": null, ""external_id"": ""osm:node:13182734264"", ""region_code"": ""MM-YANGON"", ""osm_feature_type"": ""N"", ""snapshot_version"": ""osm_myanmar_2026_07_21_yangon_city_v1"", ""source_snapshot_id"": 9, ""source_classification"": ""settlement""}"
osm:node:13182734298,safe_new,က-ရပ်ကွက်,က-ရပ်ကွက်,quarter,quarter,settlement,16.8233095,96.1966055,80.00,a47ad53610006cfaf00dff0bbe962799,"{""place"": ""quarter"", ""osm_id"": ""13182734298"", ""raw_id"": 5851, ""raw_table"": ""raw_osm_points"", ""population"": null, ""external_id"": ""osm:node:13182734298"", ""region_code"": ""MM-YANGON"", ""osm_feature_type"": ""N"", ""snapshot_version"": ""osm_myanmar_2026_07_21_yangon_city_v1"", ""source_snapshot_id"": 9, ""source_classification"": ""settlement""}"
osm:node:13182734275,safe_new,သုမင်္ဂလာရပ်ကွက်,သုမင်္ဂလာရပ်ကွက်,quarter,quarter,settlement,16.8224871,96.1892687,80.00,62d6a2d348a79a338a71aba240262880,"{""place"": ""quarter"", ""osm_id"": ""13182734275"", ""raw_id"": 5870, ""raw_table"": ""raw_osm_points"", ""population"": null, ""external_id"": ""osm:node:13182734275"", ""region_code"": ""MM-YANGON"", ""osm_feature_type"": ""N"", ""snapshot_version"": ""osm_myanmar_2026_07_21_yangon_city_v1"", ""source_snapshot_id"": 9, ""source_classification"": ""settlement""}"
osm:node:13182734265,safe_new,နနွင်းကုန်းရပ်ကွက်,နနွင်းကုန်းရပ်ကွက်,quarter,quarter,settlement,16.8253129,96.1922453,80.00,66f72f3ca34771bdea26ae22a4356568,"{""place"": ""quarter"", ""osm_id"": ""13182734265"", ""raw_id"": 5887, ""raw_table"": ""raw_osm_points"", ""population"": null, ""external_id"": ""osm:node:13182734265"", ""region_code"": ""MM-YANGON"", ""osm_feature_type"": ""N"", ""snapshot_version"": ""osm_myanmar_2026_07_21_yangon_city_v1"", ""source_snapshot_id"": 9, ""source_classification"": ""settlement""}"
osm:node:13182734288,safe_new,ဆယ်သိန်းရပ်ကွက်,ဆယ်သိန်းရပ်ကွက်,quarter,quarter,settlement,16.8279394,96.1897259,80.00,231a8e3e8c7bfa23f9ab48a895e31dec,"{""place"": ""quarter"", ""osm_id"": ""13182734288"", ""raw_id"": 5893, ""raw_table"": ""raw_osm_points"", ""population"": null, ""external_id"": ""osm:node:13182734288"", ""region_code"": ""MM-YANGON"", ""osm_feature_type"": ""N"", ""snapshot_version"": ""osm_myanmar_2026_07_21_yangon_city_v1"", ""source_snapshot_id"": 9, ""source_classification"": ""settlement""}"
osm:node:13182734266,safe_new,ဇဝနရပ်ကွက်,ဇဝနရပ်ကွက်,quarter,quarter,settlement,16.8308268,96.1896585,80.00,f34c08753be4e22ab87bbac0642dd17c,"{""place"": ""quarter"", ""osm_id"": ""13182734266"", ""raw_id"": 5946, ""raw_table"": ""raw_osm_points"", ""population"": null, ""external_id"": ""osm:node:13182734266"", ""region_code"": ""MM-YANGON"", ""osm_feature_type"": ""N"", ""snapshot_version"": ""osm_myanmar_2026_07_21_yangon_city_v1"", ""source_snapshot_id"": 9, ""source_classification"": ""settlement""}"
osm:node:13182734278,safe_new,ဦးစံဖေရပ်ကွက်,ဦးစံဖေရပ်ကွက်,quarter,quarter,settlement,16.829257,96.1936261,80.00,720dd1b935454184563077fe776f94e3,"{""place"": ""quarter"", ""osm_id"": ""13182734278"", ""raw_id"": 5978, ""raw_table"": ""raw_osm_points"", ""population"": null, ""external_id"": ""osm:node:13182734278"", ""region_code"": ""MM-YANGON"", ""osm_feature_type"": ""N"", ""snapshot_version"": ""osm_myanmar_2026_07_21_yangon_city_v1"", ""source_snapshot_id"": 9, ""source_classification"": ""settlement""}"
osm:node:13182734282,safe_new,ဆ/က-ရပ်ကွက်,ဆ/က-ရပ်ကွက်,quarter,quarter,settlement,16.8345241,96.1921113,80.00,63dbf3ef497add0a159d3392a05002c3,"{""place"": ""quarter"", ""osm_id"": ""13182734282"", ""raw_id"": 6052, ""raw_table"": ""raw_osm_points"", ""population"": null, ""external_id"": ""osm:node:13182734282"", ""region_code"": ""MM-YANGON"", ""osm_feature_type"": ""N"", ""snapshot_version"": ""osm_myanmar_2026_07_21_yangon_city_v1"", ""source_snapshot_id"": 9, ""source_classification"": ""settlement""}"
osm:node:13182734267,safe_new,ကျိုက္ကဆံ(အနောက်)ရပ်ကွက်,ကျိုက္ကဆံ(အနောက်)ရပ်ကွက်,quarter,quarter,settlement,16.8354441,96.1882472,80.00,e6ddd1daf038aa3456ff41434ca0fea6,"{""place"": ""quarter"", ""osm_id"": ""13182734267"", ""raw_id"": 6093, ""raw_table"": ""raw_osm_points"", ""population"": null, ""external_id"": ""osm:node:13182734267"", ""region_code"": ""MM-YANGON"", ""osm_feature_type"": ""N"", ""snapshot_version"": ""osm_myanmar_2026_07_21_yangon_city_v1"", ""source_snapshot_id"": 9, ""source_classification"": ""settlement""}"
osm:node:13182426992,safe_new,၁၂ ရပ်ကွက်,၁၂ ရပ်ကွက်,quarter,quarter,settlement,16.8408565,96.1879959,80.00,96a88c5ff6c33665a01fe0d95342d885,"{""place"": ""quarter"", ""osm_id"": ""13182426992"", ""raw_id"": 6137, ""raw_table"": ""raw_osm_points"", ""population"": null, ""external_id"": ""osm:node:13182426992"", ""region_code"": ""MM-YANGON"", ""osm_feature_type"": ""N"", ""snapshot_version"": ""osm_myanmar_2026_07_21_yangon_city_v1"", ""source_snapshot_id"": 9, ""source_classification"": ""settlement""}"
osm:node:2956920799,safe_new,Shwe Kainayee Housing,Shwe Kainayee Housing,neighbourhood,neighbourhood,settlement,16.8399181,96.1984874,80.00,ae73de5514001044d1c9c8528c121231,"{""place"": ""neighbourhood"", ""osm_id"": ""2956920799"", ""raw_id"": 6154, ""raw_table"": ""raw_osm_points"", ""population"": null, ""external_id"": ""osm:node:2956920799"", ""region_code"": ""MM-YANGON"", ""osm_feature_type"": ""N"", ""snapshot_version"": ""osm_myanmar_2026_07_21_yangon_city_v1"", ""source_snapshot_id"": 9, ""source_classification"": ""settlement""}"
osm:node:13182734271,safe_new,ဘဝမြင့်ရပ်ကွက်,ဘဝမြင့်ရပ်ကွက်,quarter,quarter,settlement,16.84215,96.1987764,80.00,a7db6b31d5158d6161cf0b26a70f3174,"{""place"": ""quarter"", ""osm_id"": ""13182734271"", ""raw_id"": 6190, ""raw_table"": ""raw_osm_points"", ""population"": null, ""external_id"": ""osm:node:13182734271"", ""region_code"": ""MM-YANGON"", ""osm_feature_type"": ""N"", ""snapshot_version"": ""osm_myanmar_2026_07_21_yangon_city_v1"", ""source_snapshot_id"": 9, ""source_classification"": ""settlement""}"
osm:node:13182734293,safe_new,ငမိုးရိပ်ရပ်ကွက်,ငမိုးရိပ်ရပ်ကွက်,quarter,quarter,settlement,16.8413513,96.2016813,80.00,92e7a70f51adbfaa166279e1012d637e,"{""place"": ""quarter"", ""osm_id"": ""13182734293"", ""raw_id"": 6200, ""raw_table"": ""raw_osm_points"", ""population"": null, ""external_id"": ""osm:node:13182734293"", ""region_code"": ""MM-YANGON"", ""osm_feature_type"": ""N"", ""snapshot_version"": ""osm_myanmar_2026_07_21_yangon_city_v1"", ""source_snapshot_id"": 9, ""source_classification"": ""settlement""}"
osm:node:13182734287,safe_new,ဆ/ခ-ရပ်ကွက်,ဆ/ခ-ရပ်ကွက်,quarter,quarter,settlement,16.8371565,96.1961189,80.00,ebce1af89e7c3efa04a1829b548ba83d,"{""place"": ""quarter"", ""osm_id"": ""13182734287"", ""raw_id"": 6257, ""raw_table"": ""raw_osm_points"", ""population"": null, ""external_id"": ""osm:node:13182734287"", ""region_code"": ""MM-YANGON"", ""osm_feature_type"": ""N"", ""snapshot_version"": ""osm_myanmar_2026_07_21_yangon_city_v1"", ""source_snapshot_id"": 9, ""source_classification"": ""settlement""}"
osm:node:13182734297,safe_new,လေးဒေါင့်ကန်ရပ်ကွက်,လေးဒေါင့်ကန်ရပ်ကွက်,quarter,quarter,settlement,16.8368542,96.2009188,80.00,80c450660adaa7d021b1137cf5ef4f3c,"{""place"": ""quarter"", ""osm_id"": ""13182734297"", ""raw_id"": 6268, ""raw_table"": ""raw_osm_points"", ""population"": null, ""external_id"": ""osm:node:13182734297"", ""region_code"": ""MM-YANGON"", ""osm_feature_type"": ""N"", ""snapshot_version"": ""osm_myanmar_2026_07_21_yangon_city_v1"", ""source_snapshot_id"": 9, ""source_classification"": ""settlement""}"
osm:node:13182734280,safe_new,ဘီတီအက်ဖ်ရပ်ကွက်,ဘီတီအက်ဖ်ရပ်ကွက်,quarter,quarter,settlement,16.8422966,96.2094621,80.00,66c9f5e0804e1ee92882fd52d7eb7f65,"{""place"": ""quarter"", ""osm_id"": ""13182734280"", ""raw_id"": 6374, ""raw_table"": ""raw_osm_points"", ""population"": null, ""external_id"": ""osm:node:13182734280"", ""region_code"": ""MM-YANGON"", ""osm_feature_type"": ""N"", ""snapshot_version"": ""osm_myanmar_2026_07_21_yangon_city_v1"", ""source_snapshot_id"": 9, ""source_classification"": ""settlement""}"
osm:node:13182734291,safe_new,င/က-ရပ်ကွက်,င/က-ရပ်ကွက်,quarter,quarter,settlement,16.8335304,96.2064432,80.00,83084ffd9a7563c866094ec6e8bcbba6,"{""place"": ""quarter"", ""osm_id"": ""13182734291"", ""raw_id"": 6417, ""raw_table"": ""raw_osm_points"", ""population"": null, ""external_id"": ""osm:node:13182734291"", ""region_code"": ""MM-YANGON"", ""osm_feature_type"": ""N"", ""snapshot_version"": ""osm_myanmar_2026_07_21_yangon_city_v1"", ""source_snapshot_id"": 9, ""source_classification"": ""settlement""}"
osm:node:13182734295,safe_new,ဃ-ရပ်ကွက်,ဃ-ရပ်ကွက်,quarter,quarter,settlement,16.8301263,96.2067827,80.00,e7d777bd312b2892ae033f77a605c50d,"{""place"": ""quarter"", ""osm_id"": ""13182734295"", ""raw_id"": 6434, ""raw_table"": ""raw_osm_points"", ""population"": null, ""external_id"": ""osm:node:13182734295"", ""region_code"": ""MM-YANGON"", ""osm_feature_type"": ""N"", ""snapshot_version"": ""osm_myanmar_2026_07_21_yangon_city_v1"", ""source_snapshot_id"": 9, ""source_classification"": ""settlement""}"
osm:node:13185294670,safe_new,အမှတ် (၆၃) ရပ်ကွက်,အမှတ် (၆၃) ရပ်ကွက်,quarter,quarter,settlement,16.8318731,96.2320944,80.00,592cc3cb1ff31d5bdd9723d5210cec40,"{""place"": ""quarter"", ""osm_id"": ""13185294670"", ""raw_id"": 6454, ""raw_table"": ""raw_osm_points"", ""population"": null, ""external_id"": ""osm:node:13185294670"", ""region_code"": ""MM-YANGON"", ""osm_feature_type"": ""N"", ""snapshot_version"": ""osm_myanmar_2026_07_21_yangon_city_v1"", ""source_snapshot_id"": 9, ""source_classification"": ""settlement""}"
osm:node:13185294665,safe_new,အမှတ် (၂၃) ရပ်ကွက်,အမှတ် (၂၃) ရပ်ကွက်,quarter,quarter,settlement,16.8346176,96.219467,80.00,7806addac81daf2efc104dedb88af133,"{""place"": ""quarter"", ""osm_id"": ""13185294665"", ""raw_id"": 6461, ""raw_table"": ""raw_osm_points"", ""population"": null, ""external_id"": ""osm:node:13185294665"", ""region_code"": ""MM-YANGON"", ""osm_feature_type"": ""N"", ""snapshot_version"": ""osm_myanmar_2026_07_21_yangon_city_v1"", ""source_snapshot_id"": 9, ""source_classification"": ""settlement""}"
osm:node:13185294643,safe_new,အမှတ် (၆၄) ရပ်ကွက်,အမှတ် (၆၄) ရပ်ကွက်,quarter,quarter,settlement,16.8398887,96.2275885,80.00,c4465fdac58da7e095d5046f7ea7ca60,"{""place"": ""quarter"", ""osm_id"": ""13185294643"", ""raw_id"": 6480, ""raw_table"": ""raw_osm_points"", ""population"": null, ""external_id"": ""osm:node:13185294643"", ""region_code"": ""MM-YANGON"", ""osm_feature_type"": ""N"", ""snapshot_version"": ""osm_myanmar_2026_07_21_yangon_city_v1"", ""source_snapshot_id"": 9, ""source_classification"": ""settlement""}"
osm:node:13185294637,safe_new,အမှတ် (၂၁) ရပ်ကွက်,အမှတ် (၂၁) ရပ်ကွက်,quarter,quarter,settlement,16.842278,96.2358712,80.00,77b78cce77fe243253e81d17f8d0cce2,"{""place"": ""quarter"", ""osm_id"": ""13185294637"", ""raw_id"": 6509, ""raw_table"": ""raw_osm_points"", ""population"": null, ""external_id"": ""osm:node:13185294637"", ""region_code"": ""MM-YANGON"", ""osm_feature_type"": ""N"", ""snapshot_version"": ""osm_myanmar_2026_07_21_yangon_city_v1"", ""source_snapshot_id"": 9, ""source_classification"": ""settlement""}"
osm:node:13185294660,safe_new,အမှတ် (၆၆) ရပ်ကွက်,အမှတ် (၆၆) ရပ်ကွက်,quarter,quarter,settlement,16.8433928,96.2439077,80.00,b4e27c37a61eb3dcae5a7dabb362697a,"{""place"": ""quarter"", ""osm_id"": ""13185294660"", ""raw_id"": 6517, ""raw_table"": ""raw_osm_points"", ""population"": null, ""external_id"": ""osm:node:13185294660"", ""region_code"": ""MM-YANGON"", ""osm_feature_type"": ""N"", ""snapshot_version"": ""osm_myanmar_2026_07_21_yangon_city_v1"", ""source_snapshot_id"": 9, ""source_classification"": ""settlement""}"
osm:node:13188170378,safe_new,အမှတ် (၆၀) ရပ်ကွက်,အမှတ် (၆၀) ရပ်ကွက်,quarter,quarter,settlement,16.8317541,96.2480695,80.00,831969e37cbf2a798c25bbcfeb9039cb,"{""place"": ""quarter"", ""osm_id"": ""13188170378"", ""raw_id"": 6563, ""raw_table"": ""raw_osm_points"", ""population"": null, ""external_id"": ""osm:node:13188170378"", ""region_code"": ""MM-YANGON"", ""osm_feature_type"": ""N"", ""snapshot_version"": ""osm_myanmar_2026_07_21_yangon_city_v1"", ""source_snapshot_id"": 9, ""source_classification"": ""settlement""}"
osm:node:13188170388,safe_new,အမှတ် (၆၁) ရပ်ကွက်,အမှတ် (၆၁) ရပ်ကွက်,quarter,quarter,settlement,16.8205113,96.2447825,80.00,9972b14924d3b38f5650883bde1b692d,"{""place"": ""quarter"", ""osm_id"": ""13188170388"", ""raw_id"": 6570, ""raw_table"": ""raw_osm_points"", ""population"": null, ""external_id"": ""osm:node:13188170388"", ""region_code"": ""MM-YANGON"", ""osm_feature_type"": ""N"", ""snapshot_version"": ""osm_myanmar_2026_07_21_yangon_city_v1"", ""source_snapshot_id"": 9, ""source_classification"": ""settlement""}"
osm:node:13185294667,safe_new,အမှတ် (၆၂) ရပ်ကွက်,အမှတ် (၆၂) ရပ်ကွက်,quarter,quarter,settlement,16.8244602,96.2369686,80.00,f448550f41d4bacb1e1657300e63c487,"{""place"": ""quarter"", ""osm_id"": ""13185294667"", ""raw_id"": 6584, ""raw_table"": ""raw_osm_points"", ""population"": null, ""external_id"": ""osm:node:13185294667"", ""region_code"": ""MM-YANGON"", ""osm_feature_type"": ""N"", ""snapshot_version"": ""osm_myanmar_2026_07_21_yangon_city_v1"", ""source_snapshot_id"": 9, ""source_classification"": ""settlement""}"
osm:node:13185291962,safe_new,အမှတ် (၂၂) ရပ်ကွက်,အမှတ် (၂၂) ရပ်ကွက်,quarter,quarter,settlement,16.8213143,96.2276666,80.00,75c684852a00a9e738873ebc7fe5d11d,"{""place"": ""quarter"", ""osm_id"": ""13185291962"", ""raw_id"": 6597, ""raw_table"": ""raw_osm_points"", ""population"": null, ""external_id"": ""osm:node:13185291962"", ""region_code"": ""MM-YANGON"", ""osm_feature_type"": ""N"", ""snapshot_version"": ""osm_myanmar_2026_07_21_yangon_city_v1"", ""source_snapshot_id"": 9, ""source_classification"": ""settlement""}"
osm:node:13183321475,safe_new,အမှတ် (၁၀) ရပ်ကွက် (မြောက်),အမှတ် (၁၀) ရပ်ကွက် (မြောက်),quarter,quarter,settlement,16.8051858,96.228532,80.00,30b7658e4360a708d735175c98896b41,"{""place"": ""quarter"", ""osm_id"": ""13183321475"", ""raw_id"": 6944, ""raw_table"": ""raw_osm_points"", ""population"": null, ""external_id"": ""osm:node:13183321475"", ""region_code"": ""MM-YANGON"", ""osm_feature_type"": ""N"", ""snapshot_version"": ""osm_myanmar_2026_07_21_yangon_city_v1"", ""source_snapshot_id"": 9, ""source_classification"": ""settlement""}"
osm:node:13183321473,safe_new,အမှတ် (၈) ရပ်ကွက်,အမှတ် (၈) ရပ်ကွက်,quarter,quarter,settlement,16.809208,96.2143107,80.00,1a168c677f3149144ca9bbbb3ad0ead0,"{""place"": ""quarter"", ""osm_id"": ""13183321473"", ""raw_id"": 7018, ""raw_table"": ""raw_osm_points"", ""population"": null, ""external_id"": ""osm:node:13183321473"", ""region_code"": ""MM-YANGON"", ""osm_feature_type"": ""N"", ""snapshot_version"": ""osm_myanmar_2026_07_21_yangon_city_v1"", ""source_snapshot_id"": 9, ""source_classification"": ""settlement""}"
osm:node:13183321469,safe_new,စက်မှုလက်မှုရပ်ကွက်,စက်မှုလက်မှုရပ်ကွက်,quarter,quarter,settlement,16.8077726,96.2017806,80.00,da12716a4028102824359e757c6bbf10,"{""place"": ""quarter"", ""osm_id"": ""13183321469"", ""raw_id"": 7098, ""raw_table"": ""raw_osm_points"", ""population"": null, ""external_id"": ""osm:node:13183321469"", ""region_code"": ""MM-YANGON"", ""osm_feature_type"": ""N"", ""snapshot_version"": ""osm_myanmar_2026_07_21_yangon_city_v1"", ""source_snapshot_id"": 9, ""source_classification"": ""settlement""}"
osm:node:13183303833,safe_new,ဗမာအေးရပ်ကွက်,ဗမာအေးရပ်ကွက်,quarter,quarter,settlement,16.7998067,96.1954982,80.00,d386233f4729d06c7a85edae83e4d34b,"{""place"": ""quarter"", ""osm_id"": ""13183303833"", ""raw_id"": 7142, ""raw_table"": ""raw_osm_points"", ""population"": null, ""external_id"": ""osm:node:13183303833"", ""region_code"": ""MM-YANGON"", ""osm_feature_type"": ""N"", ""snapshot_version"": ""osm_myanmar_2026_07_21_yangon_city_v1"", ""source_snapshot_id"": 9, ""source_classification"": ""settlement""}"
osm:node:13183321464,safe_new,အမှတ် (၁) အနော်မာရပ်ကွက်,အမှတ် (၁) အနော်မာရပ်ကွက်,quarter,quarter,settlement,16.8001137,96.1993834,80.00,428ce34754672bc23f060082466529e7,"{""place"": ""quarter"", ""osm_id"": ""13183321464"", ""raw_id"": 7146, ""raw_table"": ""raw_osm_points"", ""population"": null, ""external_id"": ""osm:node:13183321464"", ""region_code"": ""MM-YANGON"", ""osm_feature_type"": ""N"", ""snapshot_version"": ""osm_myanmar_2026_07_21_yangon_city_v1"", ""source_snapshot_id"": 9, ""source_classification"": ""settlement""}"
osm:node:13183321466,safe_new,အမှတ် (၁) ထူပါရုံရပ်ကွက်,အမှတ် (၁) ထူပါရုံရပ်ကွက်,quarter,quarter,settlement,16.7984661,96.203578,80.00,5653338193c6107e8ff194e83d8fbbe2,"{""place"": ""quarter"", ""osm_id"": ""13183321466"", ""raw_id"": 7150, ""raw_table"": ""raw_osm_points"", ""population"": null, ""external_id"": ""osm:node:13183321466"", ""region_code"": ""MM-YANGON"", ""osm_feature_type"": ""N"", ""snapshot_version"": ""osm_myanmar_2026_07_21_yangon_city_v1"", ""source_snapshot_id"": 9, ""source_classification"": ""settlement""}"
osm:node:3534630211,safe_new,သာကေတ,သာကေတ,suburb,suburb,settlement,16.7980403,96.2072005,80.00,99a9669e264aae7d634e72cf1ffe7f13,"{""place"": ""suburb"", ""osm_id"": ""3534630211"", ""raw_id"": 7166, ""raw_table"": ""raw_osm_points"", ""population"": null, ""external_id"": ""osm:node:3534630211"", ""region_code"": ""MM-YANGON"", ""osm_feature_type"": ""N"", ""snapshot_version"": ""osm_myanmar_2026_07_21_yangon_city_v1"", ""source_snapshot_id"": 9, ""source_classification"": ""settlement""}"
osm:node:13183321470,safe_new,အမှတ် (၇) ရပ်ကွက် (အနောက်),အမှတ် (၇) ရပ်ကွက် (အနောက်),quarter,quarter,settlement,16.8005773,96.2094255,80.00,7720798e382565920520785e857ce657,"{""place"": ""quarter"", ""osm_id"": ""13183321470"", ""raw_id"": 7169, ""raw_table"": ""raw_osm_points"", ""population"": null, ""external_id"": ""osm:node:13183321470"", ""region_code"": ""MM-YANGON"", ""osm_feature_type"": ""N"", ""snapshot_version"": ""osm_myanmar_2026_07_21_yangon_city_v1"", ""source_snapshot_id"": 9, ""source_classification"": ""settlement""}"
osm:node:13183321471,safe_new,အမှတ် (၇) ရပ်ကွက် (အရှေ့),အမှတ် (၇) ရပ်ကွက် (အရှေ့),quarter,quarter,settlement,16.8013283,96.2144232,80.00,d9ac8e488da94c6fd091a017c1183892,"{""place"": ""quarter"", ""osm_id"": ""13183321471"", ""raw_id"": 7219, ""raw_table"": ""raw_osm_points"", ""population"": null, ""external_id"": ""osm:node:13183321471"", ""region_code"": ""MM-YANGON"", ""osm_feature_type"": ""N"", ""snapshot_version"": ""osm_myanmar_2026_07_21_yangon_city_v1"", ""source_snapshot_id"": 9, ""source_classification"": ""settlement""}"
osm:node:13183321474,safe_new,အမှတ် (၁၀) ရပ်ကွက် (တောင်),အမှတ် (၁၀) ရပ်ကွက် (တောင်),quarter,quarter,settlement,16.7982132,96.2186461,80.00,47715f0989e0bb516836f8f5197d7bbb,"{""place"": ""quarter"", ""osm_id"": ""13183321474"", ""raw_id"": 7255, ""raw_table"": ""raw_osm_points"", ""population"": null, ""external_id"": ""osm:node:13183321474"", ""region_code"": ""MM-YANGON"", ""osm_feature_type"": ""N"", ""snapshot_version"": ""osm_myanmar_2026_07_21_yangon_city_v1"", ""source_snapshot_id"": 9, ""source_classification"": ""settlement""}"
osm:node:13183303832,safe_new,နွယ်အေးရပ်ကွက်,နွယ်အေးရပ်ကွက်,quarter,quarter,settlement,16.7958895,96.1924373,80.00,c59b0c48fdd9d546fc5a7b4517ba04b1,"{""place"": ""quarter"", ""osm_id"": ""13183303832"", ""raw_id"": 7374, ""raw_table"": ""raw_osm_points"", ""population"": null, ""external_id"": ""osm:node:13183303832"", ""region_code"": ""MM-YANGON"", ""osm_feature_type"": ""N"", ""snapshot_version"": ""osm_myanmar_2026_07_21_yangon_city_v1"", ""source_snapshot_id"": 9, ""source_classification"": ""settlement""}"
osm:node:13183303831,safe_new,ဗိုလ်ထွန်းဇံရပ်ကွက်,ဗိုလ်ထွန်းဇံရပ်ကွက်,quarter,quarter,settlement,16.7891603,96.1900778,80.00,bd93038fe27270560f9d0657edd5a121,"{""place"": ""quarter"", ""osm_id"": ""13183303831"", ""raw_id"": 7389, ""raw_table"": ""raw_osm_points"", ""population"": null, ""external_id"": ""osm:node:13183303831"", ""region_code"": ""MM-YANGON"", ""osm_feature_type"": ""N"", ""snapshot_version"": ""osm_myanmar_2026_07_21_yangon_city_v1"", ""source_snapshot_id"": 9, ""source_classification"": ""settlement""}"
osm:node:13183321461,safe_new,အမှတ် (၃) မန်ပြေရပ်ကွက်,အမှတ် (၃) မန်ပြေရပ်ကွက်,quarter,quarter,settlement,16.7827115,96.1959681,80.00,1f0899b77e824f0eab9aada2632ea564,"{""place"": ""quarter"", ""osm_id"": ""13183321461"", ""raw_id"": 7476, ""raw_table"": ""raw_osm_points"", ""population"": null, ""external_id"": ""osm:node:13183321461"", ""region_code"": ""MM-YANGON"", ""osm_feature_type"": ""N"", ""snapshot_version"": ""osm_myanmar_2026_07_21_yangon_city_v1"", ""source_snapshot_id"": 9, ""source_classification"": ""settlement""}"
osm:node:13183321459,safe_new,အမှတ် (၄) ရပ်ကွက် (မြောက်),အမှတ် (၄) ရပ်ကွက် (မြောက်),quarter,quarter,settlement,16.7831401,96.2011776,80.00,7e6264773a5be552e1996c3c1faf1662,"{""place"": ""quarter"", ""osm_id"": ""13183321459"", ""raw_id"": 7485, ""raw_table"": ""raw_osm_points"", ""population"": null, ""external_id"": ""osm:node:13183321459"", ""region_code"": ""MM-YANGON"", ""osm_feature_type"": ""N"", ""snapshot_version"": ""osm_myanmar_2026_07_21_yangon_city_v1"", ""source_snapshot_id"": 9, ""source_classification"": ""settlement""}"
osm:node:13183321458,safe_new,အမှတ် (၅) ရပ်ကွက်,အမှတ် (၅) ရပ်ကွက်,quarter,quarter,settlement,16.7886098,96.2032869,80.00,70cf7274eb410a5383f8d48cfd7e4d03,"{""place"": ""quarter"", ""osm_id"": ""13183321458"", ""raw_id"": 7498, ""raw_table"": ""raw_osm_points"", ""population"": null, ""external_id"": ""osm:node:13183321458"", ""region_code"": ""MM-YANGON"", ""osm_feature_type"": ""N"", ""snapshot_version"": ""osm_myanmar_2026_07_21_yangon_city_v1"", ""source_snapshot_id"": 9, ""source_classification"": ""settlement""}"
osm:node:13183321457,safe_new,ရှုခင်းသာရပ်ကွက်,ရှုခင်းသာရပ်ကွက်,quarter,quarter,settlement,16.7872101,96.2084778,80.00,90fb66061c5381df8ec1e9177d24b15b,"{""place"": ""quarter"", ""osm_id"": ""13183321457"", ""raw_id"": 7502, ""raw_table"": ""raw_osm_points"", ""population"": null, ""external_id"": ""osm:node:13183321457"", ""region_code"": ""MM-YANGON"", ""osm_feature_type"": ""N"", ""snapshot_version"": ""osm_myanmar_2026_07_21_yangon_city_v1"", ""source_snapshot_id"": 9, ""source_classification"": ""settlement""}"
osm:node:13161425796,safe_new,အမှတ် (၂) ရပ်ကွက်,အမှတ် (၂) ရပ်ကွက်,quarter,quarter,settlement,16.7704639,96.187813,80.00,f9f55f4c9fb54ef479e66444d4fd4f13,"{""place"": ""quarter"", ""osm_id"": ""13161425796"", ""raw_id"": 7522, ""raw_table"": ""raw_osm_points"", ""population"": null, ""external_id"": ""osm:node:13161425796"", ""region_code"": ""MM-YANGON"", ""osm_feature_type"": ""N"", ""snapshot_version"": ""osm_myanmar_2026_07_21_yangon_city_v1"", ""source_snapshot_id"": 9, ""source_classification"": ""settlement""}"
osm:node:13183321460,safe_new,အမှတ် (၄) ရပ်ကွက် (တောင်),အမှတ် (၄) ရပ်ကွက် (တောင်),quarter,quarter,settlement,16.7785295,96.1994001,80.00,ed3aafbc2812409e8cb4560f22482a07,"{""place"": ""quarter"", ""osm_id"": ""13183321460"", ""raw_id"": 7557, ""raw_table"": ""raw_osm_points"", ""population"": null, ""external_id"": ""osm:node:13183321460"", ""region_code"": ""MM-YANGON"", ""osm_feature_type"": ""N"", ""snapshot_version"": ""osm_myanmar_2026_07_21_yangon_city_v1"", ""source_snapshot_id"": 9, ""source_classification"": ""settlement""}"
osm:node:13183303835,safe_new,သင်္ဘောကျင်းရပ်ကွက်,သင်္ဘောကျင်းရပ်ကွက်,quarter,quarter,settlement,16.7742408,96.1965837,80.00,230597c7d178ba354ca5016eb9117cd1,"{""place"": ""quarter"", ""osm_id"": ""13183303835"", ""raw_id"": 7567, ""raw_table"": ""raw_osm_points"", ""population"": null, ""external_id"": ""osm:node:13183303835"", ""region_code"": ""MM-YANGON"", ""osm_feature_type"": ""N"", ""snapshot_version"": ""osm_myanmar_2026_07_21_yangon_city_v1"", ""source_snapshot_id"": 9, ""source_classification"": ""settlement""}"
osm:node:13183303838,safe_new,ယမုံနာ(၁)ရပ်ကွက်,ယမုံနာ(၁)ရပ်ကွက်,quarter,quarter,settlement,16.7769671,96.1901242,80.00,81eb6ee09a3f934e7ae9e282425e85d1,"{""place"": ""quarter"", ""osm_id"": ""13183303838"", ""raw_id"": 7577, ""raw_table"": ""raw_osm_points"", ""population"": null, ""external_id"": ""osm:node:13183303838"", ""region_code"": ""MM-YANGON"", ""osm_feature_type"": ""N"", ""snapshot_version"": ""osm_myanmar_2026_07_21_yangon_city_v1"", ""source_snapshot_id"": 9, ""source_classification"": ""settlement""}"
osm:node:13183303837,safe_new,ဇေယျာသီရိရပ်ကွက်,ဇေယျာသီရိရပ်ကွက်,quarter,quarter,settlement,16.7782503,96.1928188,80.00,2f6cc3c924fae911b0e410dc2fe3bf93,"{""place"": ""quarter"", ""osm_id"": ""13183303837"", ""raw_id"": 7582, ""raw_table"": ""raw_osm_points"", ""population"": null, ""external_id"": ""osm:node:13183303837"", ""region_code"": ""MM-YANGON"", ""osm_feature_type"": ""N"", ""snapshot_version"": ""osm_myanmar_2026_07_21_yangon_city_v1"", ""source_snapshot_id"": 9, ""source_classification"": ""settlement""}"
osm:node:13183303836,safe_new,ယမုံနာ(၂)ရပ်ကွက်,ယမုံနာ(၂)ရပ်ကွက်,quarter,quarter,settlement,16.7794484,96.1864937,80.00,acb20f802c76b4eac3e37ad12b1f0230,"{""place"": ""quarter"", ""osm_id"": ""13183303836"", ""raw_id"": 7606, ""raw_table"": ""raw_osm_points"", ""population"": null, ""external_id"": ""osm:node:13183303836"", ""region_code"": ""MM-YANGON"", ""osm_feature_type"": ""N"", ""snapshot_version"": ""osm_myanmar_2026_07_21_yangon_city_v1"", ""source_snapshot_id"": 9, ""source_classification"": ""settlement""}"
osm:node:13183303827,safe_new,အောင်ချမ်းသာရပ်ကွက်,အောင်ချမ်းသာရပ်ကွက်,quarter,quarter,settlement,16.7797582,96.1810081,80.00,3e5d12c165492a6da892f2cdfeb4ff4a,"{""place"": ""quarter"", ""osm_id"": ""13183303827"", ""raw_id"": 7621, ""raw_table"": ""raw_osm_points"", ""population"": null, ""external_id"": ""osm:node:13183303827"", ""region_code"": ""MM-YANGON"", ""osm_feature_type"": ""N"", ""snapshot_version"": ""osm_myanmar_2026_07_21_yangon_city_v1"", ""source_snapshot_id"": 9, ""source_classification"": ""settlement""}"
osm:node:13161454455,safe_new,အမှတ် (၄) ရပ်ကွက်,အမှတ် (၄) ရပ်ကွက်,quarter,quarter,settlement,16.7751544,96.1821728,80.00,fe254b7fca03fcc29f74eb57f07cb299,"{""place"": ""quarter"", ""osm_id"": ""13161454455"", ""raw_id"": 7630, ""raw_table"": ""raw_osm_points"", ""population"": null, ""external_id"": ""osm:node:13161454455"", ""region_code"": ""MM-YANGON"", ""osm_feature_type"": ""N"", ""snapshot_version"": ""osm_myanmar_2026_07_21_yangon_city_v1"", ""source_snapshot_id"": 9, ""source_classification"": ""settlement""}"
osm:node:13161454454,safe_new,အမှတ် (၃) ရပ်ကွက်,အမှတ် (၃) ရပ်ကွက်,quarter,quarter,settlement,16.7753232,96.178865,80.00,84d4423f7a74ce1d39fe9cb9ce8cf2f9,"{""place"": ""quarter"", ""osm_id"": ""13161454454"", ""raw_id"": 7650, ""raw_table"": ""raw_osm_points"", ""population"": null, ""external_id"": ""osm:node:13161454454"", ""region_code"": ""MM-YANGON"", ""osm_feature_type"": ""N"", ""snapshot_version"": ""osm_myanmar_2026_07_21_yangon_city_v1"", ""source_snapshot_id"": 9, ""source_classification"": ""settlement""}"
osm:node:13161454452,safe_new,အမှတ် (၂) ရပ်ကွက်,အမှတ် (၂) ရပ်ကွက်,quarter,quarter,settlement,16.7758264,96.1749545,80.00,c53bb6a72b51291bb28649c2913689c2,"{""place"": ""quarter"", ""osm_id"": ""13161454452"", ""raw_id"": 7701, ""raw_table"": ""raw_osm_points"", ""population"": null, ""external_id"": ""osm:node:13161454452"", ""region_code"": ""MM-YANGON"", ""osm_feature_type"": ""N"", ""snapshot_version"": ""osm_myanmar_2026_07_21_yangon_city_v1"", ""source_snapshot_id"": 9, ""source_classification"": ""settlement""}"
osm:node:13161454453,safe_new,အမှတ် (၅) ရပ်ကွက်,အမှတ် (၅) ရပ်ကွက်,quarter,quarter,settlement,16.7788436,96.1765768,80.00,9b36b8ccd03abec7b12fca142580b12f,"{""place"": ""quarter"", ""osm_id"": ""13161454453"", ""raw_id"": 7730, ""raw_table"": ""raw_osm_points"", ""population"": null, ""external_id"": ""osm:node:13161454453"", ""region_code"": ""MM-YANGON"", ""osm_feature_type"": ""N"", ""snapshot_version"": ""osm_myanmar_2026_07_21_yangon_city_v1"", ""source_snapshot_id"": 9, ""source_classification"": ""settlement""}"
osm:node:13161454460,safe_new,အမှတ် (၈) ရပ်ကွက်,အမှတ် (၈) ရပ်ကွက်,quarter,quarter,settlement,16.7806149,96.169235,80.00,f20acf07199d12c06631f7c515ee20f4,"{""place"": ""quarter"", ""osm_id"": ""13161454460"", ""raw_id"": 7768, ""raw_table"": ""raw_osm_points"", ""population"": null, ""external_id"": ""osm:node:13161454460"", ""region_code"": ""MM-YANGON"", ""osm_feature_type"": ""N"", ""snapshot_version"": ""osm_myanmar_2026_07_21_yangon_city_v1"", ""source_snapshot_id"": 9, ""source_classification"": ""settlement""}"
osm:node:13161454458,safe_new,အမှတ် (၉) ရပ်ကွက်,အမှတ် (၉) ရပ်ကွက်,quarter,quarter,settlement,16.7795696,96.1704069,80.00,61b64dc1999b5dfbe395826410cd0988,"{""place"": ""quarter"", ""osm_id"": ""13161454458"", ""raw_id"": 7780, ""raw_table"": ""raw_osm_points"", ""population"": null, ""external_id"": ""osm:node:13161454458"", ""region_code"": ""MM-YANGON"", ""osm_feature_type"": ""N"", ""snapshot_version"": ""osm_myanmar_2026_07_21_yangon_city_v1"", ""source_snapshot_id"": 9, ""source_classification"": ""settlement""}"
osm:node:13161454459,safe_new,အမှတ် (၁၀) ရပ်ကွက်,အမှတ် (၁၀) ရပ်ကွက်,quarter,quarter,settlement,16.7778897,96.1716661,80.00,2ee103766b7e7c04b508bcf0b0b75bda,"{""place"": ""quarter"", ""osm_id"": ""13161454459"", ""raw_id"": 7825, ""raw_table"": ""raw_osm_points"", ""population"": null, ""external_id"": ""osm:node:13161454459"", ""region_code"": ""MM-YANGON"", ""osm_feature_type"": ""N"", ""snapshot_version"": ""osm_myanmar_2026_07_21_yangon_city_v1"", ""source_snapshot_id"": 9, ""source_classification"": ""settlement""}"
osm:node:13161425795,safe_new,အမှတ် (၁၀) ရပ်ကွက်,အမှတ် (၁၀) ရပ်ကွက်,quarter,quarter,settlement,16.7781548,96.1671697,80.00,8f7e4cf5469a80d465f8fad76dbb6f98,"{""place"": ""quarter"", ""osm_id"": ""13161425795"", ""raw_id"": 7863, ""raw_table"": ""raw_osm_points"", ""population"": null, ""external_id"": ""osm:node:13161425795"", ""region_code"": ""MM-YANGON"", ""osm_feature_type"": ""N"", ""snapshot_version"": ""osm_myanmar_2026_07_21_yangon_city_v1"", ""source_snapshot_id"": 9, ""source_classification"": ""settlement""}"
osm:node:13161362250,safe_new,အမှတ် (၅) ရပ်ကွက်,အမှတ် (၅) ရပ်ကွက်,quarter,quarter,settlement,16.7802731,96.1575461,80.00,29f13e5b50fd42557f6d85a6b1457af1,"{""place"": ""quarter"", ""osm_id"": ""13161362250"", ""raw_id"": 7903, ""raw_table"": ""raw_osm_points"", ""population"": null, ""external_id"": ""osm:node:13161362250"", ""region_code"": ""MM-YANGON"", ""osm_feature_type"": ""N"", ""snapshot_version"": ""osm_myanmar_2026_07_21_yangon_city_v1"", ""source_snapshot_id"": 9, ""source_classification"": ""settlement""}"
osm:node:13161362252,safe_new,အမှတ် (၇) ရပ်ကွက်,အမှတ် (၇) ရပ်ကွက်,quarter,quarter,settlement,16.7757106,96.1567028,80.00,3afef6c1733faabb2d45a36de8249b7a,"{""place"": ""quarter"", ""osm_id"": ""13161362252"", ""raw_id"": 8192, ""raw_table"": ""raw_osm_points"", ""population"": null, ""external_id"": ""osm:node:13161362252"", ""region_code"": ""MM-YANGON"", ""osm_feature_type"": ""N"", ""snapshot_version"": ""osm_myanmar_2026_07_21_yangon_city_v1"", ""source_snapshot_id"": 9, ""source_classification"": ""settlement""}"
osm:node:13161362256,safe_new,အမှတ် (၁၀) ရပ်ကွက်,အမှတ် (၁၀) ရပ်ကွက်,quarter,quarter,settlement,16.7756797,96.1577482,80.00,482020bacd5ea11cb08d6a670e7cc16f,"{""place"": ""quarter"", ""osm_id"": ""13161362256"", ""raw_id"": 8197, ""raw_table"": ""raw_osm_points"", ""population"": null, ""external_id"": ""osm:node:13161362256"", ""region_code"": ""MM-YANGON"", ""osm_feature_type"": ""N"", ""snapshot_version"": ""osm_myanmar_2026_07_21_yangon_city_v1"", ""source_snapshot_id"": 9, ""source_classification"": ""settlement""}"
osm:node:13161401530,safe_new,အမှတ် (၁) ရပ်ကွက်,အမှတ် (၁) ရပ်ကွက်,quarter,quarter,settlement,16.7748697,96.1589537,80.00,845286a5d29697be80aea44749eb557c,"{""place"": ""quarter"", ""osm_id"": ""13161401530"", ""raw_id"": 8222, ""raw_table"": ""raw_osm_points"", ""population"": null, ""external_id"": ""osm:node:13161401530"", ""region_code"": ""MM-YANGON"", ""osm_feature_type"": ""N"", ""snapshot_version"": ""osm_myanmar_2026_07_21_yangon_city_v1"", ""source_snapshot_id"": 9, ""source_classification"": ""settlement""}"
osm:node:13161401525,safe_new,အမှတ် (၄) ရပ်ကွက်,အမှတ် (၄) ရပ်ကွက်,quarter,quarter,settlement,16.7740227,96.1617151,80.00,c5282ab3145018428ddda740ec389f19,"{""place"": ""quarter"", ""osm_id"": ""13161401525"", ""raw_id"": 8309, ""raw_table"": ""raw_osm_points"", ""population"": null, ""external_id"": ""osm:node:13161401525"", ""region_code"": ""MM-YANGON"", ""osm_feature_type"": ""N"", ""snapshot_version"": ""osm_myanmar_2026_07_21_yangon_city_v1"", ""source_snapshot_id"": 9, ""source_classification"": ""settlement""}"
osm:node:3533045170,safe_new,ကျောက်တံတား,ကျောက်တံတား,suburb,suburb,settlement,16.774106,96.1619839,80.00,a9b771c3f9a89e9d693fdcf09c1176db,"{""place"": ""suburb"", ""osm_id"": ""3533045170"", ""raw_id"": 8310, ""raw_table"": ""raw_osm_points"", ""population"": null, ""external_id"": ""osm:node:3533045170"", ""region_code"": ""MM-YANGON"", ""osm_feature_type"": ""N"", ""snapshot_version"": ""osm_myanmar_2026_07_21_yangon_city_v1"", ""source_snapshot_id"": 9, ""source_classification"": ""settlement""}"
osm:node:13161401523,safe_new,အမှတ် (၃) ရပ်ကွက်,အမှတ် (၃) ရပ်ကွက်,quarter,quarter,settlement,16.7742801,96.1610801,80.00,51ecc8a2088794159e149b473a94bf6a,"{""place"": ""quarter"", ""osm_id"": ""13161401523"", ""raw_id"": 8318, ""raw_table"": ""raw_osm_points"", ""population"": null, ""external_id"": ""osm:node:13161401523"", ""region_code"": ""MM-YANGON"", ""osm_feature_type"": ""N"", ""snapshot_version"": ""osm_myanmar_2026_07_21_yangon_city_v1"", ""source_snapshot_id"": 9, ""source_classification"": ""settlement""}"
osm:node:13161401531,safe_new,အမှတ် (၂) ရပ်ကွက်,အမှတ် (၂) ရပ်ကွက်,quarter,quarter,settlement,16.774581,96.1602423,80.00,08d8f9b129ab6ac235efd0ec0ce22b1a,"{""place"": ""quarter"", ""osm_id"": ""13161401531"", ""raw_id"": 8327, ""raw_table"": ""raw_osm_points"", ""population"": null, ""external_id"": ""osm:node:13161401531"", ""region_code"": ""MM-YANGON"", ""osm_feature_type"": ""N"", ""snapshot_version"": ""osm_myanmar_2026_07_21_yangon_city_v1"", ""source_snapshot_id"": 9, ""source_classification"": ""settlement""}"
osm:node:13161401527,safe_new,အမှတ် (၅) ရပ်ကွက်,အမှတ် (၅) ရပ်ကွက်,quarter,quarter,settlement,16.7744677,96.1622547,80.00,d782042babbaaac44018c6cd8f1b4aa7,"{""place"": ""quarter"", ""osm_id"": ""13161401527"", ""raw_id"": 8347, ""raw_table"": ""raw_osm_points"", ""population"": null, ""external_id"": ""osm:node:13161401527"", ""region_code"": ""MM-YANGON"", ""osm_feature_type"": ""N"", ""snapshot_version"": ""osm_myanmar_2026_07_21_yangon_city_v1"", ""source_snapshot_id"": 9, ""source_classification"": ""settlement""}"
osm:node:13161401524,safe_new,အမှတ် (၆) ရပ်ကွက်,အမှတ် (၆) ရပ်ကွက်,quarter,quarter,settlement,16.7746929,96.1627223,80.00,2b79554b829864528e1b5545a81db7f2,"{""place"": ""quarter"", ""osm_id"": ""13161401524"", ""raw_id"": 8356, ""raw_table"": ""raw_osm_points"", ""population"": null, ""external_id"": ""osm:node:13161401524"", ""region_code"": ""MM-YANGON"", ""osm_feature_type"": ""N"", ""snapshot_version"": ""osm_myanmar_2026_07_21_yangon_city_v1"", ""source_snapshot_id"": 9, ""source_classification"": ""settlement""}"
osm:node:13161401528,safe_new,အမှတ် (၈) ရပ်ကွက်,အမှတ် (၈) ရပ်ကွက်,quarter,quarter,settlement,16.7741848,96.1637326,80.00,2e871436379cb5954ba57b1bcb12e5c7,"{""place"": ""quarter"", ""osm_id"": ""13161401528"", ""raw_id"": 8380, ""raw_table"": ""raw_osm_points"", ""population"": null, ""external_id"": ""osm:node:13161401528"", ""region_code"": ""MM-YANGON"", ""osm_feature_type"": ""N"", ""snapshot_version"": ""osm_myanmar_2026_07_21_yangon_city_v1"", ""source_snapshot_id"": 9, ""source_classification"": ""settlement""}"
osm:node:13161401526,safe_new,အမှတ် (၇) ရပ်ကွက်,အမှတ် (၇) ရပ်ကွက်,quarter,quarter,settlement,16.7740855,96.163195,80.00,f5a567f53bdd7aa7a99afe126a3a1980,"{""place"": ""quarter"", ""osm_id"": ""13161401526"", ""raw_id"": 8394, ""raw_table"": ""raw_osm_points"", ""population"": null, ""external_id"": ""osm:node:13161401526"", ""region_code"": ""MM-YANGON"", ""osm_feature_type"": ""N"", ""snapshot_version"": ""osm_myanmar_2026_07_21_yangon_city_v1"", ""source_snapshot_id"": 9, ""source_classification"": ""settlement""}"
osm:node:13161401529,safe_new,အမှတ် (၉) ရပ်ကွက်,အမှတ် (၉) ရပ်ကွက်,quarter,quarter,settlement,16.7743226,96.1642297,80.00,81bea152a5a668ef98f2e7116374faa3,"{""place"": ""quarter"", ""osm_id"": ""13161401529"", ""raw_id"": 8438, ""raw_table"": ""raw_osm_points"", ""population"": null, ""external_id"": ""osm:node:13161401529"", ""region_code"": ""MM-YANGON"", ""osm_feature_type"": ""N"", ""snapshot_version"": ""osm_myanmar_2026_07_21_yangon_city_v1"", ""source_snapshot_id"": 9, ""source_classification"": ""settlement""}"
osm:node:13161454457,safe_new,အမှတ် (၁) ရပ်ကွက်,အမှတ် (၁) ရပ်ကွက်,quarter,quarter,settlement,16.7752034,96.1715032,80.00,1cd7dfe1228d614a9cfa7e64f5a3670a,"{""place"": ""quarter"", ""osm_id"": ""13161454457"", ""raw_id"": 8573, ""raw_table"": ""raw_osm_points"", ""population"": null, ""external_id"": ""osm:node:13161454457"", ""region_code"": ""MM-YANGON"", ""osm_feature_type"": ""N"", ""snapshot_version"": ""osm_myanmar_2026_07_21_yangon_city_v1"", ""source_snapshot_id"": 9, ""source_classification"": ""settlement""}"
osm:node:13161425800,safe_new,အမှတ် (၉) ရပ်ကွက်,အမှတ် (၉) ရပ်ကွက်,quarter,quarter,settlement,16.7740548,96.1686712,80.00,ffa57f6c55a0faa580682076bda1354a,"{""place"": ""quarter"", ""osm_id"": ""13161425800"", ""raw_id"": 8611, ""raw_table"": ""raw_osm_points"", ""population"": null, ""external_id"": ""osm:node:13161425800"", ""region_code"": ""MM-YANGON"", ""osm_feature_type"": ""N"", ""snapshot_version"": ""osm_myanmar_2026_07_21_yangon_city_v1"", ""source_snapshot_id"": 9, ""source_classification"": ""settlement""}"
osm:node:3983239313,safe_new,52nd Street Makami Area,52nd Street Makami Area,neighbourhood,neighbourhood,settlement,16.772833,96.1718108,80.00,5ffbded3924eea10b0e3f30f8cc44894,"{""place"": ""neighbourhood"", ""osm_id"": ""3983239313"", ""raw_id"": 8637, ""raw_table"": ""raw_osm_points"", ""population"": null, ""external_id"": ""osm:node:3983239313"", ""region_code"": ""MM-YANGON"", ""osm_feature_type"": ""N"", ""snapshot_version"": ""osm_myanmar_2026_07_21_yangon_city_v1"", ""source_snapshot_id"": 9, ""source_classification"": ""settlement""}"
osm:node:13161425794,safe_new,အမှတ် (၆) ရပ်ကွက်,အမှတ် (၆) ရပ်ကွက်,quarter,quarter,settlement,16.7704066,96.1688622,80.00,90d415f780848829cce658cdb616b4be,"{""place"": ""quarter"", ""osm_id"": ""13161425794"", ""raw_id"": 8660, ""raw_table"": ""raw_osm_points"", ""population"": null, ""external_id"": ""osm:node:13161425794"", ""region_code"": ""MM-YANGON"", ""osm_feature_type"": ""N"", ""snapshot_version"": ""osm_myanmar_2026_07_21_yangon_city_v1"", ""source_snapshot_id"": 9, ""source_classification"": ""settlement""}"
osm:node:13161425801,safe_new,အမှတ် (၇) ရပ်ကွက်,အမှတ် (၇) ရပ်ကွက်,quarter,quarter,settlement,16.7704211,96.1649494,80.00,dbfdf2d630a43a341c520f7409ca3715,"{""place"": ""quarter"", ""osm_id"": ""13161425801"", ""raw_id"": 8707, ""raw_table"": ""raw_osm_points"", ""population"": null, ""external_id"": ""osm:node:13161425801"", ""region_code"": ""MM-YANGON"", ""osm_feature_type"": ""N"", ""snapshot_version"": ""osm_myanmar_2026_07_21_yangon_city_v1"", ""source_snapshot_id"": 9, ""source_classification"": ""settlement""}"
osm:node:13161425803,safe_new,အမှတ် (၈) ရပ်ကွက်,အမှတ် (၈) ရပ်ကွက်,quarter,quarter,settlement,16.7728849,96.1657879,80.00,e5ee82cbcd848e33f25e8284eb8e0363,"{""place"": ""quarter"", ""osm_id"": ""13161425803"", ""raw_id"": 8795, ""raw_table"": ""raw_osm_points"", ""population"": null, ""external_id"": ""osm:node:13161425803"", ""region_code"": ""MM-YANGON"", ""osm_feature_type"": ""N"", ""snapshot_version"": ""osm_myanmar_2026_07_21_yangon_city_v1"", ""source_snapshot_id"": 9, ""source_classification"": ""settlement""}"
osm:node:13161362251,safe_new,အမှတ် (၉) ရပ်ကွက်,အမှတ် (၉) ရပ်ကွက်,quarter,quarter,settlement,16.7732036,96.1577268,80.00,96db8421a2a8edcfeb45d9337f25c513,"{""place"": ""quarter"", ""osm_id"": ""13161362251"", ""raw_id"": 8917, ""raw_table"": ""raw_osm_points"", ""population"": null, ""external_id"": ""osm:node:13161362251"", ""region_code"": ""MM-YANGON"", ""osm_feature_type"": ""N"", ""snapshot_version"": ""osm_myanmar_2026_07_21_yangon_city_v1"", ""source_snapshot_id"": 9, ""source_classification"": ""settlement""}"
osm:node:13161362253,safe_new,အမှတ် (၆) ရပ်ကွက်,အမှတ် (၆) ရပ်ကွက်,quarter,quarter,settlement,16.7732208,96.1566605,80.00,84a808854329d387e107ee471fd4b7e8,"{""place"": ""quarter"", ""osm_id"": ""13161362253"", ""raw_id"": 8919, ""raw_table"": ""raw_osm_points"", ""population"": null, ""external_id"": ""osm:node:13161362253"", ""region_code"": ""MM-YANGON"", ""osm_feature_type"": ""N"", ""snapshot_version"": ""osm_myanmar_2026_07_21_yangon_city_v1"", ""source_snapshot_id"": 9, ""source_classification"": ""settlement""}"
osm:node:13161425797,safe_new,ဆိပ်ကမ်းမိသားစုရိပ်သာရပ်ကွက်,ဆိပ်ကမ်းမိသားစုရိပ်သာရပ်ကွက်,quarter,quarter,settlement,16.7680277,96.1644543,80.00,470697b9bffccaa16e914b99f63da125,"{""place"": ""quarter"", ""osm_id"": ""13161425797"", ""raw_id"": 9044, ""raw_table"": ""raw_osm_points"", ""population"": null, ""external_id"": ""osm:node:13161425797"", ""region_code"": ""MM-YANGON"", ""osm_feature_type"": ""N"", ""snapshot_version"": ""osm_myanmar_2026_07_21_yangon_city_v1"", ""source_snapshot_id"": 9, ""source_classification"": ""settlement""}"
osm:node:13161425802,safe_new,ရဲရိပ်သာရပ်ကွက်,ရဲရိပ်သာရပ်ကွက်,quarter,quarter,settlement,16.7680406,96.1727241,80.00,8555b57e9ea9896f3ed53a1fe8a4dbb4,"{""place"": ""quarter"", ""osm_id"": ""13161425802"", ""raw_id"": 9102, ""raw_table"": ""raw_osm_points"", ""population"": null, ""external_id"": ""osm:node:13161425802"", ""region_code"": ""MM-YANGON"", ""osm_feature_type"": ""N"", ""snapshot_version"": ""osm_myanmar_2026_07_21_yangon_city_v1"", ""source_snapshot_id"": 9, ""source_classification"": ""settlement""}"
osm:node:13161425804,safe_new,အမှတ် (၄) ရပ်ကွက်,အမှတ် (၄) ရပ်ကွက်,quarter,quarter,settlement,16.7716007,96.1739641,80.00,5033dbe947284a065c7b29acaa2552f0,"{""place"": ""quarter"", ""osm_id"": ""13161425804"", ""raw_id"": 9145, ""raw_table"": ""raw_osm_points"", ""population"": null, ""external_id"": ""osm:node:13161425804"", ""region_code"": ""MM-YANGON"", ""osm_feature_type"": ""N"", ""snapshot_version"": ""osm_myanmar_2026_07_21_yangon_city_v1"", ""source_snapshot_id"": 9, ""source_classification"": ""settlement""}"
osm:node:13229162424,safe_new,ကမာကဆစ်ရပ်ကွက်,ကမာကဆစ်ရပ်ကွက်,quarter,quarter,settlement,16.761833,96.1424513,80.00,081aa29c712a1d40f151e927c1f52bad,"{""place"": ""quarter"", ""osm_id"": ""13229162424"", ""raw_id"": 9209, ""raw_table"": ""raw_osm_points"", ""population"": null, ""external_id"": ""osm:node:13229162424"", ""region_code"": ""MM-YANGON"", ""osm_feature_type"": ""N"", ""snapshot_version"": ""osm_myanmar_2026_07_21_yangon_city_v1"", ""source_snapshot_id"": 9, ""source_classification"": ""settlement""}"
osm:node:13229162430,safe_new,ဘီအိုင်/အိုင်အက်ဖ်ရပ်ကွက်,ဘီအိုင်/အိုင်အက်ဖ်ရပ်ကွက်,quarter,quarter,settlement,16.7603365,96.1530696,80.00,b098a287110a8012af83dd6fd9893ffe,"{""place"": ""quarter"", ""osm_id"": ""13229162430"", ""raw_id"": 9221, ""raw_table"": ""raw_osm_points"", ""population"": null, ""external_id"": ""osm:node:13229162430"", ""region_code"": ""MM-YANGON"", ""osm_feature_type"": ""N"", ""snapshot_version"": ""osm_myanmar_2026_07_21_yangon_city_v1"", ""source_snapshot_id"": 9, ""source_classification"": ""settlement""}"
osm:node:267340152,safe_new,ဒလ,ဒလ,town,town,settlement,16.757471,96.1525092,80.00,60022c4751b398a3b3a3d625c76c37ad,"{""place"": ""town"", ""osm_id"": ""267340152"", ""raw_id"": 9241, ""raw_table"": ""raw_osm_points"", ""population"": null, ""external_id"": ""osm:node:267340152"", ""region_code"": ""MM-YANGON"", ""osm_feature_type"": ""N"", ""snapshot_version"": ""osm_myanmar_2026_07_21_yangon_city_v1"", ""source_snapshot_id"": 9, ""source_classification"": ""settlement""}"
osm:node:13229162407,safe_new,ဗညားဒလရပ်ကွက်,ဗညားဒလရပ်ကွက်,quarter,quarter,settlement,16.7541253,96.1507539,80.00,1cce8bf54fd678e9b2fa0ba08e88ba27,"{""place"": ""quarter"", ""osm_id"": ""13229162407"", ""raw_id"": 9246, ""raw_table"": ""raw_osm_points"", ""population"": null, ""external_id"": ""osm:node:13229162407"", ""region_code"": ""MM-YANGON"", ""osm_feature_type"": ""N"", ""snapshot_version"": ""osm_myanmar_2026_07_21_yangon_city_v1"", ""source_snapshot_id"": 9, ""source_classification"": ""settlement""}"
osm:node:13229162423,safe_new,မှော်စက်ရပ်ကွက်,မှော်စက်ရပ်ကွက်,quarter,quarter,settlement,16.7636167,96.1378939,80.00,604d5151c205b80efee9ef02462b100b,"{""place"": ""quarter"", ""osm_id"": ""13229162423"", ""raw_id"": 9263, ""raw_table"": ""raw_osm_points"", ""population"": null, ""external_id"": ""osm:node:13229162423"", ""region_code"": ""MM-YANGON"", ""osm_feature_type"": ""N"", ""snapshot_version"": ""osm_myanmar_2026_07_21_yangon_city_v1"", ""source_snapshot_id"": 9, ""source_classification"": ""settlement""}"
osm:node:4024644079,safe_new,ဆိပ်ကမ်း,ဆိပ်ကမ်း,suburb,suburb,settlement,16.7711884,96.1501676,80.00,ab8d43f676744c4899d2cf4672bebc64,"{""place"": ""suburb"", ""osm_id"": ""4024644079"", ""raw_id"": 9272, ""raw_table"": ""raw_osm_points"", ""population"": null, ""external_id"": ""osm:node:4024644079"", ""region_code"": ""MM-YANGON"", ""osm_feature_type"": ""N"", ""snapshot_version"": ""osm_myanmar_2026_07_21_yangon_city_v1"", ""source_snapshot_id"": 9, ""source_classification"": ""settlement""}"
osm:node:13161362255,safe_new,အမှတ် (၃) ရပ်ကွက်,အမှတ် (၃) ရပ်ကွက်,quarter,quarter,settlement,16.7728839,96.1556715,80.00,b97957d0c5290cdd396c2ed2ce4b5c2e,"{""place"": ""quarter"", ""osm_id"": ""13161362255"", ""raw_id"": 9313, ""raw_table"": ""raw_osm_points"", ""population"": null, ""external_id"": ""osm:node:13161362255"", ""region_code"": ""MM-YANGON"", ""osm_feature_type"": ""N"", ""snapshot_version"": ""osm_myanmar_2026_07_21_yangon_city_v1"", ""source_snapshot_id"": 9, ""source_classification"": ""settlement""}"
osm:node:13161362257,safe_new,အမှတ် (၁) ရပ်ကွက်,အမှတ် (၁) ရပ်ကွက်,quarter,quarter,settlement,16.7733105,96.1539492,80.00,63190e17fa24132ae35899c16437a360,"{""place"": ""quarter"", ""osm_id"": ""13161362257"", ""raw_id"": 9328, ""raw_table"": ""raw_osm_points"", ""population"": null, ""external_id"": ""osm:node:13161362257"", ""region_code"": ""MM-YANGON"", ""osm_feature_type"": ""N"", ""snapshot_version"": ""osm_myanmar_2026_07_21_yangon_city_v1"", ""source_snapshot_id"": 9, ""source_classification"": ""settlement""}"
osm:node:13161358320,safe_new,အမှတ် (၃) ရပ်ကွက်,အမှတ် (၃) ရပ်ကွက်,quarter,quarter,settlement,16.7734089,96.1497882,80.00,c006befd8f5726877d163facd3c7a15a,"{""place"": ""quarter"", ""osm_id"": ""13161358320"", ""raw_id"": 9401, ""raw_table"": ""raw_osm_points"", ""population"": null, ""external_id"": ""osm:node:13161358320"", ""region_code"": ""MM-YANGON"", ""osm_feature_type"": ""N"", ""snapshot_version"": ""osm_myanmar_2026_07_21_yangon_city_v1"", ""source_snapshot_id"": 9, ""source_classification"": ""settlement""}"
osm:node:13161347610,safe_new,မော်တင်ယာယီဈေးရပ်ကွက်,မော်တင်ယာယီဈေးရပ်ကွက်,quarter,quarter,settlement,16.7737893,96.1418932,80.00,0055302486671fc8b0e704aaf4baa633,"{""place"": ""quarter"", ""osm_id"": ""13161347610"", ""raw_id"": 9464, ""raw_table"": ""raw_osm_points"", ""population"": null, ""external_id"": ""osm:node:13161347610"", ""region_code"": ""MM-YANGON"", ""osm_feature_type"": ""N"", ""snapshot_version"": ""osm_myanmar_2026_07_21_yangon_city_v1"", ""source_snapshot_id"": 9, ""source_classification"": ""settlement""}"
osm:node:13161347617,safe_new,အမှတ် (၃) ရပ်ကွက်,အမှတ် (၃) ရပ်ကွက်,quarter,quarter,settlement,16.7761654,96.1415317,80.00,961f3aba7aa62c302330f092225b74d8,"{""place"": ""quarter"", ""osm_id"": ""13161347617"", ""raw_id"": 9516, ""raw_table"": ""raw_osm_points"", ""population"": null, ""external_id"": ""osm:node:13161347617"", ""region_code"": ""MM-YANGON"", ""osm_feature_type"": ""N"", ""snapshot_version"": ""osm_myanmar_2026_07_21_yangon_city_v1"", ""source_snapshot_id"": 9, ""source_classification"": ""settlement""}"
osm:node:13161347616,safe_new,အမှတ် (၄) ရပ်ကွက်,အမှတ် (၄) ရပ်ကွက်,quarter,quarter,settlement,16.7758419,96.1429384,80.00,f22d43befc4dc27b081222507d5ae731,"{""place"": ""quarter"", ""osm_id"": ""13161347616"", ""raw_id"": 9532, ""raw_table"": ""raw_osm_points"", ""population"": null, ""external_id"": ""osm:node:13161347616"", ""region_code"": ""MM-YANGON"", ""osm_feature_type"": ""N"", ""snapshot_version"": ""osm_myanmar_2026_07_21_yangon_city_v1"", ""source_snapshot_id"": 9, ""source_classification"": ""settlement""}"
osm:node:13161347615,safe_new,အမှတ် (၅) ရပ်ကွက်,အမှတ် (၅) ရပ်ကွက်,quarter,quarter,settlement,16.7755107,96.1442842,80.00,7cc2136c4be338c153ea7efbbbbaea2b,"{""place"": ""quarter"", ""osm_id"": ""13161347615"", ""raw_id"": 9540, ""raw_table"": ""raw_osm_points"", ""population"": null, ""external_id"": ""osm:node:13161347615"", ""region_code"": ""MM-YANGON"", ""osm_feature_type"": ""N"", ""snapshot_version"": ""osm_myanmar_2026_07_21_yangon_city_v1"", ""source_snapshot_id"": 9, ""source_classification"": ""settlement""}"
osm:node:13161347619,safe_new,အမှတ် (၇) ရပ်ကွက်,အမှတ် (၇) ရပ်ကွက်,quarter,quarter,settlement,16.7747656,96.1470106,80.00,fdbecaf1cf1cf6724da0d3919fab41fb,"{""place"": ""quarter"", ""osm_id"": ""13161347619"", ""raw_id"": 9647, ""raw_table"": ""raw_osm_points"", ""population"": null, ""external_id"": ""osm:node:13161347619"", ""region_code"": ""MM-YANGON"", ""osm_feature_type"": ""N"", ""snapshot_version"": ""osm_myanmar_2026_07_21_yangon_city_v1"", ""source_snapshot_id"": 9, ""source_classification"": ""settlement""}"
osm:node:13161347618,safe_new,အမှတ် (၆) ရပ်ကွက်,အမှတ် (၆) ရပ်ကွက်,quarter,quarter,settlement,16.7751395,96.1456533,80.00,241676131b9ff7106113d809a34d6352,"{""place"": ""quarter"", ""osm_id"": ""13161347618"", ""raw_id"": 9672, ""raw_table"": ""raw_osm_points"", ""population"": null, ""external_id"": ""osm:node:13161347618"", ""region_code"": ""MM-YANGON"", ""osm_feature_type"": ""N"", ""snapshot_version"": ""osm_myanmar_2026_07_21_yangon_city_v1"", ""source_snapshot_id"": 9, ""source_classification"": ""settlement""}"
osm:node:13161358324,safe_new,အမှတ် (၁) ရပ်ကွက်,အမှတ် (၁) ရပ်ကွက်,quarter,quarter,settlement,16.7734464,96.1483627,80.00,3ea0f9239229a70d5f64fa8f48c29863,"{""place"": ""quarter"", ""osm_id"": ""13161358324"", ""raw_id"": 9735, ""raw_table"": ""raw_osm_points"", ""population"": null, ""external_id"": ""osm:node:13161358324"", ""region_code"": ""MM-YANGON"", ""osm_feature_type"": ""N"", ""snapshot_version"": ""osm_myanmar_2026_07_21_yangon_city_v1"", ""source_snapshot_id"": 9, ""source_classification"": ""settlement""}"
osm:node:4743058358,safe_new,တရုတ်တန်း,တရုတ်တန်း,neighbourhood,neighbourhood,settlement,16.7749834,96.148843,80.00,fd9b5b9f4f78bacace2f19f8db0d13d1,"{""place"": ""neighbourhood"", ""osm_id"": ""4743058358"", ""raw_id"": 9796, ""raw_table"": ""raw_osm_points"", ""population"": null, ""external_id"": ""osm:node:4743058358"", ""region_code"": ""MM-YANGON"", ""osm_feature_type"": ""N"", ""snapshot_version"": ""osm_myanmar_2026_07_21_yangon_city_v1"", ""source_snapshot_id"": 9, ""source_classification"": ""settlement""}"
osm:node:13161358322,safe_new,အမှတ် (၈) ရပ်ကွက်,အမှတ် (၈) ရပ်ကွက်,quarter,quarter,settlement,16.7758139,96.152626,80.00,89893a4bd685bbe9a36bf5b0baf52415,"{""place"": ""quarter"", ""osm_id"": ""13161358322"", ""raw_id"": 9921, ""raw_table"": ""raw_osm_points"", ""population"": null, ""external_id"": ""osm:node:13161358322"", ""region_code"": ""MM-YANGON"", ""osm_feature_type"": ""N"", ""snapshot_version"": ""osm_myanmar_2026_07_21_yangon_city_v1"", ""source_snapshot_id"": 9, ""source_classification"": ""settlement""}"
osm:node:13161362254,safe_new,အမှတ် (၄) ရပ်ကွက်,အမှတ် (၄) ရပ်ကွက်,quarter,quarter,settlement,16.7757379,96.155368,80.00,267d6494e8317d8f4c60b2cc6b8e6366,"{""place"": ""quarter"", ""osm_id"": ""13161362254"", ""raw_id"": 9938, ""raw_table"": ""raw_osm_points"", ""population"": null, ""external_id"": ""osm:node:13161362254"", ""region_code"": ""MM-YANGON"", ""osm_feature_type"": ""N"", ""snapshot_version"": ""osm_myanmar_2026_07_21_yangon_city_v1"", ""source_snapshot_id"": 9, ""source_classification"": ""settlement""}"
osm:node:3548919531,safe_new,ပန်းဘဲတန်း,ပန်းဘဲတန်း,suburb,suburb,settlement,16.7759583,96.1561493,80.00,c705a8027997de836b4e23299c3b76b6,"{""place"": ""suburb"", ""osm_id"": ""3548919531"", ""raw_id"": 9939, ""raw_table"": ""raw_osm_points"", ""population"": null, ""external_id"": ""osm:node:3548919531"", ""region_code"": ""MM-YANGON"", ""osm_feature_type"": ""N"", ""snapshot_version"": ""osm_myanmar_2026_07_21_yangon_city_v1"", ""source_snapshot_id"": 9, ""source_classification"": ""settlement""}"
osm:node:13161362247,safe_new,အမှတ် (၂) ရပ်ကွက်,အမှတ် (၂) ရပ်ကွက်,quarter,quarter,settlement,16.7771759,96.1541394,80.00,f48fbc77c5e264a4e1f591216667532e,"{""place"": ""quarter"", ""osm_id"": ""13161362247"", ""raw_id"": 9971, ""raw_table"": ""raw_osm_points"", ""population"": null, ""external_id"": ""osm:node:13161362247"", ""region_code"": ""MM-YANGON"", ""osm_feature_type"": ""N"", ""snapshot_version"": ""osm_myanmar_2026_07_21_yangon_city_v1"", ""source_snapshot_id"": 9, ""source_classification"": ""settlement""}"
osm:node:13161358327,safe_new,အမှတ် (၆) ရပ်ကွက်,အမှတ် (၆) ရပ်ကွက်,quarter,quarter,settlement,16.7758618,96.1512413,80.00,4ef5224b6fa1c2bcbf0ed0997851aa8e,"{""place"": ""quarter"", ""osm_id"": ""13161358327"", ""raw_id"": 9999, ""raw_table"": ""raw_osm_points"", ""population"": null, ""external_id"": ""osm:node:13161358327"", ""region_code"": ""MM-YANGON"", ""osm_feature_type"": ""N"", ""snapshot_version"": ""osm_myanmar_2026_07_21_yangon_city_v1"", ""source_snapshot_id"": 9, ""source_classification"": ""settlement""}"
osm:node:3548919532,safe_new,လသာ,လသာ,suburb,suburb,settlement,16.7763082,96.1504591,80.00,22f7a14b3998758e762fa8763b09ee23,"{""place"": ""suburb"", ""osm_id"": ""3548919532"", ""raw_id"": 10000, ""raw_table"": ""raw_osm_points"", ""population"": null, ""external_id"": ""osm:node:3548919532"", ""region_code"": ""MM-YANGON"", ""osm_feature_type"": ""N"", ""snapshot_version"": ""osm_myanmar_2026_07_21_yangon_city_v1"", ""source_snapshot_id"": 9, ""source_classification"": ""settlement""}"
osm:node:13161358319,safe_new,အမှတ် (၂) ရပ်ကွက်,အမှတ် (၂) ရပ်ကွက်,quarter,quarter,settlement,16.7759364,96.1484369,80.00,1c139ece6da4d86f9014ac001e38288f,"{""place"": ""quarter"", ""osm_id"": ""13161358319"", ""raw_id"": 10048, ""raw_table"": ""raw_osm_points"", ""population"": null, ""external_id"": ""osm:node:13161358319"", ""region_code"": ""MM-YANGON"", ""osm_feature_type"": ""N"", ""snapshot_version"": ""osm_myanmar_2026_07_21_yangon_city_v1"", ""source_snapshot_id"": 9, ""source_classification"": ""settlement""}"
osm:node:13161358323,safe_new,အမှတ် (၉) ရပ်ကွက်,အမှတ် (၉) ရပ်ကွက်,quarter,quarter,settlement,16.7783804,96.1505698,80.00,0860828ad4d8ffcd74e13c06fc699f7f,"{""place"": ""quarter"", ""osm_id"": ""13161358323"", ""raw_id"": 10082, ""raw_table"": ""raw_osm_points"", ""population"": null, ""external_id"": ""osm:node:13161358323"", ""region_code"": ""MM-YANGON"", ""osm_feature_type"": ""N"", ""snapshot_version"": ""osm_myanmar_2026_07_21_yangon_city_v1"", ""source_snapshot_id"": 9, ""source_classification"": ""settlement""}"
osm:node:13161358321,safe_new,အမှတ် (၁၀) ရပ်ကွက်,အမှတ် (၁၀) ရပ်ကွက်,quarter,quarter,settlement,16.7805375,96.1505746,80.00,e7b83bde3e11a63b1af7fd4b3f725d53,"{""place"": ""quarter"", ""osm_id"": ""13161358321"", ""raw_id"": 10177, ""raw_table"": ""raw_osm_points"", ""population"": null, ""external_id"": ""osm:node:13161358321"", ""region_code"": ""MM-YANGON"", ""osm_feature_type"": ""N"", ""snapshot_version"": ""osm_myanmar_2026_07_21_yangon_city_v1"", ""source_snapshot_id"": 9, ""source_classification"": ""settlement""}"
osm:node:13161347612,safe_new,အမှတ် (၁၂) ရပ်ကွက်,အမှတ် (၁၂) ရပ်ကွက်,quarter,quarter,settlement,16.7803548,96.1459264,80.00,2ce3c749d8bda2da081bed21ccbdb21f,"{""place"": ""quarter"", ""osm_id"": ""13161347612"", ""raw_id"": 10193, ""raw_table"": ""raw_osm_points"", ""population"": null, ""external_id"": ""osm:node:13161347612"", ""region_code"": ""MM-YANGON"", ""osm_feature_type"": ""N"", ""snapshot_version"": ""osm_myanmar_2026_07_21_yangon_city_v1"", ""source_snapshot_id"": 9, ""source_classification"": ""settlement""}"
osm:node:13161347613,safe_new,အမှတ် (၁၁) ရပ်ကွက်,အမှတ် (၁၁) ရပ်ကွက်,quarter,quarter,settlement,16.7786099,96.1436839,80.00,42742e8415c0c650af3739d837873cc9,"{""place"": ""quarter"", ""osm_id"": ""13161347613"", ""raw_id"": 10222, ""raw_table"": ""raw_osm_points"", ""population"": null, ""external_id"": ""osm:node:13161347613"", ""region_code"": ""MM-YANGON"", ""osm_feature_type"": ""N"", ""snapshot_version"": ""osm_myanmar_2026_07_21_yangon_city_v1"", ""source_snapshot_id"": 9, ""source_classification"": ""settlement""}"
osm:node:13161347614,safe_new,အမှတ် (၁၀) ရပ်ကွက်,အမှတ် (၁၀) ရပ်ကွက်,quarter,quarter,settlement,16.7787288,96.1409414,80.00,212d0ddfb406d72329521332e3467057,"{""place"": ""quarter"", ""osm_id"": ""13161347614"", ""raw_id"": 10248, ""raw_table"": ""raw_osm_points"", ""population"": null, ""external_id"": ""osm:node:13161347614"", ""region_code"": ""MM-YANGON"", ""osm_feature_type"": ""N"", ""snapshot_version"": ""osm_myanmar_2026_07_21_yangon_city_v1"", ""source_snapshot_id"": 9, ""source_classification"": ""settlement""}"
osm:node:3549567640,safe_new,လမ်းမတော်,လမ်းမတော်,suburb,suburb,settlement,16.7789664,96.1417274,80.00,4ac8333852e218c442b90e71eeb14f8f,"{""place"": ""suburb"", ""osm_id"": ""3549567640"", ""raw_id"": 10250, ""raw_table"": ""raw_osm_points"", ""population"": null, ""external_id"": ""osm:node:3549567640"", ""region_code"": ""MM-YANGON"", ""osm_feature_type"": ""N"", ""snapshot_version"": ""osm_myanmar_2026_07_21_yangon_city_v1"", ""source_snapshot_id"": 9, ""source_classification"": ""settlement""}"
osm:node:13161347621,safe_new,အမှတ် (၁) ရပ်ကွက်,အမှတ် (၁) ရပ်ကွက်,quarter,quarter,settlement,16.7766453,96.1385483,80.00,7fd8b3b12f90cde6ca325e0ee3cf9cd5,"{""place"": ""quarter"", ""osm_id"": ""13161347621"", ""raw_id"": 10346, ""raw_table"": ""raw_osm_points"", ""population"": null, ""external_id"": ""osm:node:13161347621"", ""region_code"": ""MM-YANGON"", ""osm_feature_type"": ""N"", ""snapshot_version"": ""osm_myanmar_2026_07_21_yangon_city_v1"", ""source_snapshot_id"": 9, ""source_classification"": ""settlement""}"
osm:node:13161347620,safe_new,အမှတ် (၂) ရပ်ကွက်,အမှတ် (၂) ရပ်ကွက်,quarter,quarter,settlement,16.7762728,96.1401461,80.00,80496008a5ec18d4656340796fbe0009,"{""place"": ""quarter"", ""osm_id"": ""13161347620"", ""raw_id"": 10358, ""raw_table"": ""raw_osm_points"", ""population"": null, ""external_id"": ""osm:node:13161347620"", ""region_code"": ""MM-YANGON"", ""osm_feature_type"": ""N"", ""snapshot_version"": ""osm_myanmar_2026_07_21_yangon_city_v1"", ""source_snapshot_id"": 9, ""source_classification"": ""settlement""}"
osm:node:13161338075,safe_new,ဧရာဝတီရပ်ကွက်,ဧရာဝတီရပ်ကွက်,quarter,quarter,settlement,16.7770783,96.1331744,80.00,7629cc57f91fe4d2fe90fa8c2006eaa7,"{""place"": ""quarter"", ""osm_id"": ""13161338075"", ""raw_id"": 10379, ""raw_table"": ""raw_osm_points"", ""population"": null, ""external_id"": ""osm:node:13161338075"", ""region_code"": ""MM-YANGON"", ""osm_feature_type"": ""N"", ""snapshot_version"": ""osm_myanmar_2026_07_21_yangon_city_v1"", ""source_snapshot_id"": 9, ""source_classification"": ""settlement""}"
osm:node:13161338072,safe_new,ဆရာမှတ်ကြီး (အနောက်) ရပ်ကွက် (စောရန်ပိုင်(အနောက်)),ဆရာမှတ်ကြီး (အနောက်) ရပ်ကွက် (စောရန်ပိုင်(အနောက်)),quarter,quarter,settlement,16.7802885,96.1285328,80.00,51d57ffd89e8883bd32bfea49c6b5d89,"{""place"": ""quarter"", ""osm_id"": ""13161338072"", ""raw_id"": 10406, ""raw_table"": ""raw_osm_points"", ""population"": null, ""external_id"": ""osm:node:13161338072"", ""region_code"": ""MM-YANGON"", ""osm_feature_type"": ""N"", ""snapshot_version"": ""osm_myanmar_2026_07_21_yangon_city_v1"", ""source_snapshot_id"": 9, ""source_classification"": ""settlement""}"
osm:node:13161347622,safe_new,အမှတ် (၈) ရပ်ကွက်,အမှတ် (၈) ရပ်ကွက်,quarter,quarter,settlement,16.7812447,96.1383002,80.00,294103289a8cd2b74dfd8d889420397d,"{""place"": ""quarter"", ""osm_id"": ""13161347622"", ""raw_id"": 10479, ""raw_table"": ""raw_osm_points"", ""population"": null, ""external_id"": ""osm:node:13161347622"", ""region_code"": ""MM-YANGON"", ""osm_feature_type"": ""N"", ""snapshot_version"": ""osm_myanmar_2026_07_21_yangon_city_v1"", ""source_snapshot_id"": 9, ""source_classification"": ""settlement""}"
osm:node:13161338071,safe_new,ဆရာမှတ်ကြီး (အရှေ့) ရပ်ကွက် (စောရန်ပိုင်(အရှေ့)),ဆရာမှတ်ကြီး (အရှေ့) ရပ်ကွက် (စောရန်ပိုင်(အရှေ့)),quarter,quarter,settlement,16.7848312,96.1335255,80.00,ca41c1494b8df9f83259ee6b9fc2325a,"{""place"": ""quarter"", ""osm_id"": ""13161338071"", ""raw_id"": 10506, ""raw_table"": ""raw_osm_points"", ""population"": null, ""external_id"": ""osm:node:13161338071"", ""region_code"": ""MM-YANGON"", ""osm_feature_type"": ""N"", ""snapshot_version"": ""osm_myanmar_2026_07_21_yangon_city_v1"", ""source_snapshot_id"": 9, ""source_classification"": ""settlement""}"
osm:node:13161338076,safe_new,ဆူပါပင် (တောင်) ရပ်ကွက် (စောရန်ပိုင်(တောင်)),ဆူပါပင် (တောင်) ရပ်ကွက် (စောရန်ပိုင်(တောင်)),quarter,quarter,settlement,16.786394,96.130191,80.00,afeb726d2c06db9c740cdb230b169745,"{""place"": ""quarter"", ""osm_id"": ""13161338076"", ""raw_id"": 10549, ""raw_table"": ""raw_osm_points"", ""population"": null, ""external_id"": ""osm:node:13161338076"", ""region_code"": ""MM-YANGON"", ""osm_feature_type"": ""N"", ""snapshot_version"": ""osm_myanmar_2026_07_21_yangon_city_v1"", ""source_snapshot_id"": 9, ""source_classification"": ""settlement""}"
osm:node:13161338069,safe_new,ဌာနာရပ်ကွက်,ဌာနာရပ်ကွက်,quarter,quarter,settlement,16.7888309,96.1275722,80.00,28b3ae99d6d7aa93f4dbb665c31693a1,"{""place"": ""quarter"", ""osm_id"": ""13161338069"", ""raw_id"": 10573, ""raw_table"": ""raw_osm_points"", ""population"": null, ""external_id"": ""osm:node:13161338069"", ""region_code"": ""MM-YANGON"", ""osm_feature_type"": ""N"", ""snapshot_version"": ""osm_myanmar_2026_07_21_yangon_city_v1"", ""source_snapshot_id"": 9, ""source_classification"": ""settlement""}"
osm:node:13161338073,safe_new,ဆင်မင်းရပ်ကွက်,ဆင်မင်းရပ်ကွက်,quarter,quarter,settlement,16.7891422,96.1254089,80.00,4ed3c03ad83927031f9d115367c21a19,"{""place"": ""quarter"", ""osm_id"": ""13161338073"", ""raw_id"": 10579, ""raw_table"": ""raw_osm_points"", ""population"": null, ""external_id"": ""osm:node:13161338073"", ""region_code"": ""MM-YANGON"", ""osm_feature_type"": ""N"", ""snapshot_version"": ""osm_myanmar_2026_07_21_yangon_city_v1"", ""source_snapshot_id"": 9, ""source_classification"": ""settlement""}"
osm:node:13161338068,safe_new,ကရင်ခြံရပ်ကွက်,ကရင်ခြံရပ်ကွက်,quarter,quarter,settlement,16.7925581,96.1303449,80.00,b157728b2d10e0e2db1012f7a947b495,"{""place"": ""quarter"", ""osm_id"": ""13161338068"", ""raw_id"": 10615, ""raw_table"": ""raw_osm_points"", ""population"": null, ""external_id"": ""osm:node:13161338068"", ""region_code"": ""MM-YANGON"", ""osm_feature_type"": ""N"", ""snapshot_version"": ""osm_myanmar_2026_07_21_yangon_city_v1"", ""source_snapshot_id"": 9, ""source_classification"": ""settlement""}"
osm:node:13161338070,safe_new,ဆူပါပင် (မြောက်) ရပ်ကွက် (စောရန်ပိုင်(မြောက်)),ဆူပါပင် (မြောက်) ရပ်ကွက် (စောရန်ပိုင်(မြောက်)),quarter,quarter,settlement,16.791397,96.1267656,80.00,ab8cb3eb1062933164882526534754a9,"{""place"": ""quarter"", ""osm_id"": ""13161338070"", ""raw_id"": 10631, ""raw_table"": ""raw_osm_points"", ""population"": null, ""external_id"": ""osm:node:13161338070"", ""region_code"": ""MM-YANGON"", ""osm_feature_type"": ""N"", ""snapshot_version"": ""osm_myanmar_2026_07_21_yangon_city_v1"", ""source_snapshot_id"": 9, ""source_classification"": ""settlement""}"
osm:node:13179568412,safe_new,ဝါးရုံဆိပ်/အေးရွာ (အနောက်ရပ်ကွက်),ဝါးရုံဆိပ်/အေးရွာ (အနောက်ရပ်ကွက်),quarter,quarter,settlement,16.7961551,96.1251711,80.00,edf9870b429341298f29aaef5b762f54,"{""place"": ""quarter"", ""osm_id"": ""13179568412"", ""raw_id"": 10663, ""raw_table"": ""raw_osm_points"", ""population"": null, ""external_id"": ""osm:node:13179568412"", ""region_code"": ""MM-YANGON"", ""osm_feature_type"": ""N"", ""snapshot_version"": ""osm_myanmar_2026_07_21_yangon_city_v1"", ""source_snapshot_id"": 9, ""source_classification"": ""settlement""}"
osm:node:13179568409,safe_new,ကရင်အမျိုးသားရပ်ကွက်,ကရင်အမျိုးသားရပ်ကွက်,quarter,quarter,settlement,16.7965065,96.1271725,80.00,85119a0a207afaa05f511308ed2bc61d,"{""place"": ""quarter"", ""osm_id"": ""13179568409"", ""raw_id"": 10670, ""raw_table"": ""raw_osm_points"", ""population"": null, ""external_id"": ""osm:node:13179568409"", ""region_code"": ""MM-YANGON"", ""osm_feature_type"": ""N"", ""snapshot_version"": ""osm_myanmar_2026_07_21_yangon_city_v1"", ""source_snapshot_id"": 9, ""source_classification"": ""settlement""}"
osm:node:13161343493,safe_new,ပြည်လမ်း (အနောက်)ရပ်ကွက်,ပြည်လမ်း (အနောက်)ရပ်ကွက်,quarter,quarter,settlement,16.7922867,96.1370273,80.00,a3bc628ea3d4871f72697c6b0eb408ca,"{""place"": ""quarter"", ""osm_id"": ""13161343493"", ""raw_id"": 10706, ""raw_table"": ""raw_osm_points"", ""population"": null, ""external_id"": ""osm:node:13161343493"", ""region_code"": ""MM-YANGON"", ""osm_feature_type"": ""N"", ""snapshot_version"": ""osm_myanmar_2026_07_21_yangon_city_v1"", ""source_snapshot_id"": 9, ""source_classification"": ""settlement""}"
osm:node:4024644077,safe_new,ဒဂုံ,ဒဂုံ,suburb,suburb,settlement,16.7923726,96.1443386,80.00,2d2ec4161c336f0e39f71e867f15c4ae,"{""place"": ""suburb"", ""osm_id"": ""4024644077"", ""raw_id"": 10737, ""raw_table"": ""raw_osm_points"", ""population"": null, ""external_id"": ""osm:node:4024644077"", ""region_code"": ""MM-YANGON"", ""osm_feature_type"": ""N"", ""snapshot_version"": ""osm_myanmar_2026_07_21_yangon_city_v1"", ""source_snapshot_id"": 9, ""source_classification"": ""settlement""}"
osm:node:13161343494,safe_new,ပြည်လမ်း (အရှေ့)ရပ်ကွက်,ပြည်လမ်း (အရှေ့)ရပ်ကွက်,quarter,quarter,settlement,16.7932648,96.1439517,80.00,0f8571b611c294a3ba7805804fed8c72,"{""place"": ""quarter"", ""osm_id"": ""13161343494"", ""raw_id"": 10753, ""raw_table"": ""raw_osm_points"", ""population"": null, ""external_id"": ""osm:node:13161343494"", ""region_code"": ""MM-YANGON"", ""osm_feature_type"": ""N"", ""snapshot_version"": ""osm_myanmar_2026_07_21_yangon_city_v1"", ""source_snapshot_id"": 9, ""source_classification"": ""settlement""}"
osm:node:13161343492,safe_new,ဘုရားကြီးရပ်ကွက်,ဘုရားကြီးရပ်ကွက်,quarter,quarter,settlement,16.7926993,96.1540224,80.00,b1e5979a2636e6af2db24b68f97884ad,"{""place"": ""quarter"", ""osm_id"": ""13161343492"", ""raw_id"": 10799, ""raw_table"": ""raw_osm_points"", ""population"": null, ""external_id"": ""osm:node:13161343492"", ""region_code"": ""MM-YANGON"", ""osm_feature_type"": ""N"", ""snapshot_version"": ""osm_myanmar_2026_07_21_yangon_city_v1"", ""source_snapshot_id"": 9, ""source_classification"": ""settlement""}"
osm:node:13161343491,safe_new,ယောမင်းကြီးရပ်ကွက်,ယောမင်းကြီးရပ်ကွက်,quarter,quarter,settlement,16.7852374,96.1548773,80.00,39ad9d290f34f917667736d3f441f0c0,"{""place"": ""quarter"", ""osm_id"": ""13161343491"", ""raw_id"": 10810, ""raw_table"": ""raw_osm_points"", ""population"": null, ""external_id"": ""osm:node:13161343491"", ""region_code"": ""MM-YANGON"", ""osm_feature_type"": ""N"", ""snapshot_version"": ""osm_myanmar_2026_07_21_yangon_city_v1"", ""source_snapshot_id"": 9, ""source_classification"": ""settlement""}"
osm:node:13161347611,safe_new,အမှတ် (၉) ရပ်ကွက်,အမှတ် (၉) ရပ်ကွက်,quarter,quarter,settlement,16.7823922,96.1415668,80.00,0c642a02196968b372740f5ce28c4da1,"{""place"": ""quarter"", ""osm_id"": ""13161347611"", ""raw_id"": 10904, ""raw_table"": ""raw_osm_points"", ""population"": null, ""external_id"": ""osm:node:13161347611"", ""region_code"": ""MM-YANGON"", ""osm_feature_type"": ""N"", ""snapshot_version"": ""osm_myanmar_2026_07_21_yangon_city_v1"", ""source_snapshot_id"": 9, ""source_classification"": ""settlement""}"
osm:node:13161343490,safe_new,ဦးဝိစာရရပ်ကွက်,ဦးဝိစာရရပ်ကွက်,quarter,quarter,settlement,16.7838752,96.1500998,80.00,88a5386f55fd653d96d54f48ebbaa27f,"{""place"": ""quarter"", ""osm_id"": ""13161343490"", ""raw_id"": 10926, ""raw_table"": ""raw_osm_points"", ""population"": null, ""external_id"": ""osm:node:13161343490"", ""region_code"": ""MM-YANGON"", ""osm_feature_type"": ""N"", ""snapshot_version"": ""osm_myanmar_2026_07_21_yangon_city_v1"", ""source_snapshot_id"": 9, ""source_classification"": ""settlement""}"
osm:node:13161445728,safe_new,သိမ်ဖြူမီးရထားရပ်ကွက်,သိမ်ဖြူမီးရထားရပ်ကွက်,quarter,quarter,settlement,16.7813751,96.1633899,80.00,71b472aad8f86c76a498d768d76ea92f,"{""place"": ""quarter"", ""osm_id"": ""13161445728"", ""raw_id"": 11050, ""raw_table"": ""raw_osm_points"", ""population"": null, ""external_id"": ""osm:node:13161445728"", ""region_code"": ""MM-YANGON"", ""osm_feature_type"": ""N"", ""snapshot_version"": ""osm_myanmar_2026_07_21_yangon_city_v1"", ""source_snapshot_id"": 9, ""source_classification"": ""settlement""}"
osm:node:13161445735,safe_new,စံပြ ဖ-ဆ-ပ-လ ရပ်ကွက်,စံပြ ဖ-ဆ-ပ-လ ရပ်ကွက်,quarter,quarter,settlement,16.7858731,96.1599401,80.00,d46ecb28060456e06cb2c42754a4bede,"{""place"": ""quarter"", ""osm_id"": ""13161445735"", ""raw_id"": 11096, ""raw_table"": ""raw_osm_points"", ""population"": null, ""external_id"": ""osm:node:13161445735"", ""region_code"": ""MM-YANGON"", ""osm_feature_type"": ""N"", ""snapshot_version"": ""osm_myanmar_2026_07_21_yangon_city_v1"", ""source_snapshot_id"": 9, ""source_classification"": ""settlement""}"
osm:node:13161445739,safe_new,ကန်တော်ကလေး (အနောက်) ရပ်ကွက်,ကန်တော်ကလေး (အနောက်) ရပ်ကွက်,quarter,quarter,settlement,16.7879163,96.1635938,80.00,ba20d80b4b5b111082b3eeeb3664015d,"{""place"": ""quarter"", ""osm_id"": ""13161445739"", ""raw_id"": 11117, ""raw_table"": ""raw_osm_points"", ""population"": null, ""external_id"": ""osm:node:13161445739"", ""region_code"": ""MM-YANGON"", ""osm_feature_type"": ""N"", ""snapshot_version"": ""osm_myanmar_2026_07_21_yangon_city_v1"", ""source_snapshot_id"": 9, ""source_classification"": ""settlement""}"
osm:node:13161445727,safe_new,ဖို့မြေရပ်ကွက်,ဖို့မြေရပ်ကွက်,quarter,quarter,settlement,16.7861016,96.1689345,80.00,8915eefd85f53755be78d5b45f0a2b29,"{""place"": ""quarter"", ""osm_id"": ""13161445727"", ""raw_id"": 11189, ""raw_table"": ""raw_osm_points"", ""population"": null, ""external_id"": ""osm:node:13161445727"", ""region_code"": ""MM-YANGON"", ""osm_feature_type"": ""N"", ""snapshot_version"": ""osm_myanmar_2026_07_21_yangon_city_v1"", ""source_snapshot_id"": 9, ""source_classification"": ""settlement""}"
osm:node:13161445733,safe_new,ကန်တော်ကလေး (အရှေ့) ရပ်ကွက်,ကန်တော်ကလေး (အရှေ့) ရပ်ကွက်,quarter,quarter,settlement,16.7877854,96.1663285,80.00,d2a27d54102a93f55153e784d0448b27,"{""place"": ""quarter"", ""osm_id"": ""13161445733"", ""raw_id"": 11170, ""raw_table"": ""raw_osm_points"", ""population"": null, ""external_id"": ""osm:node:13161445733"", ""region_code"": ""MM-YANGON"", ""osm_feature_type"": ""N"", ""snapshot_version"": ""osm_myanmar_2026_07_21_yangon_city_v1"", ""source_snapshot_id"": 9, ""source_classification"": ""settlement""}"
osm:node:13161445723,safe_new,တောင်ညွှန့်မီးရထားရပ်ကွက်,တောင်ညွှန့်မီးရထားရပ်ကွက်,quarter,quarter,settlement,16.7834365,96.1706681,80.00,10a992f276c14d07ad2fdfd67c6b52a3,"{""place"": ""quarter"", ""osm_id"": ""13161445723"", ""raw_id"": 11192, ""raw_table"": ""raw_osm_points"", ""population"": null, ""external_id"": ""osm:node:13161445723"", ""region_code"": ""MM-YANGON"", ""osm_feature_type"": ""N"", ""snapshot_version"": ""osm_myanmar_2026_07_21_yangon_city_v1"", ""source_snapshot_id"": 9, ""source_classification"": ""settlement""}"
osm:node:13161445731,safe_new,ကန်တော်ကလေး (တောင်) ရပ်ကွက်,ကန်တော်ကလေး (တောင်) ရပ်ကွက်,quarter,quarter,settlement,16.785108,96.1648995,80.00,58e99be5337cc326c8362f4697a17d26,"{""place"": ""quarter"", ""osm_id"": ""13161445731"", ""raw_id"": 11211, ""raw_table"": ""raw_osm_points"", ""population"": null, ""external_id"": ""osm:node:13161445731"", ""region_code"": ""MM-YANGON"", ""osm_feature_type"": ""N"", ""snapshot_version"": ""osm_myanmar_2026_07_21_yangon_city_v1"", ""source_snapshot_id"": 9, ""source_classification"": ""settlement""}"
osm:node:13161445740,safe_new,လွတ်လပ်ရေးရပ်ကွက်,လွတ်လပ်ရေးရပ်ကွက်,quarter,quarter,settlement,16.7822964,96.1686002,80.00,ed3d14790bbd36ccaddbaefec0cd0eb7,"{""place"": ""quarter"", ""osm_id"": ""13161445740"", ""raw_id"": 11220, ""raw_table"": ""raw_osm_points"", ""population"": null, ""external_id"": ""osm:node:13161445740"", ""region_code"": ""MM-YANGON"", ""osm_feature_type"": ""N"", ""snapshot_version"": ""osm_myanmar_2026_07_21_yangon_city_v1"", ""source_snapshot_id"": 9, ""source_classification"": ""settlement""}"
osm:node:13161454456,safe_new,အမှတ် (၇) ရပ်ကွက်,အမှတ် (၇) ရပ်ကွက်,quarter,quarter,settlement,16.7812358,96.1731768,80.00,0777d421bc1648e781c4dbfd6a2a4e4a,"{""place"": ""quarter"", ""osm_id"": ""13161454456"", ""raw_id"": 11237, ""raw_table"": ""raw_osm_points"", ""population"": null, ""external_id"": ""osm:node:13161454456"", ""region_code"": ""MM-YANGON"", ""osm_feature_type"": ""N"", ""snapshot_version"": ""osm_myanmar_2026_07_21_yangon_city_v1"", ""source_snapshot_id"": 9, ""source_classification"": ""settlement""}"
osm:node:13161454451,safe_new,အမှတ် (၆) ရပ်ကွက်,အမှတ် (၆) ရပ်ကွက်,quarter,quarter,settlement,16.7816262,96.1757261,80.00,769fcf8c13996a7a6fa084cbf81deb45,"{""place"": ""quarter"", ""osm_id"": ""13161454451"", ""raw_id"": 11239, ""raw_table"": ""raw_osm_points"", ""population"": null, ""external_id"": ""osm:node:13161454451"", ""region_code"": ""MM-YANGON"", ""osm_feature_type"": ""N"", ""snapshot_version"": ""osm_myanmar_2026_07_21_yangon_city_v1"", ""source_snapshot_id"": 9, ""source_classification"": ""settlement""}"
osm:node:13183303825,safe_new,ဝါဆိုရပ်ကွက်,ဝါဆိုရပ်ကွက်,quarter,quarter,settlement,16.781354,96.1809293,80.00,7d8b4c254a2d75d8a95b323383d76875,"{""place"": ""quarter"", ""osm_id"": ""13183303825"", ""raw_id"": 11273, ""raw_table"": ""raw_osm_points"", ""population"": null, ""external_id"": ""osm:node:13183303825"", ""region_code"": ""MM-YANGON"", ""osm_feature_type"": ""N"", ""snapshot_version"": ""osm_myanmar_2026_07_21_yangon_city_v1"", ""source_snapshot_id"": 9, ""source_classification"": ""settlement""}"
osm:node:13161445734,safe_new,တောင်လုံးပြန်ရပ်ကွက်,တောင်လုံးပြန်ရပ်ကွက်,quarter,quarter,settlement,16.7848298,96.1762993,80.00,4260c44c46b2f27673522ef1e659d098,"{""place"": ""quarter"", ""osm_id"": ""13161445734"", ""raw_id"": 11265, ""raw_table"": ""raw_osm_points"", ""population"": null, ""external_id"": ""osm:node:13161445734"", ""region_code"": ""MM-YANGON"", ""osm_feature_type"": ""N"", ""snapshot_version"": ""osm_myanmar_2026_07_21_yangon_city_v1"", ""source_snapshot_id"": 9, ""source_classification"": ""settlement""}"
osm:node:13183303829,safe_new,လမုတန်းရပ်ကွက်,လမုတန်းရပ်ကွက်,quarter,quarter,settlement,16.7816113,96.1839843,80.00,dd6eff7a8f1eb488ac01f10e3c766d3e,"{""place"": ""quarter"", ""osm_id"": ""13183303829"", ""raw_id"": 11288, ""raw_table"": ""raw_osm_points"", ""population"": null, ""external_id"": ""osm:node:13183303829"", ""region_code"": ""MM-YANGON"", ""osm_feature_type"": ""N"", ""snapshot_version"": ""osm_myanmar_2026_07_21_yangon_city_v1"", ""source_snapshot_id"": 9, ""source_classification"": ""settlement""}"
osm:node:13183303830,safe_new,မြို့သစ်ရပ်ကွက်,မြို့သစ်ရပ်ကွက်,quarter,quarter,settlement,16.783474,96.1869066,80.00,42541dfccdfeb7228943c894cea3684b,"{""place"": ""quarter"", ""osm_id"": ""13183303830"", ""raw_id"": 11300, ""raw_table"": ""raw_osm_points"", ""population"": null, ""external_id"": ""osm:node:13183303830"", ""region_code"": ""MM-YANGON"", ""osm_feature_type"": ""N"", ""snapshot_version"": ""osm_myanmar_2026_07_21_yangon_city_v1"", ""source_snapshot_id"": 9, ""source_classification"": ""settlement""}"
osm:node:13183303834,safe_new,ကြည်စုရပ်ကွက်,ကြည်စုရပ်ကွက်,quarter,quarter,settlement,16.7856798,96.1862895,80.00,eaa9880310f839c4d8b2b3d5e5233f3a,"{""place"": ""quarter"", ""osm_id"": ""13183303834"", ""raw_id"": 11312, ""raw_table"": ""raw_osm_points"", ""population"": null, ""external_id"": ""osm:node:13183303834"", ""region_code"": ""MM-YANGON"", ""osm_feature_type"": ""N"", ""snapshot_version"": ""osm_myanmar_2026_07_21_yangon_city_v1"", ""source_snapshot_id"": 9, ""source_classification"": ""settlement""}"
osm:node:13161445725,safe_new,မင်္ဂလာတောင်ညွှန့်ရပ်ကွက်,မင်္ဂလာတောင်ညွှန့်ရပ်ကွက်,quarter,quarter,settlement,16.786945,96.1730124,80.00,15e6122351f564f0ccf6992f9cd14b03,"{""place"": ""quarter"", ""osm_id"": ""13161445725"", ""raw_id"": 11335, ""raw_table"": ""raw_osm_points"", ""population"": null, ""external_id"": ""osm:node:13161445725"", ""region_code"": ""MM-YANGON"", ""osm_feature_type"": ""N"", ""snapshot_version"": ""osm_myanmar_2026_07_21_yangon_city_v1"", ""source_snapshot_id"": 9, ""source_classification"": ""settlement""}"
osm:node:4024644078,safe_new,မင်္ဂလာ‌တောင်ညွန့်,မင်္ဂလာ‌တောင်ညွန့်,suburb,suburb,settlement,16.7888526,96.1728494,80.00,f611364a739adfaec04c4430a826dcd5,"{""place"": ""suburb"", ""osm_id"": ""4024644078"", ""raw_id"": 11339, ""raw_table"": ""raw_osm_points"", ""population"": null, ""external_id"": ""osm:node:4024644078"", ""region_code"": ""MM-YANGON"", ""osm_feature_type"": ""N"", ""snapshot_version"": ""osm_myanmar_2026_07_21_yangon_city_v1"", ""source_snapshot_id"": 9, ""source_classification"": ""settlement""}"
osm:node:13161445726,safe_new,ရေတွင်းကုန်းရပ်ကွက်,ရေတွင်းကုန်းရပ်ကွက်,quarter,quarter,settlement,16.7908562,96.1742246,80.00,43a440f87d60c1d56ed184e6fb453d1b,"{""place"": ""quarter"", ""osm_id"": ""13161445726"", ""raw_id"": 11343, ""raw_table"": ""raw_osm_points"", ""population"": null, ""external_id"": ""osm:node:13161445726"", ""region_code"": ""MM-YANGON"", ""osm_feature_type"": ""N"", ""snapshot_version"": ""osm_myanmar_2026_07_21_yangon_city_v1"", ""source_snapshot_id"": 9, ""source_classification"": ""settlement""}"
osm:node:13161445724,safe_new,သာယာကုန်းရပ်ကွက်,သာယာကုန်းရပ်ကွက်,quarter,quarter,settlement,16.7918538,96.177002,80.00,ea7a67cf554e5f3cf3b3a5d82eca5e4a,"{""place"": ""quarter"", ""osm_id"": ""13161445724"", ""raw_id"": 11363, ""raw_table"": ""raw_osm_points"", ""population"": null, ""external_id"": ""osm:node:13161445724"", ""region_code"": ""MM-YANGON"", ""osm_feature_type"": ""N"", ""snapshot_version"": ""osm_myanmar_2026_07_21_yangon_city_v1"", ""source_snapshot_id"": 9, ""source_classification"": ""settlement""}"
osm:node:13161445736,safe_new,စက်ဆန်းရပ်ကွက်,စက်ဆန်းရပ်ကွက်,quarter,quarter,settlement,16.7905923,96.1823073,80.00,88f5fe0f7e589dfe46e3b485bd25eb0e,"{""place"": ""quarter"", ""osm_id"": ""13161445736"", ""raw_id"": 11374, ""raw_table"": ""raw_osm_points"", ""population"": null, ""external_id"": ""osm:node:13161445736"", ""region_code"": ""MM-YANGON"", ""osm_feature_type"": ""N"", ""snapshot_version"": ""osm_myanmar_2026_07_21_yangon_city_v1"", ""source_snapshot_id"": 9, ""source_classification"": ""settlement""}"
osm:node:13179716746,safe_new,မအူကုန်းရပ်ကွက်,မအူကုန်းရပ်ကွက်,quarter,quarter,settlement,16.7946188,96.1742568,80.00,96dc0f2e747bcd1389432df85bda1d18,"{""place"": ""quarter"", ""osm_id"": ""13179716746"", ""raw_id"": 11424, ""raw_table"": ""raw_osm_points"", ""population"": null, ""external_id"": ""osm:node:13179716746"", ""region_code"": ""MM-YANGON"", ""osm_feature_type"": ""N"", ""snapshot_version"": ""osm_myanmar_2026_07_21_yangon_city_v1"", ""source_snapshot_id"": 9, ""source_classification"": ""settlement""}"
osm:node:13161445738,safe_new,သပြေကုန်းရပ်ကွက်,သပြေကုန်းရပ်ကွက်,quarter,quarter,settlement,16.7911329,96.1706902,80.00,a99a1161819c6ca02d886982cb2dd757,"{""place"": ""quarter"", ""osm_id"": ""13161445738"", ""raw_id"": 11499, ""raw_table"": ""raw_osm_points"", ""population"": null, ""external_id"": ""osm:node:13161445738"", ""region_code"": ""MM-YANGON"", ""osm_feature_type"": ""N"", ""snapshot_version"": ""osm_myanmar_2026_07_21_yangon_city_v1"", ""source_snapshot_id"": 9, ""source_classification"": ""settlement""}"
osm:node:13161445737,safe_new,ကန်တော်ကလေး (မြောက်) ရပ်ကွက်,ကန်တော်ကလေး (မြောက်) ရပ်ကွက်,quarter,quarter,settlement,16.7911977,96.1648685,80.00,deebe5925b972c0229bf47f0306389a1,"{""place"": ""quarter"", ""osm_id"": ""13161445737"", ""raw_id"": 11524, ""raw_table"": ""raw_osm_points"", ""population"": null, ""external_id"": ""osm:node:13161445737"", ""region_code"": ""MM-YANGON"", ""osm_feature_type"": ""N"", ""snapshot_version"": ""osm_myanmar_2026_07_21_yangon_city_v1"", ""source_snapshot_id"": 9, ""source_classification"": ""settlement""}"
osm:node:13161445721,safe_new,ဥယျာဉ်ရပ်ကွက်,ဥယျာဉ်ရပ်ကွက်,quarter,quarter,settlement,16.7922599,96.1595676,80.00,19f5ff3014d6c567c056d33e2ee70f62,"{""place"": ""quarter"", ""osm_id"": ""13161445721"", ""raw_id"": 11568, ""raw_table"": ""raw_osm_points"", ""population"": null, ""external_id"": ""osm:node:13161445721"", ""region_code"": ""MM-YANGON"", ""osm_feature_type"": ""N"", ""snapshot_version"": ""osm_myanmar_2026_07_21_yangon_city_v1"", ""source_snapshot_id"": 9, ""source_classification"": ""settlement""}"
osm:node:13179642849,safe_new,ဂျမား (၁) ရပ်ကွက် (ဗိုလ်ချို(၁)ရပ်ကွက်),ဂျမား (၁) ရပ်ကွက် (ဗိုလ်ချို(၁)ရပ်ကွက်),quarter,quarter,settlement,16.8022458,96.1606572,80.00,ebb5835c7765238d131b33fae8d93e47,"{""place"": ""quarter"", ""osm_id"": ""13179642849"", ""raw_id"": 11665, ""raw_table"": ""raw_osm_points"", ""population"": null, ""external_id"": ""osm:node:13179642849"", ""region_code"": ""MM-YANGON"", ""osm_feature_type"": ""N"", ""snapshot_version"": ""osm_myanmar_2026_07_21_yangon_city_v1"", ""source_snapshot_id"": 9, ""source_classification"": ""settlement""}"
osm:node:13179642834,safe_new,ဂျမား (၂) ရပ်ကွက် (ဗိုလ်ချို(၂)ရပ်ကွက်),ဂျမား (၂) ရပ်ကွက် (ဗိုလ်ချို(၂)ရပ်ကွက်),quarter,quarter,settlement,16.8036049,96.1668925,80.00,c7f6fc8da95a1706ef0bd364d6b88399,"{""place"": ""quarter"", ""osm_id"": ""13179642834"", ""raw_id"": 11688, ""raw_table"": ""raw_osm_points"", ""population"": null, ""external_id"": ""osm:node:13179642834"", ""region_code"": ""MM-YANGON"", ""osm_feature_type"": ""N"", ""snapshot_version"": ""osm_myanmar_2026_07_21_yangon_city_v1"", ""source_snapshot_id"": 9, ""source_classification"": ""settlement""}"
osm:node:13179716733,safe_new,နတ်မောက်ရပ်ကွက်,နတ်မောက်ရပ်ကွက်,quarter,quarter,settlement,16.7998982,96.1713285,80.00,b1531a67720cdeabdb27a1bb62f9de20,"{""place"": ""quarter"", ""osm_id"": ""13179716733"", ""raw_id"": 11710, ""raw_table"": ""raw_osm_points"", ""population"": null, ""external_id"": ""osm:node:13179716733"", ""region_code"": ""MM-YANGON"", ""osm_feature_type"": ""N"", ""snapshot_version"": ""osm_myanmar_2026_07_21_yangon_city_v1"", ""source_snapshot_id"": 9, ""source_classification"": ""settlement""}"
osm:node:13179716732,safe_new,ပျားရည်ကုန်းရပ်ကွက်,ပျားရည်ကုန်းရပ်ကွက်,quarter,quarter,settlement,16.8007209,96.1742249,80.00,6a5f87c881fe80b50c9bb7011364e0e3,"{""place"": ""quarter"", ""osm_id"": ""13179716732"", ""raw_id"": 11755, ""raw_table"": ""raw_osm_points"", ""population"": null, ""external_id"": ""osm:node:13179716732"", ""region_code"": ""MM-YANGON"", ""osm_feature_type"": ""N"", ""snapshot_version"": ""osm_myanmar_2026_07_21_yangon_city_v1"", ""source_snapshot_id"": 9, ""source_classification"": ""settlement""}"
osm:node:13179716728,safe_new,ကျောက်မြောင်းကြီးရပ်ကွက်,ကျောက်မြောင်းကြီးရပ်ကွက်,quarter,quarter,settlement,16.7996413,96.178258,80.00,ae59b9dad0a28a3f0762fe3cc09953fd,"{""place"": ""quarter"", ""osm_id"": ""13179716728"", ""raw_id"": 11787, ""raw_table"": ""raw_osm_points"", ""population"": null, ""external_id"": ""osm:node:13179716728"", ""region_code"": ""MM-YANGON"", ""osm_feature_type"": ""N"", ""snapshot_version"": ""osm_myanmar_2026_07_21_yangon_city_v1"", ""source_snapshot_id"": 9, ""source_classification"": ""settlement""}"
osm:node:13161445732,safe_new,ကူးတို့ဆိပ်ရပ်ကွက်,ကူးတို့ဆိပ်ရပ်ကွက်,quarter,quarter,settlement,16.7970756,96.1874592,80.00,d476a9f6207220cd96aebcae293454fe,"{""place"": ""quarter"", ""osm_id"": ""13161445732"", ""raw_id"": 11812, ""raw_table"": ""raw_osm_points"", ""population"": null, ""external_id"": ""osm:node:13161445732"", ""region_code"": ""MM-YANGON"", ""osm_feature_type"": ""N"", ""snapshot_version"": ""osm_myanmar_2026_07_21_yangon_city_v1"", ""source_snapshot_id"": 9, ""source_classification"": ""settlement""}"
osm:node:13161445722,safe_new,ပုသိမ်ညွှန့်ရပ်ကွက်,ပုသိမ်ညွှန့်ရပ်ကွက်,quarter,quarter,settlement,16.8030235,96.1845708,80.00,a8417bc0cc17a3b71b4beaa02276b922,"{""place"": ""quarter"", ""osm_id"": ""13161445722"", ""raw_id"": 11835, ""raw_table"": ""raw_osm_points"", ""population"": null, ""external_id"": ""osm:node:13161445722"", ""region_code"": ""MM-YANGON"", ""osm_feature_type"": ""N"", ""snapshot_version"": ""osm_myanmar_2026_07_21_yangon_city_v1"", ""source_snapshot_id"": 9, ""source_classification"": ""settlement""}"
osm:node:13179716742,safe_new,ပုသိမ်ညွှန့်ရပ်ကွက်,ပုသိမ်ညွှန့်ရပ်ကွက်,quarter,quarter,settlement,16.8042943,96.1804788,80.00,a7f684bef5c4278da84423e9e4a7d5c1,"{""place"": ""quarter"", ""osm_id"": ""13179716742"", ""raw_id"": 11853, ""raw_table"": ""raw_osm_points"", ""population"": null, ""external_id"": ""osm:node:13179716742"", ""region_code"": ""MM-YANGON"", ""osm_feature_type"": ""N"", ""snapshot_version"": ""osm_myanmar_2026_07_21_yangon_city_v1"", ""source_snapshot_id"": 9, ""source_classification"": ""settlement""}"
osm:node:13179716745,safe_new,ကျားကွက်သစ်ရပ်ကွက်,ကျားကွက်သစ်ရပ်ကွက်,quarter,quarter,settlement,16.8044301,96.1773473,80.00,19c28a41c4f153f37696e5988837f88f,"{""place"": ""quarter"", ""osm_id"": ""13179716745"", ""raw_id"": 11882, ""raw_table"": ""raw_osm_points"", ""population"": null, ""external_id"": ""osm:node:13179716745"", ""region_code"": ""MM-YANGON"", ""osm_feature_type"": ""N"", ""snapshot_version"": ""osm_myanmar_2026_07_21_yangon_city_v1"", ""source_snapshot_id"": 9, ""source_classification"": ""settlement""}"
osm:node:13179716738,safe_new,ကျောက်မြောင်း (အရှေ့) ရပ်ကွက်,ကျောက်မြောင်း (အရှေ့) ရပ်ကွက်,quarter,quarter,settlement,16.8019952,96.1792747,80.00,bea293b480d294d3c55f57427d46d6e2,"{""place"": ""quarter"", ""osm_id"": ""13179716738"", ""raw_id"": 11917, ""raw_table"": ""raw_osm_points"", ""population"": null, ""external_id"": ""osm:node:13179716738"", ""region_code"": ""MM-YANGON"", ""osm_feature_type"": ""N"", ""snapshot_version"": ""osm_myanmar_2026_07_21_yangon_city_v1"", ""source_snapshot_id"": 9, ""source_classification"": ""settlement""}"
osm:node:13179716737,safe_new,ကျောက်မြောင်းအထက်ရပ်ကွက်,ကျောက်မြောင်းအထက်ရပ်ကွက်,quarter,quarter,settlement,16.8018403,96.1761293,80.00,70488ca1c67b71735c821aabd0e126cc,"{""place"": ""quarter"", ""osm_id"": ""13179716737"", ""raw_id"": 11931, ""raw_table"": ""raw_osm_points"", ""population"": null, ""external_id"": ""osm:node:13179716737"", ""region_code"": ""MM-YANGON"", ""osm_feature_type"": ""N"", ""snapshot_version"": ""osm_myanmar_2026_07_21_yangon_city_v1"", ""source_snapshot_id"": 9, ""source_classification"": ""settlement""}"
osm:node:13179716734,safe_new,ဗျိုင်းရေအိုးစဉ်ရွာမရပ်ကွက်,ဗျိုင်းရေအိုးစဉ်ရွာမရပ်ကွက်,quarter,quarter,settlement,16.8051993,96.1750078,80.00,eef4be17f0a5fed9ff025f89371f756a,"{""place"": ""quarter"", ""osm_id"": ""13179716734"", ""raw_id"": 11965, ""raw_table"": ""raw_osm_points"", ""population"": null, ""external_id"": ""osm:node:13179716734"", ""region_code"": ""MM-YANGON"", ""osm_feature_type"": ""N"", ""snapshot_version"": ""osm_myanmar_2026_07_21_yangon_city_v1"", ""source_snapshot_id"": 9, ""source_classification"": ""settlement""}"
osm:node:13179716735,safe_new,ဗျိုင်းရေအိုးစဉ်ကွက်သစ်ရပ်ကွက်,ဗျိုင်းရေအိုးစဉ်ကွက်သစ်ရပ်ကွက်,quarter,quarter,settlement,16.8072413,96.1736955,80.00,65bc822ca79523ebf360595d439b6a07,"{""place"": ""quarter"", ""osm_id"": ""13179716735"", ""raw_id"": 11977, ""raw_table"": ""raw_osm_points"", ""population"": null, ""external_id"": ""osm:node:13179716735"", ""region_code"": ""MM-YANGON"", ""osm_feature_type"": ""N"", ""snapshot_version"": ""osm_myanmar_2026_07_21_yangon_city_v1"", ""source_snapshot_id"": 9, ""source_classification"": ""settlement""}"
osm:node:13179716727,safe_new,မလွှကုန်းဌေးကြွယ် (က) ရပ်ကွက်,မလွှကုန်းဌေးကြွယ် (က) ရပ်ကွက်,quarter,quarter,settlement,16.8071082,96.1785412,80.00,796a83050c63cc1b847c1c009fe0a0e6,"{""place"": ""quarter"", ""osm_id"": ""13179716727"", ""raw_id"": 12018, ""raw_table"": ""raw_osm_points"", ""population"": null, ""external_id"": ""osm:node:13179716727"", ""region_code"": ""MM-YANGON"", ""osm_feature_type"": ""N"", ""snapshot_version"": ""osm_myanmar_2026_07_21_yangon_city_v1"", ""source_snapshot_id"": 9, ""source_classification"": ""settlement""}"
osm:node:4024692430,safe_new,တာမွေ,တာမွေ,suburb,suburb,settlement,16.8062992,96.1769272,80.00,522db5cff6397407d78ee602cfbd0012,"{""place"": ""suburb"", ""osm_id"": ""4024692430"", ""raw_id"": 12042, ""raw_table"": ""raw_osm_points"", ""population"": null, ""external_id"": ""osm:node:4024692430"", ""region_code"": ""MM-YANGON"", ""osm_feature_type"": ""N"", ""snapshot_version"": ""osm_myanmar_2026_07_21_yangon_city_v1"", ""source_snapshot_id"": 9, ""source_classification"": ""settlement""}"
osm:node:13179716741,safe_new,နတ်ချောင်းရပ်ကွက်,နတ်ချောင်းရပ်ကွက်,quarter,quarter,settlement,16.8093739,96.1795481,80.00,9e51299e40e4d3ff77fc96932e6e154c,"{""place"": ""quarter"", ""osm_id"": ""13179716741"", ""raw_id"": 12148, ""raw_table"": ""raw_osm_points"", ""population"": null, ""external_id"": ""osm:node:13179716741"", ""region_code"": ""MM-YANGON"", ""osm_feature_type"": ""N"", ""snapshot_version"": ""osm_myanmar_2026_07_21_yangon_city_v1"", ""source_snapshot_id"": 9, ""source_classification"": ""settlement""}"
osm:node:13179716740,safe_new,တာမွေကြီး (က+ဂ) ရပ်ကွက်,တာမွေကြီး (က+ဂ) ရပ်ကွက်,quarter,quarter,settlement,16.809831,96.1737484,80.00,04e332c79cf436da9f597e40bd770079,"{""place"": ""quarter"", ""osm_id"": ""13179716740"", ""raw_id"": 12191, ""raw_table"": ""raw_osm_points"", ""population"": null, ""external_id"": ""osm:node:13179716740"", ""region_code"": ""MM-YANGON"", ""osm_feature_type"": ""N"", ""snapshot_version"": ""osm_myanmar_2026_07_21_yangon_city_v1"", ""source_snapshot_id"": 9, ""source_classification"": ""settlement""}"
osm:node:13179642838,safe_new,ငါးထပ်ကြီး (မြောက်) ရပ်ကွက်,ငါးထပ်ကြီး (မြောက်) ရပ်ကွက်,quarter,quarter,settlement,16.808514,96.1628943,80.00,9904837b5c1b476e41ff06e7715dfd00,"{""place"": ""quarter"", ""osm_id"": ""13179642838"", ""raw_id"": 12304, ""raw_table"": ""raw_osm_points"", ""population"": null, ""external_id"": ""osm:node:13179642838"", ""region_code"": ""MM-YANGON"", ""osm_feature_type"": ""N"", ""snapshot_version"": ""osm_myanmar_2026_07_21_yangon_city_v1"", ""source_snapshot_id"": 9, ""source_classification"": ""settlement""}"
osm:node:13179642851,safe_new,ငါးထပ်ကြီးအနောက် (ရေလယ်) ရပ်ကွက်,ငါးထပ်ကြီးအနောက် (ရေလယ်) ရပ်ကွက်,quarter,quarter,settlement,16.8063358,96.1586975,80.00,5f7c7604249e757b5ec0980969b08956,"{""place"": ""quarter"", ""osm_id"": ""13179642851"", ""raw_id"": 12323, ""raw_table"": ""raw_osm_points"", ""population"": null, ""external_id"": ""osm:node:13179642851"", ""region_code"": ""MM-YANGON"", ""osm_feature_type"": ""N"", ""snapshot_version"": ""osm_myanmar_2026_07_21_yangon_city_v1"", ""source_snapshot_id"": 9, ""source_classification"": ""settlement""}"
osm:node:13179642852,safe_new,ကိုယ့်မင်းကိုယ့်ချင်းရပ်ကွက်,ကိုယ့်မင်းကိုယ့်ချင်းရပ်ကွက်,quarter,quarter,settlement,16.809181,96.1569459,80.00,b118d3e505bcb60712bcec8b7a083cd2,"{""place"": ""quarter"", ""osm_id"": ""13179642852"", ""raw_id"": 12346, ""raw_table"": ""raw_osm_points"", ""population"": null, ""external_id"": ""osm:node:13179642852"", ""region_code"": ""MM-YANGON"", ""osm_feature_type"": ""N"", ""snapshot_version"": ""osm_myanmar_2026_07_21_yangon_city_v1"", ""source_snapshot_id"": 9, ""source_classification"": ""settlement""}"
osm:node:13179642847,safe_new,အလယ်ရွှေဂုံတိုင်ရပ်ကွက်,အလယ်ရွှေဂုံတိုင်ရပ်ကွက်,quarter,quarter,settlement,16.8122776,96.1606668,80.00,42727aab6e296eb14388cfe5ed8f2e71,"{""place"": ""quarter"", ""osm_id"": ""13179642847"", ""raw_id"": 12377, ""raw_table"": ""raw_osm_points"", ""population"": null, ""external_id"": ""osm:node:13179642847"", ""region_code"": ""MM-YANGON"", ""osm_feature_type"": ""N"", ""snapshot_version"": ""osm_myanmar_2026_07_21_yangon_city_v1"", ""source_snapshot_id"": 9, ""source_classification"": ""settlement""}"
osm:node:13179642846,safe_new,ရွှေတောင်ကြားအမှတ် (၂) ရပ်ကွက်,ရွှေတောင်ကြားအမှတ် (၂) ရပ်ကွက်,quarter,quarter,settlement,16.8120595,96.1500142,80.00,b92293685a94d25a20fbd3b9e65c6d06,"{""place"": ""quarter"", ""osm_id"": ""13179642846"", ""raw_id"": 12428, ""raw_table"": ""raw_osm_points"", ""population"": null, ""external_id"": ""osm:node:13179642846"", ""region_code"": ""MM-YANGON"", ""osm_feature_type"": ""N"", ""snapshot_version"": ""osm_myanmar_2026_07_21_yangon_city_v1"", ""source_snapshot_id"": 9, ""source_classification"": ""settlement""}"
osm:node:13179587005,safe_new,မြေနီကုန်း (တောင်) ရပ်ကွက်,မြေနီကုန်း (တောင်) ရပ်ကွက်,quarter,quarter,settlement,16.8049537,96.1413138,80.00,40ff2ff63027ef1f79482af77df8ca9a,"{""place"": ""quarter"", ""osm_id"": ""13179587005"", ""raw_id"": 12482, ""raw_table"": ""raw_osm_points"", ""population"": null, ""external_id"": ""osm:node:13179587005"", ""region_code"": ""MM-YANGON"", ""osm_feature_type"": ""N"", ""snapshot_version"": ""osm_myanmar_2026_07_21_yangon_city_v1"", ""source_snapshot_id"": 9, ""source_classification"": ""settlement""}"
osm:node:13179642848,safe_new,ရေတာရှည်ရပ်ကွက်,ရေတာရှည်ရပ်ကွက်,quarter,quarter,settlement,16.803308,96.1512866,80.00,9c980b90e0b577096723083b10d58ba7,"{""place"": ""quarter"", ""osm_id"": ""13179642848"", ""raw_id"": 12636, ""raw_table"": ""raw_osm_points"", ""population"": null, ""external_id"": ""osm:node:13179642848"", ""region_code"": ""MM-YANGON"", ""osm_feature_type"": ""N"", ""snapshot_version"": ""osm_myanmar_2026_07_21_yangon_city_v1"", ""source_snapshot_id"": 9, ""source_classification"": ""settlement""}"
osm:node:13179642853,safe_new,ကြားတောရရပ်ကွက်,ကြားတောရရပ်ကွက်,quarter,quarter,settlement,16.801021,96.1560322,80.00,13787e8a2e5df662245c83800521811e,"{""place"": ""quarter"", ""osm_id"": ""13179642853"", ""raw_id"": 12659, ""raw_table"": ""raw_osm_points"", ""population"": null, ""external_id"": ""osm:node:13179642853"", ""region_code"": ""MM-YANGON"", ""osm_feature_type"": ""N"", ""snapshot_version"": ""osm_myanmar_2026_07_21_yangon_city_v1"", ""source_snapshot_id"": 9, ""source_classification"": ""settlement""}"
osm:node:13179587013,safe_new,ရှင်စောပုရပ်ကွက်,ရှင်စောပုရပ်ကွက်,quarter,quarter,settlement,16.8020907,96.1361025,80.00,0b1e4784bc72b0753c2a4fbb5ca2c452,"{""place"": ""quarter"", ""osm_id"": ""13179587013"", ""raw_id"": 12955, ""raw_table"": ""raw_osm_points"", ""population"": null, ""external_id"": ""osm:node:13179587013"", ""region_code"": ""MM-YANGON"", ""osm_feature_type"": ""N"", ""snapshot_version"": ""osm_myanmar_2026_07_21_yangon_city_v1"", ""source_snapshot_id"": 9, ""source_classification"": ""settlement""}"
osm:node:13179587001,safe_new,အောင်ချမ်းသာရပ်ကွက်,အောင်ချမ်းသာရပ်ကွက်,quarter,quarter,settlement,16.798783,96.1322005,80.00,71417839eedf005b0aae98a7f8b120c0,"{""place"": ""quarter"", ""osm_id"": ""13179587001"", ""raw_id"": 13133, ""raw_table"": ""raw_osm_points"", ""population"": null, ""external_id"": ""osm:node:13179587001"", ""region_code"": ""MM-YANGON"", ""osm_feature_type"": ""N"", ""snapshot_version"": ""osm_myanmar_2026_07_21_yangon_city_v1"", ""source_snapshot_id"": 9, ""source_classification"": ""settlement""}"
osm:node:13179587002,safe_new,ဟုမ်းလမ်းဘူတာရပ်ကွက်,ဟုမ်းလမ်းဘူတာရပ်ကွက်,quarter,quarter,settlement,16.7989986,96.1280561,80.00,999c13730d890b1078b41a7f976eb250,"{""place"": ""quarter"", ""osm_id"": ""13179587002"", ""raw_id"": 13184, ""raw_table"": ""raw_osm_points"", ""population"": null, ""external_id"": ""osm:node:13179587002"", ""region_code"": ""MM-YANGON"", ""osm_feature_type"": ""N"", ""snapshot_version"": ""osm_myanmar_2026_07_21_yangon_city_v1"", ""source_snapshot_id"": 9, ""source_classification"": ""settlement""}"
osm:node:13179587008,safe_new,သီရိခေမာရပ်ကွက်,သီရိခေမာရပ်ကွက်,quarter,quarter,settlement,16.8019059,96.1281515,80.00,ea226dea241a7d8236487e78e39ec74f,"{""place"": ""quarter"", ""osm_id"": ""13179587008"", ""raw_id"": 13193, ""raw_table"": ""raw_osm_points"", ""population"": null, ""external_id"": ""osm:node:13179587008"", ""region_code"": ""MM-YANGON"", ""osm_feature_type"": ""N"", ""snapshot_version"": ""osm_myanmar_2026_07_21_yangon_city_v1"", ""source_snapshot_id"": 9, ""source_classification"": ""settlement""}"
osm:node:13179587017,safe_new,စမ်းချောင်း (တောင်) ရပ်ကွက်,စမ်းချောင်း (တောင်) ရပ်ကွက်,quarter,quarter,settlement,16.8014213,96.1316594,80.00,975583fae2b9fa34725798db84e5a35b,"{""place"": ""quarter"", ""osm_id"": ""13179587017"", ""raw_id"": 13198, ""raw_table"": ""raw_osm_points"", ""population"": null, ""external_id"": ""osm:node:13179587017"", ""region_code"": ""MM-YANGON"", ""osm_feature_type"": ""N"", ""snapshot_version"": ""osm_myanmar_2026_07_21_yangon_city_v1"", ""source_snapshot_id"": 9, ""source_classification"": ""settlement""}"
osm:node:13179587003,safe_new,စမ်းချောင်း (မြောက်) ရပ်ကွက်,စမ်းချောင်း (မြောက်) ရပ်ကွက်,quarter,quarter,settlement,16.8030777,96.1324085,80.00,207a950af823b3d0cc87a1459cce854f,"{""place"": ""quarter"", ""osm_id"": ""13179587003"", ""raw_id"": 13224, ""raw_table"": ""raw_osm_points"", ""population"": null, ""external_id"": ""osm:node:13179587003"", ""region_code"": ""MM-YANGON"", ""osm_feature_type"": ""N"", ""snapshot_version"": ""osm_myanmar_2026_07_21_yangon_city_v1"", ""source_snapshot_id"": 9, ""source_classification"": ""settlement""}"
osm:node:13179587016,safe_new,လင်းလွန်း (တောင်) ရပ်ကွက်,လင်းလွန်း (တောင်) ရပ်ကွက်,quarter,quarter,settlement,16.805286,96.128159,80.00,2262c7e36e756b711eab4e3dcb46b8e4,"{""place"": ""quarter"", ""osm_id"": ""13179587016"", ""raw_id"": 13270, ""raw_table"": ""raw_osm_points"", ""population"": null, ""external_id"": ""osm:node:13179587016"", ""region_code"": ""MM-YANGON"", ""osm_feature_type"": ""N"", ""snapshot_version"": ""osm_myanmar_2026_07_21_yangon_city_v1"", ""source_snapshot_id"": 9, ""source_classification"": ""settlement""}"
osm:node:13179587004,safe_new,လင်းလွန်း (မြောက်) ရပ်ကွက်,လင်းလွန်း (မြောက်) ရပ်ကွက်,quarter,quarter,settlement,16.808124,96.1281672,80.00,fb4efaea0a6d201b4888db79436fb498,"{""place"": ""quarter"", ""osm_id"": ""13179587004"", ""raw_id"": 13289, ""raw_table"": ""raw_osm_points"", ""population"": null, ""external_id"": ""osm:node:13179587004"", ""region_code"": ""MM-YANGON"", ""osm_feature_type"": ""N"", ""snapshot_version"": ""osm_myanmar_2026_07_21_yangon_city_v1"", ""source_snapshot_id"": 9, ""source_classification"": ""settlement""}"
osm:node:13179587006,safe_new,ကျွန်းတော (မြောက်) ရပ်ကွက်,ကျွန်းတော (မြောက်) ရပ်ကွက်,quarter,quarter,settlement,16.8077434,96.1313984,80.00,c8b171304d1a125ea1a8cb14b2bb5230,"{""place"": ""quarter"", ""osm_id"": ""13179587006"", ""raw_id"": 13315, ""raw_table"": ""raw_osm_points"", ""population"": null, ""external_id"": ""osm:node:13179587006"", ""region_code"": ""MM-YANGON"", ""osm_feature_type"": ""N"", ""snapshot_version"": ""osm_myanmar_2026_07_21_yangon_city_v1"", ""source_snapshot_id"": 9, ""source_classification"": ""settlement""}"
osm:node:419887221,safe_new,စမ်းချောင်း,စမ်းချောင်း,suburb,suburb,settlement,16.8061661,96.1321384,80.00,2b2cd8e991dbb9c9347ff7a26e721d9b,"{""place"": ""suburb"", ""osm_id"": ""419887221"", ""raw_id"": 13337, ""raw_table"": ""raw_osm_points"", ""population"": null, ""external_id"": ""osm:node:419887221"", ""region_code"": ""MM-YANGON"", ""osm_feature_type"": ""N"", ""snapshot_version"": ""osm_myanmar_2026_07_21_yangon_city_v1"", ""source_snapshot_id"": 9, ""source_classification"": ""settlement""}"
osm:node:13179587010,safe_new,ကျွန်းတော (အလယ်) ရပ်ကွက်,ကျွန်းတော (အလယ်) ရပ်ကွက်,quarter,quarter,settlement,16.8063863,96.131394,80.00,1eb443cb8411f7b414a8b5125029825e,"{""place"": ""quarter"", ""osm_id"": ""13179587010"", ""raw_id"": 13341, ""raw_table"": ""raw_osm_points"", ""population"": null, ""external_id"": ""osm:node:13179587010"", ""region_code"": ""MM-YANGON"", ""osm_feature_type"": ""N"", ""snapshot_version"": ""osm_myanmar_2026_07_21_yangon_city_v1"", ""source_snapshot_id"": 9, ""source_classification"": ""settlement""}"
osm:node:13179587012,safe_new,ကျွန်းတော (တောင်) ရပ်ကွက်,ကျွန်းတော (တောင်) ရပ်ကွက်,quarter,quarter,settlement,16.8052809,96.1338313,80.00,5661a22068984f691e77cbc77e13c70d,"{""place"": ""quarter"", ""osm_id"": ""13179587012"", ""raw_id"": 13389, ""raw_table"": ""raw_osm_points"", ""population"": null, ""external_id"": ""osm:node:13179587012"", ""region_code"": ""MM-YANGON"", ""osm_feature_type"": ""N"", ""snapshot_version"": ""osm_myanmar_2026_07_21_yangon_city_v1"", ""source_snapshot_id"": 9, ""source_classification"": ""settlement""}"
osm:node:13179587007,safe_new,မြေနီကုန်း (မြောက်) ရပ်ကွက်,မြေနီကုန်း (မြောက်) ရပ်ကွက်,quarter,quarter,settlement,16.8076289,96.1377451,80.00,e7dbf5677f89fdea634ec3f4fafcd216,"{""place"": ""quarter"", ""osm_id"": ""13179587007"", ""raw_id"": 13491, ""raw_table"": ""raw_osm_points"", ""population"": null, ""external_id"": ""osm:node:13179587007"", ""region_code"": ""MM-YANGON"", ""osm_feature_type"": ""N"", ""snapshot_version"": ""osm_myanmar_2026_07_21_yangon_city_v1"", ""source_snapshot_id"": 9, ""source_classification"": ""settlement""}"
osm:node:13179609954,safe_new,အမှတ် (၁၀) ရပ်ကွက်,အမှတ် (၁၀) ရပ်ကွက်,quarter,quarter,settlement,16.810886,96.1402921,80.00,b4833c56440324c6d9c38819c5f4d683,"{""place"": ""quarter"", ""osm_id"": ""13179609954"", ""raw_id"": 13542, ""raw_table"": ""raw_osm_points"", ""population"": null, ""external_id"": ""osm:node:13179609954"", ""region_code"": ""MM-YANGON"", ""osm_feature_type"": ""N"", ""snapshot_version"": ""osm_myanmar_2026_07_21_yangon_city_v1"", ""source_snapshot_id"": 9, ""source_classification"": ""settlement""}"
osm:node:13179587011,safe_new,မုန့်လုပ်ဆောင်းကုန်း (တောင်) ရပ်ကွက်,မုန့်လုပ်ဆောင်းကုန်း (တောင်) ရပ်ကွက်,quarter,quarter,settlement,16.8108324,96.132552,80.00,b177aa29ea28fbfca817687d138ee97a,"{""place"": ""quarter"", ""osm_id"": ""13179587011"", ""raw_id"": 13575, ""raw_table"": ""raw_osm_points"", ""population"": null, ""external_id"": ""osm:node:13179587011"", ""region_code"": ""MM-YANGON"", ""osm_feature_type"": ""N"", ""snapshot_version"": ""osm_myanmar_2026_07_21_yangon_city_v1"", ""source_snapshot_id"": 9, ""source_classification"": ""settlement""}"
osm:node:13179587000,safe_new,သံတံတားရပ်ကွက်,သံတံတားရပ်ကွက်,quarter,quarter,settlement,16.8103966,96.127723,80.00,bb4f4b54f99018e6f3e2f3968d87044d,"{""place"": ""quarter"", ""osm_id"": ""13179587000"", ""raw_id"": 13614, ""raw_table"": ""raw_osm_points"", ""population"": null, ""external_id"": ""osm:node:13179587000"", ""region_code"": ""MM-YANGON"", ""osm_feature_type"": ""N"", ""snapshot_version"": ""osm_myanmar_2026_07_21_yangon_city_v1"", ""source_snapshot_id"": 9, ""source_classification"": ""settlement""}"
osm:node:13179587015,safe_new,ဝေဠုဝန် (တောင်) ရပ်ကွက်,ဝေဠုဝန် (တောင်) ရပ်ကွက်,quarter,quarter,settlement,16.8124439,96.1275516,80.00,8c256d3feccb67581e3e7c422bcd035c,"{""place"": ""quarter"", ""osm_id"": ""13179587015"", ""raw_id"": 13645, ""raw_table"": ""raw_osm_points"", ""population"": null, ""external_id"": ""osm:node:13179587015"", ""region_code"": ""MM-YANGON"", ""osm_feature_type"": ""N"", ""snapshot_version"": ""osm_myanmar_2026_07_21_yangon_city_v1"", ""source_snapshot_id"": 9, ""source_classification"": ""settlement""}"
osm:node:13179568424,safe_new,မကျည်းတန်း (တောင်/အနောက်) ရပ်ကွက်,မကျည်းတန်း (တောင်/အနောက်) ရပ်ကွက်,quarter,quarter,settlement,16.8105674,96.1216763,80.00,ae7542ec94cfd5ba5fd3b036e09b847a,"{""place"": ""quarter"", ""osm_id"": ""13179568424"", ""raw_id"": 13672, ""raw_table"": ""raw_osm_points"", ""population"": null, ""external_id"": ""osm:node:13179568424"", ""region_code"": ""MM-YANGON"", ""osm_feature_type"": ""N"", ""snapshot_version"": ""osm_myanmar_2026_07_21_yangon_city_v1"", ""source_snapshot_id"": 9, ""source_classification"": ""settlement""}"
osm:node:13179568422,safe_new,မကျည်းတန်း (တောင်/အရှေ့) ရပ်ကွက်,မကျည်းတန်း (တောင်/အရှေ့) ရပ်ကွက်,quarter,quarter,settlement,16.810513,96.124133,80.00,76e3cdff118bf4a07c04360aae564045,"{""place"": ""quarter"", ""osm_id"": ""13179568422"", ""raw_id"": 13674, ""raw_table"": ""raw_osm_points"", ""population"": null, ""external_id"": ""osm:node:13179568422"", ""region_code"": ""MM-YANGON"", ""osm_feature_type"": ""N"", ""snapshot_version"": ""osm_myanmar_2026_07_21_yangon_city_v1"", ""source_snapshot_id"": 9, ""source_classification"": ""settlement""}"
osm:node:13179568427,safe_new,စက်ဆန်းအောက်ရုံအလတ်ချောင်းရပ်ကွက်,စက်ဆန်းအောက်ရုံအလတ်ချောင်းရပ်ကွက်,quarter,quarter,settlement,16.8075063,96.1118944,80.00,a72a4fb088bdf5d0f3d76e950254f86f,"{""place"": ""quarter"", ""osm_id"": ""13179568427"", ""raw_id"": 13701, ""raw_table"": ""raw_osm_points"", ""population"": null, ""external_id"": ""osm:node:13179568427"", ""region_code"": ""MM-YANGON"", ""osm_feature_type"": ""N"", ""snapshot_version"": ""osm_myanmar_2026_07_21_yangon_city_v1"", ""source_snapshot_id"": 9, ""source_classification"": ""settlement""}"
osm:node:13179568423,safe_new,ဈေးကြီး (အရှေ့) ရပ်ကွက်,ဈေးကြီး (အရှေ့) ရပ်ကွက်,quarter,quarter,settlement,16.8078926,96.1242196,80.00,09a882df51c3f0f1c17b3798639b163d,"{""place"": ""quarter"", ""osm_id"": ""13179568423"", ""raw_id"": 13707, ""raw_table"": ""raw_osm_points"", ""population"": null, ""external_id"": ""osm:node:13179568423"", ""region_code"": ""MM-YANGON"", ""osm_feature_type"": ""N"", ""snapshot_version"": ""osm_myanmar_2026_07_21_yangon_city_v1"", ""source_snapshot_id"": 9, ""source_classification"": ""settlement""}"
osm:node:13179568416,safe_new,ချင်းချောင်းဟုမ်းလမ်းရပ်ကွက် (ပန်းလှိုင်ရပ်ကွက်),ချင်းချောင်းဟုမ်းလမ်းရပ်ကွက် (ပန်းလှိုင်ရပ်ကွက်),quarter,quarter,settlement,16.7993712,96.1242684,80.00,51b7693704b1e87e4bf64c6faffa8d57,"{""place"": ""quarter"", ""osm_id"": ""13179568416"", ""raw_id"": 13742, ""raw_table"": ""raw_osm_points"", ""population"": null, ""external_id"": ""osm:node:13179568416"", ""region_code"": ""MM-YANGON"", ""osm_feature_type"": ""N"", ""snapshot_version"": ""osm_myanmar_2026_07_21_yangon_city_v1"", ""source_snapshot_id"": 9, ""source_classification"": ""settlement""}"
osm:node:13179568414,safe_new,ဆိပ်ကြီးဦးမြငါးစင်ရပ်ကွက်,ဆိပ်ကြီးဦးမြငါးစင်ရပ်ကွက်,quarter,quarter,settlement,16.8030729,96.1129586,80.00,59c0f2e3811725701772a267b5defce2,"{""place"": ""quarter"", ""osm_id"": ""13179568414"", ""raw_id"": 13756, ""raw_table"": ""raw_osm_points"", ""population"": null, ""external_id"": ""osm:node:13179568414"", ""region_code"": ""MM-YANGON"", ""osm_feature_type"": ""N"", ""snapshot_version"": ""osm_myanmar_2026_07_21_yangon_city_v1"", ""source_snapshot_id"": 9, ""source_classification"": ""settlement""}"
osm:node:13179568415,safe_new,သီတာရပ်ကွက်,သီတာရပ်ကွက်,quarter,quarter,settlement,16.79114,96.1116773,80.00,084b2e219b0054450283e26443246bff,"{""place"": ""quarter"", ""osm_id"": ""13179568415"", ""raw_id"": 13758, ""raw_table"": ""raw_osm_points"", ""population"": null, ""external_id"": ""osm:node:13179568415"", ""region_code"": ""MM-YANGON"", ""osm_feature_type"": ""N"", ""snapshot_version"": ""osm_myanmar_2026_07_21_yangon_city_v1"", ""source_snapshot_id"": 9, ""source_classification"": ""settlement""}"
osm:node:13179568425,safe_new,ဆေးရိုးတန်းငြိမ်းချမ်းရေးရက်ကွက်,ဆေးရိုးတန်းငြိမ်းချမ်းရေးရက်ကွက်,quarter,quarter,settlement,16.7958052,96.1235185,80.00,db3b7e9e535e7f283c2e05df6b1e052e,"{""place"": ""quarter"", ""osm_id"": ""13179568425"", ""raw_id"": 13764, ""raw_table"": ""raw_osm_points"", ""population"": null, ""external_id"": ""osm:node:13179568425"", ""region_code"": ""MM-YANGON"", ""osm_feature_type"": ""N"", ""snapshot_version"": ""osm_myanmar_2026_07_21_yangon_city_v1"", ""source_snapshot_id"": 9, ""source_classification"": ""settlement""}"
osm:node:13161338067,safe_new,လွတ်လပ်ရေးရပ်ကွက်,လွတ်လပ်ရေးရပ်ကွက်,quarter,quarter,settlement,16.7900489,96.1216758,80.00,c939f54c47506821f3145358919ffdfc,"{""place"": ""quarter"", ""osm_id"": ""13161338067"", ""raw_id"": 13803, ""raw_table"": ""raw_osm_points"", ""population"": null, ""external_id"": ""osm:node:13161338067"", ""region_code"": ""MM-YANGON"", ""osm_feature_type"": ""N"", ""snapshot_version"": ""osm_myanmar_2026_07_21_yangon_city_v1"", ""source_snapshot_id"": 9, ""source_classification"": ""settlement""}"
osm:node:13161338074,safe_new,သစ်တောရပ်ကွက်,သစ်တောရပ်ကွက်,quarter,quarter,settlement,16.7839787,96.1235472,80.00,e86060324553ac4914e2ce382f0615b0,"{""place"": ""quarter"", ""osm_id"": ""13161338074"", ""raw_id"": 13836, ""raw_table"": ""raw_osm_points"", ""population"": null, ""external_id"": ""osm:node:13161338074"", ""region_code"": ""MM-YANGON"", ""osm_feature_type"": ""N"", ""snapshot_version"": ""osm_myanmar_2026_07_21_yangon_city_v1"", ""source_snapshot_id"": 9, ""source_classification"": ""settlement""}"
osm:node:13179568413,safe_new,သရက်တော (တောင်) ရပ်ကွက်,သရက်တော (တောင်) ရပ်ကွက်,quarter,quarter,settlement,16.8176902,96.1238351,80.00,ea22f3ee35d6496e4ce0ded55bb033d1,"{""place"": ""quarter"", ""osm_id"": ""13179568413"", ""raw_id"": 13908, ""raw_table"": ""raw_osm_points"", ""population"": null, ""external_id"": ""osm:node:13179568413"", ""region_code"": ""MM-YANGON"", ""osm_feature_type"": ""N"", ""snapshot_version"": ""osm_myanmar_2026_07_21_yangon_city_v1"", ""source_snapshot_id"": 9, ""source_classification"": ""settlement""}"
osm:node:13179568411,safe_new,သရက်တော (မြောက်) ရပ်ကွက်,သရက်တော (မြောက်) ရပ်ကွက်,quarter,quarter,settlement,16.819035,96.1199133,80.00,864353a7d69b20c39bce5b24307858a5,"{""place"": ""quarter"", ""osm_id"": ""13179568411"", ""raw_id"": 13952, ""raw_table"": ""raw_osm_points"", ""population"": null, ""external_id"": ""osm:node:13179568411"", ""region_code"": ""MM-YANGON"", ""osm_feature_type"": ""N"", ""snapshot_version"": ""osm_myanmar_2026_07_21_yangon_city_v1"", ""source_snapshot_id"": 9, ""source_classification"": ""settlement""}"
osm:node:13179609949,safe_new,အမှတ် (၆) ရပ်ကွက်,အမှတ် (၆) ရပ်ကွက်,quarter,quarter,settlement,16.8204236,96.1245799,80.00,5a46640156bc75dc3ee90eaa770bc2be,"{""place"": ""quarter"", ""osm_id"": ""13179609949"", ""raw_id"": 13963, ""raw_table"": ""raw_osm_points"", ""population"": null, ""external_id"": ""osm:node:13179609949"", ""region_code"": ""MM-YANGON"", ""osm_feature_type"": ""N"", ""snapshot_version"": ""osm_myanmar_2026_07_21_yangon_city_v1"", ""source_snapshot_id"": 9, ""source_classification"": ""settlement""}"
osm:node:13179609948,safe_new,အမှတ် (၅) ရပ်ကွက်,အမှတ် (၅) ရပ်ကွက်,quarter,quarter,settlement,16.8227757,96.1204288,80.00,68ab621578ff3f1ec396678ae92039a9,"{""place"": ""quarter"", ""osm_id"": ""13179609948"", ""raw_id"": 14003, ""raw_table"": ""raw_osm_points"", ""population"": null, ""external_id"": ""osm:node:13179609948"", ""region_code"": ""MM-YANGON"", ""osm_feature_type"": ""N"", ""snapshot_version"": ""osm_myanmar_2026_07_21_yangon_city_v1"", ""source_snapshot_id"": 9, ""source_classification"": ""settlement""}"
osm:node:13179609956,safe_new,အမှတ် (၄) ရပ်ကွက်,အမှတ် (၄) ရပ်ကွက်,quarter,quarter,settlement,16.8288187,96.1200958,80.00,3f98d2699c850abc9873c9e5866a82be,"{""place"": ""quarter"", ""osm_id"": ""13179609956"", ""raw_id"": 14034, ""raw_table"": ""raw_osm_points"", ""population"": null, ""external_id"": ""osm:node:13179609956"", ""region_code"": ""MM-YANGON"", ""osm_feature_type"": ""N"", ""snapshot_version"": ""osm_myanmar_2026_07_21_yangon_city_v1"", ""source_snapshot_id"": 9, ""source_classification"": ""settlement""}"
osm:node:13179733868,safe_new,အမှတ် (၃) ရပ်ကွက်,အမှတ် (၃) ရပ်ကွက်,quarter,quarter,settlement,16.835552,96.1144723,80.00,0e845a8ea2970c0db68b3961be543150,"{""place"": ""quarter"", ""osm_id"": ""13179733868"", ""raw_id"": 14161, ""raw_table"": ""raw_osm_points"", ""population"": null, ""external_id"": ""osm:node:13179733868"", ""region_code"": ""MM-YANGON"", ""osm_feature_type"": ""N"", ""snapshot_version"": ""osm_myanmar_2026_07_21_yangon_city_v1"", ""source_snapshot_id"": 9, ""source_classification"": ""settlement""}"
osm:node:13179733880,safe_new,အမှတ် (၆) ရပ်ကွက်,အမှတ် (၆) ရပ်ကွက်,quarter,quarter,settlement,16.8384516,96.1247364,80.00,baaabdeb53c7a3cda761b674448253fe,"{""place"": ""quarter"", ""osm_id"": ""13179733880"", ""raw_id"": 14220, ""raw_table"": ""raw_osm_points"", ""population"": null, ""external_id"": ""osm:node:13179733880"", ""region_code"": ""MM-YANGON"", ""osm_feature_type"": ""N"", ""snapshot_version"": ""osm_myanmar_2026_07_21_yangon_city_v1"", ""source_snapshot_id"": 9, ""source_classification"": ""settlement""}"
osm:node:13179733872,safe_new,အမှတ် (၈) ရပ်ကွက်,အမှတ် (၈) ရပ်ကွက်,quarter,quarter,settlement,16.8417689,96.1243821,80.00,fbd27ee7e03f7fb3f522a485214f9904,"{""place"": ""quarter"", ""osm_id"": ""13179733872"", ""raw_id"": 14238, ""raw_table"": ""raw_osm_points"", ""population"": null, ""external_id"": ""osm:node:13179733872"", ""region_code"": ""MM-YANGON"", ""osm_feature_type"": ""N"", ""snapshot_version"": ""osm_myanmar_2026_07_21_yangon_city_v1"", ""source_snapshot_id"": 9, ""source_classification"": ""settlement""}"
osm:node:4024738214,safe_new,လှိုင်,လှိုင်,suburb,suburb,settlement,16.8430511,96.1234366,80.00,a5c3d303aa2a949158719d9c097a75af,"{""place"": ""suburb"", ""osm_id"": ""4024738214"", ""raw_id"": 14239, ""raw_table"": ""raw_osm_points"", ""population"": null, ""external_id"": ""osm:node:4024738214"", ""region_code"": ""MM-YANGON"", ""osm_feature_type"": ""N"", ""snapshot_version"": ""osm_myanmar_2026_07_21_yangon_city_v1"", ""source_snapshot_id"": 9, ""source_classification"": ""settlement""}"
osm:node:13179733871,safe_new,အမှတ် (၄) ရပ်ကွက်,အမှတ် (၄) ရပ်ကွက်,quarter,quarter,settlement,16.8408616,96.1125726,80.00,0068d1d307442a42d192799a9c44ecb5,"{""place"": ""quarter"", ""osm_id"": ""13179733871"", ""raw_id"": 14250, ""raw_table"": ""raw_osm_points"", ""population"": null, ""external_id"": ""osm:node:13179733871"", ""region_code"": ""MM-YANGON"", ""osm_feature_type"": ""N"", ""snapshot_version"": ""osm_myanmar_2026_07_21_yangon_city_v1"", ""source_snapshot_id"": 9, ""source_classification"": ""settlement""}"
osm:node:11584325490,safe_new,ညောင်,ညောင်,village,village,settlement,16.8349837,96.0892105,80.00,84a68ebc18a9d79f337784e03cc6c1ab,"{""place"": ""village"", ""osm_id"": ""11584325490"", ""raw_id"": 14290, ""raw_table"": ""raw_osm_points"", ""population"": null, ""external_id"": ""osm:node:11584325490"", ""region_code"": ""MM-YANGON"", ""osm_feature_type"": ""N"", ""snapshot_version"": ""osm_myanmar_2026_07_21_yangon_city_v1"", ""source_snapshot_id"": 9, ""source_classification"": ""settlement""}"
osm:node:13113900545,safe_new,ဥက္ကံ,ဥက္ကံ,village,village,settlement,16.8505993,96.0646973,80.00,7612250e94cf3b1f3288b5b2db395696,"{""place"": ""village"", ""osm_id"": ""13113900545"", ""raw_id"": 14321, ""raw_table"": ""raw_osm_points"", ""population"": null, ""external_id"": ""osm:node:13113900545"", ""region_code"": ""MM-YANGON"", ""osm_feature_type"": ""N"", ""snapshot_version"": ""osm_myanmar_2026_07_21_yangon_city_v1"", ""source_snapshot_id"": 9, ""source_classification"": ""settlement""}"
osm:node:13113900548,safe_new,ရှမ်းချောင်း,ရှမ်းချောင်း,village,village,settlement,16.8592921,96.0931577,80.00,afde6061ec59d6cd36596f53aac1efbe,"{""place"": ""village"", ""osm_id"": ""13113900548"", ""raw_id"": 14398, ""raw_table"": ""raw_osm_points"", ""population"": null, ""external_id"": ""osm:node:13113900548"", ""region_code"": ""MM-YANGON"", ""osm_feature_type"": ""N"", ""snapshot_version"": ""osm_myanmar_2026_07_21_yangon_city_v1"", ""source_snapshot_id"": 9, ""source_classification"": ""settlement""}"
osm:node:13113900549,safe_new,ဒိုင်စု,ဒိုင်စု,village,village,settlement,16.8443177,96.0994782,80.00,4f6d82303b01af34262b5f90723f4864,"{""place"": ""village"", ""osm_id"": ""13113900549"", ""raw_id"": 14436, ""raw_table"": ""raw_osm_points"", ""population"": null, ""external_id"": ""osm:node:13113900549"", ""region_code"": ""MM-YANGON"", ""osm_feature_type"": ""N"", ""snapshot_version"": ""osm_myanmar_2026_07_21_yangon_city_v1"", ""source_snapshot_id"": 9, ""source_classification"": ""settlement""}"
osm:node:13179733876,safe_new,အမှတ် (၇) ရပ်ကွက်,အမှတ် (၇) ရပ်ကွက်,quarter,quarter,settlement,16.8448526,96.1218125,80.00,49230bbddc64c6ef055e5cc4c9219449,"{""place"": ""quarter"", ""osm_id"": ""13179733876"", ""raw_id"": 14474, ""raw_table"": ""raw_osm_points"", ""population"": null, ""external_id"": ""osm:node:13179733876"", ""region_code"": ""MM-YANGON"", ""osm_feature_type"": ""N"", ""snapshot_version"": ""osm_myanmar_2026_07_21_yangon_city_v1"", ""source_snapshot_id"": 9, ""source_classification"": ""settlement""}"
osm:node:13179733877,safe_new,အမှတ် (၁၄) ရပ်ကွက်,အမှတ် (၁၄) ရပ်ကွက်,quarter,quarter,settlement,16.8482204,96.1113323,80.00,13788116391d671faa3c7163caa7172e,"{""place"": ""quarter"", ""osm_id"": ""13179733877"", ""raw_id"": 14535, ""raw_table"": ""raw_osm_points"", ""population"": null, ""external_id"": ""osm:node:13179733877"", ""region_code"": ""MM-YANGON"", ""osm_feature_type"": ""N"", ""snapshot_version"": ""osm_myanmar_2026_07_21_yangon_city_v1"", ""source_snapshot_id"": 9, ""source_classification"": ""settlement""}"
osm:node:13179733873,safe_new,အမှတ် (၁၃) ရပ်ကွက်,အမှတ် (၁၃) ရပ်ကွက်,quarter,quarter,settlement,16.8517686,96.1211044,80.00,9ac05ce0b2431326bb01fe8f68900094,"{""place"": ""quarter"", ""osm_id"": ""13179733873"", ""raw_id"": 14581, ""raw_table"": ""raw_osm_points"", ""population"": null, ""external_id"": ""osm:node:13179733873"", ""region_code"": ""MM-YANGON"", ""osm_feature_type"": ""N"", ""snapshot_version"": ""osm_myanmar_2026_07_21_yangon_city_v1"", ""source_snapshot_id"": 9, ""source_classification"": ""settlement""}"
osm:node:13179733874,safe_new,အမှတ် (၁၆) ရပ်ကွက်,အမှတ် (၁၆) ရပ်ကွက်,quarter,quarter,settlement,16.8573896,96.1196942,80.00,9209ec15732cde862c316847062da2ba,"{""place"": ""quarter"", ""osm_id"": ""13179733874"", ""raw_id"": 14654, ""raw_table"": ""raw_osm_points"", ""population"": null, ""external_id"": ""osm:node:13179733874"", ""region_code"": ""MM-YANGON"", ""osm_feature_type"": ""N"", ""snapshot_version"": ""osm_myanmar_2026_07_21_yangon_city_v1"", ""source_snapshot_id"": 9, ""source_classification"": ""settlement""}"
osm:node:13179733875,safe_new,အမှတ် (၁၅) ရပ်ကွက်,အမှတ် (၁၅) ရပ်ကွက်,quarter,quarter,settlement,16.8542178,96.1085184,80.00,155daf26ca5bef111df1e6b133f28294,"{""place"": ""quarter"", ""osm_id"": ""13179733875"", ""raw_id"": 14743, ""raw_table"": ""raw_osm_points"", ""population"": null, ""external_id"": ""osm:node:13179733875"", ""region_code"": ""MM-YANGON"", ""osm_feature_type"": ""N"", ""snapshot_version"": ""osm_myanmar_2026_07_21_yangon_city_v1"", ""source_snapshot_id"": 9, ""source_classification"": ""settlement""}"
osm:node:13188305234,safe_new,မြို့သစ် (ဂ) ရပ်ကွက်,မြို့သစ် (ဂ) ရပ်ကွက်,quarter,quarter,settlement,16.8666069,96.100886,80.00,4f13dc067c272a9681f5cfce54051ea5,"{""place"": ""quarter"", ""osm_id"": ""13188305234"", ""raw_id"": 14765, ""raw_table"": ""raw_osm_points"", ""population"": null, ""external_id"": ""osm:node:13188305234"", ""region_code"": ""MM-YANGON"", ""osm_feature_type"": ""N"", ""snapshot_version"": ""osm_myanmar_2026_07_21_yangon_city_v1"", ""source_snapshot_id"": 9, ""source_classification"": ""settlement""}"
osm:node:13180077908,safe_new,အမှတ် (၁) ရပ်ကွက် (သမိုင်းဘူတာအနောက်),အမှတ် (၁) ရပ်ကွက် (သမိုင်းဘူတာအနောက်),quarter,quarter,settlement,16.8619767,96.1064721,80.00,1d19ca35c26426c99e0d7ee5cb168d7d,"{""place"": ""quarter"", ""osm_id"": ""13180077908"", ""raw_id"": 14813, ""raw_table"": ""raw_osm_points"", ""population"": null, ""external_id"": ""osm:node:13180077908"", ""region_code"": ""MM-YANGON"", ""osm_feature_type"": ""N"", ""snapshot_version"": ""osm_myanmar_2026_07_21_yangon_city_v1"", ""source_snapshot_id"": 9, ""source_classification"": ""settlement""}"
osm:node:13180077913,safe_new,အမှတ် (၂) ရပ်ကွက် (သမိုင်းမြို့),အမှတ် (၂) ရပ်ကွက် (သမိုင်းမြို့),quarter,quarter,settlement,16.8655554,96.117371,80.00,33d45010d5578c4f036677a49d5e707b,"{""place"": ""quarter"", ""osm_id"": ""13180077913"", ""raw_id"": 15079, ""raw_table"": ""raw_osm_points"", ""population"": null, ""external_id"": ""osm:node:13180077913"", ""region_code"": ""MM-YANGON"", ""osm_feature_type"": ""N"", ""snapshot_version"": ""osm_myanmar_2026_07_21_yangon_city_v1"", ""source_snapshot_id"": 9, ""source_classification"": ""settlement""}"
osm:node:4024738215,safe_new,မရမ်းကုန်း,မရမ်းကုန်း,town,town,settlement,16.8660884,96.1171103,80.00,0fed68dca557d92ed7b1d9cfa99312e7,"{""place"": ""town"", ""osm_id"": ""4024738215"", ""raw_id"": 15089, ""raw_table"": ""raw_osm_points"", ""population"": null, ""external_id"": ""osm:node:4024738215"", ""region_code"": ""MM-YANGON"", ""osm_feature_type"": ""N"", ""snapshot_version"": ""osm_myanmar_2026_07_21_yangon_city_v1"", ""source_snapshot_id"": 9, ""source_classification"": ""settlement""}"
osm:node:13188305226,safe_new,ကြို့ကုန်း (အနောက်) ရပ်ကွက်,ကြို့ကုန်း (အနောက်) ရပ်ကွက်,quarter,quarter,settlement,16.8715979,96.1110005,80.00,272def50d3bb44048d191f986ad24a36,"{""place"": ""quarter"", ""osm_id"": ""13188305226"", ""raw_id"": 15164, ""raw_table"": ""raw_osm_points"", ""population"": null, ""external_id"": ""osm:node:13188305226"", ""region_code"": ""MM-YANGON"", ""osm_feature_type"": ""N"", ""snapshot_version"": ""osm_myanmar_2026_07_21_yangon_city_v1"", ""source_snapshot_id"": 9, ""source_classification"": ""settlement""}"
osm:node:13188305216,safe_new,မြို့သစ် (က/ခ) ရပ်ကွက်,မြို့သစ် (က/ခ) ရပ်ကွက်,quarter,quarter,settlement,16.8716841,96.0994173,80.00,ba90b6686cf0ced6ba63161f0f986432,"{""place"": ""quarter"", ""osm_id"": ""13188305216"", ""raw_id"": 15191, ""raw_table"": ""raw_osm_points"", ""population"": null, ""external_id"": ""osm:node:13188305216"", ""region_code"": ""MM-YANGON"", ""osm_feature_type"": ""N"", ""snapshot_version"": ""osm_myanmar_2026_07_21_yangon_city_v1"", ""source_snapshot_id"": 9, ""source_classification"": ""settlement""}"
osm:node:13190014954,safe_new,အမှတ် (၄) ရပ်ကွက်,အမှတ် (၄) ရပ်ကွက်,quarter,quarter,settlement,16.863986,96.0877759,80.00,8365d7cfce7077aa6bfaa2016a18ddf8,"{""place"": ""quarter"", ""osm_id"": ""13190014954"", ""raw_id"": 15227, ""raw_table"": ""raw_osm_points"", ""population"": null, ""external_id"": ""osm:node:13190014954"", ""region_code"": ""MM-YANGON"", ""osm_feature_type"": ""N"", ""snapshot_version"": ""osm_myanmar_2026_07_21_yangon_city_v1"", ""source_snapshot_id"": 9, ""source_classification"": ""settlement""}"
osm:node:13190014950,safe_new,အမှတ် (၅) ရပ်ကွက်,အမှတ် (၅) ရပ်ကွက်,quarter,quarter,settlement,16.8648248,96.0780249,80.00,9a55a45c56eb3097b77cdd5374290ff9,"{""place"": ""quarter"", ""osm_id"": ""13190014950"", ""raw_id"": 15296, ""raw_table"": ""raw_osm_points"", ""population"": null, ""external_id"": ""osm:node:13190014950"", ""region_code"": ""MM-YANGON"", ""osm_feature_type"": ""N"", ""snapshot_version"": ""osm_myanmar_2026_07_21_yangon_city_v1"", ""source_snapshot_id"": 9, ""source_classification"": ""settlement""}"
osm:node:13190014951,safe_new,အမှတ် (၆) ရပ်ကွက်,အမှတ် (၆) ရပ်ကွက်,quarter,quarter,settlement,16.8680628,96.065354,80.00,6616f70882bf8d098a4dd3aafc17ae03,"{""place"": ""quarter"", ""osm_id"": ""13190014951"", ""raw_id"": 15372, ""raw_table"": ""raw_osm_points"", ""population"": null, ""external_id"": ""osm:node:13190014951"", ""region_code"": ""MM-YANGON"", ""osm_feature_type"": ""N"", ""snapshot_version"": ""osm_myanmar_2026_07_21_yangon_city_v1"", ""source_snapshot_id"": 9, ""source_classification"": ""settlement""}"
osm:node:13190014958,safe_new,အမှတ် (၇) ရပ်ကွက်,အမှတ် (၇) ရပ်ကွက်,quarter,quarter,settlement,16.8703098,96.0510192,80.00,9f4b1f0b6c73b0631ff1798edeb91b3b,"{""place"": ""quarter"", ""osm_id"": ""13190014958"", ""raw_id"": 15418, ""raw_table"": ""raw_osm_points"", ""population"": null, ""external_id"": ""osm:node:13190014958"", ""region_code"": ""MM-YANGON"", ""osm_feature_type"": ""N"", ""snapshot_version"": ""osm_myanmar_2026_07_21_yangon_city_v1"", ""source_snapshot_id"": 9, ""source_classification"": ""settlement""}"
osm:node:13113955105,safe_new,ကပြို,ကပြို,village,village,settlement,16.856988,96.0107579,80.00,001d6552ce39d6f44d435707379eb41d,"{""place"": ""village"", ""osm_id"": ""13113955105"", ""raw_id"": 15534, ""raw_table"": ""raw_osm_points"", ""population"": null, ""external_id"": ""osm:node:13113955105"", ""region_code"": ""MM-YANGON"", ""osm_feature_type"": ""N"", ""snapshot_version"": ""osm_myanmar_2026_07_21_yangon_city_v1"", ""source_snapshot_id"": 9, ""source_classification"": ""settlement""}"
osm:node:13113955106,safe_new,အပြင်ပဒံ,အပြင်ပဒံ,village,village,settlement,16.8614362,96.0281129,80.00,5d080d0f163413d0f66c1deacbf745e3,"{""place"": ""village"", ""osm_id"": ""13113955106"", ""raw_id"": 15541, ""raw_table"": ""raw_osm_points"", ""population"": null, ""external_id"": ""osm:node:13113955106"", ""region_code"": ""MM-YANGON"", ""osm_feature_type"": ""N"", ""snapshot_version"": ""osm_myanmar_2026_07_21_yangon_city_v1"", ""source_snapshot_id"": 9, ""source_classification"": ""settlement""}"
osm:node:13113955104,safe_new,အတွင်းပဒံ,အတွင်းပဒံ,village,village,settlement,16.8705219,96.0290523,80.00,29b5e51bd52bdc118a1a60fd34e4fd88,"{""place"": ""village"", ""osm_id"": ""13113955104"", ""raw_id"": 15553, ""raw_table"": ""raw_osm_points"", ""population"": null, ""external_id"": ""osm:node:13113955104"", ""region_code"": ""MM-YANGON"", ""osm_feature_type"": ""N"", ""snapshot_version"": ""osm_myanmar_2026_07_21_yangon_city_v1"", ""source_snapshot_id"": 9, ""source_classification"": ""settlement""}"
osm:node:13190014949,safe_new,အမှတ် (၁၀) ရပ်ကွက်,အမှတ် (၁၀) ရပ်ကွက်,quarter,quarter,settlement,16.8773761,96.034662,80.00,1a2909e940f64c577f8ead5baaa19d68,"{""place"": ""quarter"", ""osm_id"": ""13190014949"", ""raw_id"": 15613, ""raw_table"": ""raw_osm_points"", ""population"": null, ""external_id"": ""osm:node:13190014949"", ""region_code"": ""MM-YANGON"", ""osm_feature_type"": ""N"", ""snapshot_version"": ""osm_myanmar_2026_07_21_yangon_city_v1"", ""source_snapshot_id"": 9, ""source_classification"": ""settlement""}"
osm:node:13190014964,safe_new,အမှတ် (၁၂) ရပ်ကွက်,အမှတ် (၁၂) ရပ်ကွက်,quarter,quarter,settlement,16.8816029,96.0439305,80.00,b87c5835f396b7f6da46acc21412e388,"{""place"": ""quarter"", ""osm_id"": ""13190014964"", ""raw_id"": 15630, ""raw_table"": ""raw_osm_points"", ""population"": null, ""external_id"": ""osm:node:13190014964"", ""region_code"": ""MM-YANGON"", ""osm_feature_type"": ""N"", ""snapshot_version"": ""osm_myanmar_2026_07_21_yangon_city_v1"", ""source_snapshot_id"": 9, ""source_classification"": ""settlement""}"
osm:node:13190014947,safe_new,အမှတ် (၉) ရပ်ကွက်,အမှတ် (၉) ရပ်ကွက်,quarter,quarter,settlement,16.8751693,96.0437509,80.00,e5ce4eb7c2e4b2fbc2ec95a8c67dd928,"{""place"": ""quarter"", ""osm_id"": ""13190014947"", ""raw_id"": 15634, ""raw_table"": ""raw_osm_points"", ""population"": null, ""external_id"": ""osm:node:13190014947"", ""region_code"": ""MM-YANGON"", ""osm_feature_type"": ""N"", ""snapshot_version"": ""osm_myanmar_2026_07_21_yangon_city_v1"", ""source_snapshot_id"": 9, ""source_classification"": ""settlement""}"
osm:node:13190014957,safe_new,အမှတ် (၈) ရပ်ကွက်,အမှတ် (၈) ရပ်ကွက်,quarter,quarter,settlement,16.8787374,96.0619387,80.00,3466cabcbdb69fe3337d8f96887e1b22,"{""place"": ""quarter"", ""osm_id"": ""13190014957"", ""raw_id"": 15644, ""raw_table"": ""raw_osm_points"", ""population"": null, ""external_id"": ""osm:node:13190014957"", ""region_code"": ""MM-YANGON"", ""osm_feature_type"": ""N"", ""snapshot_version"": ""osm_myanmar_2026_07_21_yangon_city_v1"", ""source_snapshot_id"": 9, ""source_classification"": ""settlement""}"
osm:node:13190014952,safe_new,အမှတ် (၁၄) ရပ်ကွက်,အမှတ် (၁၄) ရပ်ကွက်,quarter,quarter,settlement,16.8809619,96.0543289,80.00,4dd4bb910de83d35d3c1c8d7d47b9c51,"{""place"": ""quarter"", ""osm_id"": ""13190014952"", ""raw_id"": 15651, ""raw_table"": ""raw_osm_points"", ""population"": null, ""external_id"": ""osm:node:13190014952"", ""region_code"": ""MM-YANGON"", ""osm_feature_type"": ""N"", ""snapshot_version"": ""osm_myanmar_2026_07_21_yangon_city_v1"", ""source_snapshot_id"": 9, ""source_classification"": ""settlement""}"
osm:node:13190014948,safe_new,အမှတ် (၁၃) ရပ်ကွက်,အမှတ် (၁၃) ရပ်ကွက်,quarter,quarter,settlement,16.8815057,96.0485125,80.00,afcc341ae6bb9ca96128596b7619c108,"{""place"": ""quarter"", ""osm_id"": ""13190014948"", ""raw_id"": 15656, ""raw_table"": ""raw_osm_points"", ""population"": null, ""external_id"": ""osm:node:13190014948"", ""region_code"": ""MM-YANGON"", ""osm_feature_type"": ""N"", ""snapshot_version"": ""osm_myanmar_2026_07_21_yangon_city_v1"", ""source_snapshot_id"": 9, ""source_classification"": ""settlement""}"
osm:node:13190014966,safe_new,အမှတ် (၁၆) ရပ်ကွက်,အမှတ် (၁၆) ရပ်ကွက်,quarter,quarter,settlement,16.8862771,96.0559285,80.00,d9be6194e3c40074d5e41297b0a1f01f,"{""place"": ""quarter"", ""osm_id"": ""13190014966"", ""raw_id"": 15672, ""raw_table"": ""raw_osm_points"", ""population"": null, ""external_id"": ""osm:node:13190014966"", ""region_code"": ""MM-YANGON"", ""osm_feature_type"": ""N"", ""snapshot_version"": ""osm_myanmar_2026_07_21_yangon_city_v1"", ""source_snapshot_id"": 9, ""source_classification"": ""settlement""}"
osm:node:13190014955,safe_new,အမှတ် (၁၇) ရပ်ကွက်,အမှတ် (၁၇) ရပ်ကွက်,quarter,quarter,settlement,16.8890353,96.0447437,80.00,e440cc8f7cca55eb5c67b51a6bd45487,"{""place"": ""quarter"", ""osm_id"": ""13190014955"", ""raw_id"": 15689, ""raw_table"": ""raw_osm_points"", ""population"": null, ""external_id"": ""osm:node:13190014955"", ""region_code"": ""MM-YANGON"", ""osm_feature_type"": ""N"", ""snapshot_version"": ""osm_myanmar_2026_07_21_yangon_city_v1"", ""source_snapshot_id"": 9, ""source_classification"": ""settlement""}"
osm:node:13190014953,safe_new,အမှတ် (၁၁) ရပ်ကွက်,အမှတ် (၁၁) ရပ်ကွက်,quarter,quarter,settlement,16.8841931,96.0374609,80.00,aeaaccb21d16407569f1f73fbca19b42,"{""place"": ""quarter"", ""osm_id"": ""13190014953"", ""raw_id"": 15699, ""raw_table"": ""raw_osm_points"", ""population"": null, ""external_id"": ""osm:node:13190014953"", ""region_code"": ""MM-YANGON"", ""osm_feature_type"": ""N"", ""snapshot_version"": ""osm_myanmar_2026_07_21_yangon_city_v1"", ""source_snapshot_id"": 9, ""source_classification"": ""settlement""}"
osm:node:13113955103,safe_new,ကန်လှ,ကန်လှ,village,village,settlement,16.8923844,96.0371499,80.00,90d77f8e7293f424f6f5355074055dcc,"{""place"": ""village"", ""osm_id"": ""13113955103"", ""raw_id"": 15706, ""raw_table"": ""raw_osm_points"", ""population"": null, ""external_id"": ""osm:node:13113955103"", ""region_code"": ""MM-YANGON"", ""osm_feature_type"": ""N"", ""snapshot_version"": ""osm_myanmar_2026_07_21_yangon_city_v1"", ""source_snapshot_id"": 9, ""source_classification"": ""settlement""}"
osm:node:13113900547,safe_new,ကြုံစု,ကြုံစု,village,village,settlement,16.8980293,96.0392227,80.00,4abf34de8fc9da6fac9f1e59a84e7f07,"{""place"": ""village"", ""osm_id"": ""13113900547"", ""raw_id"": 15710, ""raw_table"": ""raw_osm_points"", ""population"": null, ""external_id"": ""osm:node:13113900547"", ""region_code"": ""MM-YANGON"", ""osm_feature_type"": ""N"", ""snapshot_version"": ""osm_myanmar_2026_07_21_yangon_city_v1"", ""source_snapshot_id"": 9, ""source_classification"": ""settlement""}"
osm:node:13190014965,safe_new,အမှတ် (၁၈) ရပ်ကွက်,အမှတ် (၁၈) ရပ်ကွက်,quarter,quarter,settlement,16.892977,96.0481722,80.00,c9d7ad6f8d707f6ef862919f4f14a14e,"{""place"": ""quarter"", ""osm_id"": ""13190014965"", ""raw_id"": 15730, ""raw_table"": ""raw_osm_points"", ""population"": null, ""external_id"": ""osm:node:13190014965"", ""region_code"": ""MM-YANGON"", ""osm_feature_type"": ""N"", ""snapshot_version"": ""osm_myanmar_2026_07_21_yangon_city_v1"", ""source_snapshot_id"": 9, ""source_classification"": ""settlement""}"
osm:node:13190014963,safe_new,အမှတ် (၁၉) ရပ်ကွက်,အမှတ် (၁၉) ရပ်ကွက်,quarter,quarter,settlement,16.8926767,96.0584222,80.00,54f438e3e1aed84484c946dba47b9375,"{""place"": ""quarter"", ""osm_id"": ""13190014963"", ""raw_id"": 15736, ""raw_table"": ""raw_osm_points"", ""population"": null, ""external_id"": ""osm:node:13190014963"", ""region_code"": ""MM-YANGON"", ""osm_feature_type"": ""N"", ""snapshot_version"": ""osm_myanmar_2026_07_21_yangon_city_v1"", ""source_snapshot_id"": 9, ""source_classification"": ""settlement""}"
osm:node:13190014960,safe_new,အမှတ် (၂၀) ရပ်ကွက်,အမှတ် (၂၀) ရပ်ကွက်,quarter,quarter,settlement,16.9008512,96.0477383,80.00,361843ed3bd95037ca112b8fc173a84c,"{""place"": ""quarter"", ""osm_id"": ""13190014960"", ""raw_id"": 15743, ""raw_table"": ""raw_osm_points"", ""population"": null, ""external_id"": ""osm:node:13190014960"", ""region_code"": ""MM-YANGON"", ""osm_feature_type"": ""N"", ""snapshot_version"": ""osm_myanmar_2026_07_21_yangon_city_v1"", ""source_snapshot_id"": 9, ""source_classification"": ""settlement""}"
osm:node:13127316982,safe_new,နင်းချမ်း,နင်းချမ်း,village,village,settlement,16.9130402,96.0306168,80.00,606a4f6d621184ea8e34d1ed29540922,"{""place"": ""village"", ""osm_id"": ""13127316982"", ""raw_id"": 15769, ""raw_table"": ""raw_osm_points"", ""population"": null, ""external_id"": ""osm:node:13127316982"", ""region_code"": ""MM-YANGON"", ""osm_feature_type"": ""N"", ""snapshot_version"": ""osm_myanmar_2026_07_21_yangon_city_v1"", ""source_snapshot_id"": 9, ""source_classification"": ""settlement""}"
osm:node:13113900550,safe_new,ဉာဏ်ချောင်း,ဉာဏ်ချောင်း,village,village,settlement,16.9074658,96.0797197,80.00,9a2c6d9ed6c98ecd4d58d88c6aad026a,"{""place"": ""village"", ""osm_id"": ""13113900550"", ""raw_id"": 15935, ""raw_table"": ""raw_osm_points"", ""population"": null, ""external_id"": ""osm:node:13113900550"", ""region_code"": ""MM-YANGON"", ""osm_feature_type"": ""N"", ""snapshot_version"": ""osm_myanmar_2026_07_21_yangon_city_v1"", ""source_snapshot_id"": 9, ""source_classification"": ""settlement""}"
osm:node:13188305219,safe_new,အောင်ဆန်း ရပ်ကွက်,အောင်ဆန်း ရပ်ကွက်,quarter,quarter,settlement,16.9216067,96.093085,80.00,ec435bb8baed7e64f77071ec46542f4e,"{""place"": ""quarter"", ""osm_id"": ""13188305219"", ""raw_id"": 15955, ""raw_table"": ""raw_osm_points"", ""population"": null, ""external_id"": ""osm:node:13188305219"", ""region_code"": ""MM-YANGON"", ""osm_feature_type"": ""N"", ""snapshot_version"": ""osm_myanmar_2026_07_21_yangon_city_v1"", ""source_snapshot_id"": 9, ""source_classification"": ""settlement""}"
osm:node:13113955107,safe_new,အလယ်,အလယ်,village,village,settlement,16.9223995,96.0634384,80.00,819dccab20a18bd81268a2f7d690bcfd,"{""place"": ""village"", ""osm_id"": ""13113955107"", ""raw_id"": 16001, ""raw_table"": ""raw_osm_points"", ""population"": null, ""external_id"": ""osm:node:13113955107"", ""region_code"": ""MM-YANGON"", ""osm_feature_type"": ""N"", ""snapshot_version"": ""osm_myanmar_2026_07_21_yangon_city_v1"", ""source_snapshot_id"": 9, ""source_classification"": ""settlement""}"
osm:node:13188305229,safe_new,ဒညင်းကုန်းရပ်ကွက်,ဒညင်းကုန်းရပ်ကွက်,quarter,quarter,settlement,16.9329994,96.092395,80.00,8d53f686f4cf070954b9ec3eb6267182,"{""place"": ""quarter"", ""osm_id"": ""13188305229"", ""raw_id"": 16069, ""raw_table"": ""raw_osm_points"", ""population"": null, ""external_id"": ""osm:node:13188305229"", ""region_code"": ""MM-YANGON"", ""osm_feature_type"": ""N"", ""snapshot_version"": ""osm_myanmar_2026_07_21_yangon_city_v1"", ""source_snapshot_id"": 9, ""source_classification"": ""settlement""}"
osm:node:13189839883,safe_new,မင်္ဂလာဒုံဈေးရပ်ကွက်,မင်္ဂလာဒုံဈေးရပ်ကွက်,quarter,quarter,settlement,16.9228807,96.123363,80.00,83733e0740051a96a065531ae40751b2,"{""place"": ""quarter"", ""osm_id"": ""13189839883"", ""raw_id"": 16175, ""raw_table"": ""raw_osm_points"", ""population"": null, ""external_id"": ""osm:node:13189839883"", ""region_code"": ""MM-YANGON"", ""osm_feature_type"": ""N"", ""snapshot_version"": ""osm_myanmar_2026_07_21_yangon_city_v1"", ""source_snapshot_id"": 9, ""source_classification"": ""settlement""}"
osm:node:13188305223,safe_new,စဉ့်ငူ ရပ်ကွက်,စဉ့်ငူ ရပ်ကွက်,quarter,quarter,settlement,16.9142138,96.0995973,80.00,0cb5a7edd3691f7d2779384d5391d7bd,"{""place"": ""quarter"", ""osm_id"": ""13188305223"", ""raw_id"": 16206, ""raw_table"": ""raw_osm_points"", ""population"": null, ""external_id"": ""osm:node:13188305223"", ""region_code"": ""MM-YANGON"", ""osm_feature_type"": ""N"", ""snapshot_version"": ""osm_myanmar_2026_07_21_yangon_city_v1"", ""source_snapshot_id"": 9, ""source_classification"": ""settlement""}"
osm:node:13188305231,safe_new,ဖေါ့ကန် ရပ်ကွက်,ဖေါ့ကန် ရပ်ကွက်,quarter,quarter,settlement,16.9086624,96.0980727,80.00,141fd5a2bc52587eea65f2c1fc5b006c,"{""place"": ""quarter"", ""osm_id"": ""13188305231"", ""raw_id"": 16250, ""raw_table"": ""raw_osm_points"", ""population"": null, ""external_id"": ""osm:node:13188305231"", ""region_code"": ""MM-YANGON"", ""osm_feature_type"": ""N"", ""snapshot_version"": ""osm_myanmar_2026_07_21_yangon_city_v1"", ""source_snapshot_id"": 9, ""source_classification"": ""settlement""}"
osm:node:13188305228,safe_new,တောင်သူကုန်းရပ်ကွက်,တောင်သူကုန်းရပ်ကွက်,quarter,quarter,settlement,16.899672,96.1103399,80.00,b1d991d35396bb772f127737d80c4005,"{""place"": ""quarter"", ""osm_id"": ""13188305228"", ""raw_id"": 16278, ""raw_table"": ""raw_osm_points"", ""population"": null, ""external_id"": ""osm:node:13188305228"", ""region_code"": ""MM-YANGON"", ""osm_feature_type"": ""N"", ""snapshot_version"": ""osm_myanmar_2026_07_21_yangon_city_v1"", ""source_snapshot_id"": 9, ""source_classification"": ""settlement""}"
osm:node:13188305217,safe_new,နံ့သာကုန်း ရပ်ကွက်,နံ့သာကုန်း ရပ်ကွက်,quarter,quarter,settlement,16.8913982,96.1126728,80.00,7aee61178d8188558fd0476d52b0e7e1,"{""place"": ""quarter"", ""osm_id"": ""13188305217"", ""raw_id"": 16372, ""raw_table"": ""raw_osm_points"", ""population"": null, ""external_id"": ""osm:node:13188305217"", ""region_code"": ""MM-YANGON"", ""osm_feature_type"": ""N"", ""snapshot_version"": ""osm_myanmar_2026_07_21_yangon_city_v1"", ""source_snapshot_id"": 9, ""source_classification"": ""settlement""}"
osm:node:13188305227,safe_new,ရွာမ (အလယ်) ရပ်ကွက်,ရွာမ (အလယ်) ရပ်ကွက်,quarter,quarter,settlement,16.8940138,96.0977912,80.00,5b215a5f4879cad9008e332fb727dac8,"{""place"": ""quarter"", ""osm_id"": ""13188305227"", ""raw_id"": 16436, ""raw_table"": ""raw_osm_points"", ""population"": null, ""external_id"": ""osm:node:13188305227"", ""region_code"": ""MM-YANGON"", ""osm_feature_type"": ""N"", ""snapshot_version"": ""osm_myanmar_2026_07_21_yangon_city_v1"", ""source_snapshot_id"": 9, ""source_classification"": ""settlement""}"
osm:node:13188305233,safe_new,ရွာမ (အရှေ့) ရပ်ကွက်,ရွာမ (အရှေ့) ရပ်ကွက်,quarter,quarter,settlement,16.8996113,96.1018573,80.00,890067a5451dc4695dde1d55b3dfdc1f,"{""place"": ""quarter"", ""osm_id"": ""13188305233"", ""raw_id"": 16489, ""raw_table"": ""raw_osm_points"", ""population"": null, ""external_id"": ""osm:node:13188305233"", ""region_code"": ""MM-YANGON"", ""osm_feature_type"": ""N"", ""snapshot_version"": ""osm_myanmar_2026_07_21_yangon_city_v1"", ""source_snapshot_id"": 9, ""source_classification"": ""settlement""}"
osm:node:13190014962,safe_new,အမှတ် (၁၅) ရပ်ကွက်,အမှတ် (၁၅) ရပ်ကွက်,quarter,quarter,settlement,16.8886076,96.0658915,80.00,e11235850419749ce032ae0fc07a31b8,"{""place"": ""quarter"", ""osm_id"": ""13190014962"", ""raw_id"": 16687, ""raw_table"": ""raw_osm_points"", ""population"": null, ""external_id"": ""osm:node:13190014962"", ""region_code"": ""MM-YANGON"", ""osm_feature_type"": ""N"", ""snapshot_version"": ""osm_myanmar_2026_07_21_yangon_city_v1"", ""source_snapshot_id"": 9, ""source_classification"": ""settlement""}"
osm:node:13190014961,safe_new,အမှတ် (၁) ရပ်ကွက်,အမှတ် (၁) ရပ်ကွက်,quarter,quarter,settlement,16.8862378,96.0769294,80.00,a5e0a02a45b98f59d6add1a7ab3fd3b2,"{""place"": ""quarter"", ""osm_id"": ""13190014961"", ""raw_id"": 16694, ""raw_table"": ""raw_osm_points"", ""population"": null, ""external_id"": ""osm:node:13190014961"", ""region_code"": ""MM-YANGON"", ""osm_feature_type"": ""N"", ""snapshot_version"": ""osm_myanmar_2026_07_21_yangon_city_v1"", ""source_snapshot_id"": 9, ""source_classification"": ""settlement""}"
osm:node:13190014959,safe_new,အမှတ် (၂) ရပ်ကွက်,အမှတ် (၂) ရပ်ကွက်,quarter,quarter,settlement,16.8798439,96.0759437,80.00,12d116f3fcbcb85f85098b53a36b4231,"{""place"": ""quarter"", ""osm_id"": ""13190014959"", ""raw_id"": 16697, ""raw_table"": ""raw_osm_points"", ""population"": null, ""external_id"": ""osm:node:13190014959"", ""region_code"": ""MM-YANGON"", ""osm_feature_type"": ""N"", ""snapshot_version"": ""osm_myanmar_2026_07_21_yangon_city_v1"", ""source_snapshot_id"": 9, ""source_classification"": ""settlement""}"
osm:node:1140244835,safe_new,လှိုင်သာယာ,လှိုင်သာယာ,suburb,suburb,settlement,16.8763811,96.0633373,80.00,846ba554d932164c067a60decb59b9af,"{""place"": ""suburb"", ""osm_id"": ""1140244835"", ""raw_id"": 16711, ""raw_table"": ""raw_osm_points"", ""population"": null, ""external_id"": ""osm:node:1140244835"", ""region_code"": ""MM-YANGON"", ""osm_feature_type"": ""N"", ""snapshot_version"": ""osm_myanmar_2026_07_21_yangon_city_v1"", ""source_snapshot_id"": 9, ""source_classification"": ""settlement""}"
osm:node:13190014956,safe_new,အမှတ် (၃) ရပ်ကွက်,အမှတ် (၃) ရပ်ကွက်,quarter,quarter,settlement,16.8753681,96.0778607,80.00,0070fd3899f68bd2420fcf076316a86b,"{""place"": ""quarter"", ""osm_id"": ""13190014956"", ""raw_id"": 16741, ""raw_table"": ""raw_osm_points"", ""population"": null, ""external_id"": ""osm:node:13190014956"", ""region_code"": ""MM-YANGON"", ""osm_feature_type"": ""N"", ""snapshot_version"": ""osm_myanmar_2026_07_21_yangon_city_v1"", ""source_snapshot_id"": 9, ""source_classification"": ""settlement""}"
osm:node:13188305221,safe_new,ကမ်းနား (အနောက်) ရပ်ကွက်,ကမ်းနား (အနောက်) ရပ်ကွက်,quarter,quarter,settlement,16.8793343,96.0919757,80.00,b3987d42d995cf948ca4ab4164b2b678,"{""place"": ""quarter"", ""osm_id"": ""13188305221"", ""raw_id"": 16760, ""raw_table"": ""raw_osm_points"", ""population"": null, ""external_id"": ""osm:node:13188305221"", ""region_code"": ""MM-YANGON"", ""osm_feature_type"": ""N"", ""snapshot_version"": ""osm_myanmar_2026_07_21_yangon_city_v1"", ""source_snapshot_id"": 9, ""source_classification"": ""settlement""}"
osm:node:13188305235,safe_new,ကမ်းနား (အလယ်) ရပ်ကွက်,ကမ်းနား (အလယ်) ရပ်ကွက်,quarter,quarter,settlement,16.8802764,96.0967733,80.00,8a42cb99187f6d851ad3f5ff45b2373f,"{""place"": ""quarter"", ""osm_id"": ""13188305235"", ""raw_id"": 16798, ""raw_table"": ""raw_osm_points"", ""population"": null, ""external_id"": ""osm:node:13188305235"", ""region_code"": ""MM-YANGON"", ""osm_feature_type"": ""N"", ""snapshot_version"": ""osm_myanmar_2026_07_21_yangon_city_v1"", ""source_snapshot_id"": 9, ""source_classification"": ""settlement""}"
osm:node:1137166848,safe_new,ပေါက်တော ရပ်ကွက်,ပေါက်တော ရပ်ကွက်,neighbourhood,neighbourhood,settlement,16.8837214,96.099564,80.00,7e7d7ab526e134848ba70d096ccfef88,"{""place"": ""neighbourhood"", ""osm_id"": ""1137166848"", ""raw_id"": 16814, ""raw_table"": ""raw_osm_points"", ""population"": null, ""external_id"": ""osm:node:1137166848"", ""region_code"": ""MM-YANGON"", ""osm_feature_type"": ""N"", ""snapshot_version"": ""osm_myanmar_2026_07_21_yangon_city_v1"", ""source_snapshot_id"": 9, ""source_classification"": ""settlement""}"
osm:node:13188305222,safe_new,ကွက်သစ်ရပ်ကွက်,ကွက်သစ်ရပ်ကွက်,quarter,quarter,settlement,16.8869324,96.0987575,80.00,c06f1501394e210e547ed05c2a6b0393,"{""place"": ""quarter"", ""osm_id"": ""13188305222"", ""raw_id"": 16921, ""raw_table"": ""raw_osm_points"", ""population"": null, ""external_id"": ""osm:node:13188305222"", ""region_code"": ""MM-YANGON"", ""osm_feature_type"": ""N"", ""snapshot_version"": ""osm_myanmar_2026_07_21_yangon_city_v1"", ""source_snapshot_id"": 9, ""source_classification"": ""settlement""}"
osm:node:1140240950,safe_new,အင်းစိန်,အင်းစိန်,suburb,suburb,settlement,16.8879884,96.1066695,80.00,13f7b905f4051be66938d17b5d593ba6,"{""place"": ""suburb"", ""osm_id"": ""1140240950"", ""raw_id"": 16978, ""raw_table"": ""raw_osm_points"", ""population"": null, ""external_id"": ""osm:node:1140240950"", ""region_code"": ""MM-YANGON"", ""osm_feature_type"": ""N"", ""snapshot_version"": ""osm_myanmar_2026_07_21_yangon_city_v1"", ""source_snapshot_id"": 9, ""source_classification"": ""settlement""}"
osm:node:13188305218,safe_new,ဈေးကုန်း (အနောက်) ရပ်ကွက်,ဈေးကုန်း (အနောက်) ရပ်ကွက်,quarter,quarter,settlement,16.8851156,96.1023054,80.00,ce96687788c3d7326f69e1f9415f67aa,"{""place"": ""quarter"", ""osm_id"": ""13188305218"", ""raw_id"": 17016, ""raw_table"": ""raw_osm_points"", ""population"": null, ""external_id"": ""osm:node:13188305218"", ""region_code"": ""MM-YANGON"", ""osm_feature_type"": ""N"", ""snapshot_version"": ""osm_myanmar_2026_07_21_yangon_city_v1"", ""source_snapshot_id"": 9, ""source_classification"": ""settlement""}"
osm:node:1137185341,safe_new,လမ်းသစ် ရပ်ကွက်,လမ်းသစ် ရပ်ကွက်,neighbourhood,neighbourhood,settlement,16.8879873,96.1101979,80.00,e84effc4e6bf7e656b4cce0f240f5d2e,"{""place"": ""neighbourhood"", ""osm_id"": ""1137185341"", ""raw_id"": 17057, ""raw_table"": ""raw_osm_points"", ""population"": null, ""external_id"": ""osm:node:1137185341"", ""region_code"": ""MM-YANGON"", ""osm_feature_type"": ""N"", ""snapshot_version"": ""osm_myanmar_2026_07_21_yangon_city_v1"", ""source_snapshot_id"": 9, ""source_classification"": ""settlement""}"
osm:node:13188305230,safe_new,ကြို့ကုန်း (အရှေ့) ရပ်ကွက်,ကြို့ကုန်း (အရှေ့) ရပ်ကွက်,quarter,quarter,settlement,16.8819512,96.1180605,80.00,fc94ee76b190d1f8e36ecebc25804a04,"{""place"": ""quarter"", ""osm_id"": ""13188305230"", ""raw_id"": 17141, ""raw_table"": ""raw_osm_points"", ""population"": null, ""external_id"": ""osm:node:13188305230"", ""region_code"": ""MM-YANGON"", ""osm_feature_type"": ""N"", ""snapshot_version"": ""osm_myanmar_2026_07_21_yangon_city_v1"", ""source_snapshot_id"": 9, ""source_classification"": ""settlement""}"
osm:node:13188305220,safe_new,ဈေးကုန်း (အရှေ့) ရပ်ကွက်,ဈေးကုန်း (အရှေ့) ရပ်ကွက်,quarter,quarter,settlement,16.8802473,96.1097024,80.00,311981bffb6d2f4bd4d7612997847190,"{""place"": ""quarter"", ""osm_id"": ""13188305220"", ""raw_id"": 17152, ""raw_table"": ""raw_osm_points"", ""population"": null, ""external_id"": ""osm:node:13188305220"", ""region_code"": ""MM-YANGON"", ""osm_feature_type"": ""N"", ""snapshot_version"": ""osm_myanmar_2026_07_21_yangon_city_v1"", ""source_snapshot_id"": 9, ""source_classification"": ""settlement""}"
osm:node:13188487381,safe_new,အမှတ် (၁) ရပ်ကွက်,အမှတ် (၁) ရပ်ကွက်,quarter,quarter,settlement,16.8768061,96.1548054,80.00,977a84394a92d7dbd6719f6231f19c52,"{""place"": ""quarter"", ""osm_id"": ""13188487381"", ""raw_id"": 17295, ""raw_table"": ""raw_osm_points"", ""population"": null, ""external_id"": ""osm:node:13188487381"", ""region_code"": ""MM-YANGON"", ""osm_feature_type"": ""N"", ""snapshot_version"": ""osm_myanmar_2026_07_21_yangon_city_v1"", ""source_snapshot_id"": 9, ""source_classification"": ""settlement""}"
osm:node:13180077914,safe_new,အမှတ် (၅) ရပ်ကွက် (စိန်ပန်းမြိုင်၊ ကိုးမိုင်),အမှတ် (၅) ရပ်ကွက် (စိန်ပန်းမြိုင်၊ ကိုးမိုင်),quarter,quarter,settlement,16.8804456,96.1449641,80.00,a6553cdd9ae8d39d2cc6b911c66d9b1f,"{""place"": ""quarter"", ""osm_id"": ""13180077914"", ""raw_id"": 17340, ""raw_table"": ""raw_osm_points"", ""population"": null, ""external_id"": ""osm:node:13180077914"", ""region_code"": ""MM-YANGON"", ""osm_feature_type"": ""N"", ""snapshot_version"": ""osm_myanmar_2026_07_21_yangon_city_v1"", ""source_snapshot_id"": 9, ""source_classification"": ""settlement""}"
osm:node:13188487393,safe_new,ကျောက်ရေတွင်းရပ်ကွက်,ကျောက်ရေတွင်းရပ်ကွက်,quarter,quarter,settlement,16.887538,96.1529865,80.00,4c7d51eefdf921192f81405f91b86196,"{""place"": ""quarter"", ""osm_id"": ""13188487393"", ""raw_id"": 17370, ""raw_table"": ""raw_osm_points"", ""population"": null, ""external_id"": ""osm:node:13188487393"", ""region_code"": ""MM-YANGON"", ""osm_feature_type"": ""N"", ""snapshot_version"": ""osm_myanmar_2026_07_21_yangon_city_v1"", ""source_snapshot_id"": 9, ""source_classification"": ""settlement""}"
osm:node:13188305232,safe_new,စော်ဘွားကြီးကုန်း ရပ်ကွက်,စော်ဘွားကြီးကုန်း ရပ်ကွက်,quarter,quarter,settlement,16.8864973,96.1288788,80.00,5d8982331b1c7a5c3c30cdcb315a7b1e,"{""place"": ""quarter"", ""osm_id"": ""13188305232"", ""raw_id"": 17524, ""raw_table"": ""raw_osm_points"", ""population"": null, ""external_id"": ""osm:node:13188305232"", ""region_code"": ""MM-YANGON"", ""osm_feature_type"": ""N"", ""snapshot_version"": ""osm_myanmar_2026_07_21_yangon_city_v1"", ""source_snapshot_id"": 9, ""source_classification"": ""settlement""}"
osm:node:13188487378,safe_new,ဂ-ရပ်ကွက်,ဂ-ရပ်ကွက်,quarter,quarter,settlement,16.9018755,96.1522192,80.00,23bede5b756af9912b15f9f6f3845e2a,"{""place"": ""quarter"", ""osm_id"": ""13188487378"", ""raw_id"": 17777, ""raw_table"": ""raw_osm_points"", ""population"": null, ""external_id"": ""osm:node:13188487378"", ""region_code"": ""MM-YANGON"", ""osm_feature_type"": ""N"", ""snapshot_version"": ""osm_myanmar_2026_07_21_yangon_city_v1"", ""source_snapshot_id"": 9, ""source_classification"": ""settlement""}"
osm:node:13188487391,safe_new,ဃ-ရပ်ကွက်,ဃ-ရပ်ကွက်,quarter,quarter,settlement,16.8969428,96.1560856,80.00,206988eadf373e7117e5bd28342b2ef9,"{""place"": ""quarter"", ""osm_id"": ""13188487391"", ""raw_id"": 17813, ""raw_table"": ""raw_osm_points"", ""population"": null, ""external_id"": ""osm:node:13188487391"", ""region_code"": ""MM-YANGON"", ""osm_feature_type"": ""N"", ""snapshot_version"": ""osm_myanmar_2026_07_21_yangon_city_v1"", ""source_snapshot_id"": 9, ""source_classification"": ""settlement""}"
osm:node:13188487382,safe_new,တံတားကြီးရပ်ကွက်,တံတားကြီးရပ်ကွက်,quarter,quarter,settlement,16.8979367,96.1500726,80.00,0b1db37049d041e95c16b90debafdec6,"{""place"": ""quarter"", ""osm_id"": ""13188487382"", ""raw_id"": 17836, ""raw_table"": ""raw_osm_points"", ""population"": null, ""external_id"": ""osm:node:13188487382"", ""region_code"": ""MM-YANGON"", ""osm_feature_type"": ""N"", ""snapshot_version"": ""osm_myanmar_2026_07_21_yangon_city_v1"", ""source_snapshot_id"": 9, ""source_classification"": ""settlement""}"
osm:node:13189839861,safe_new,ကြံခင်းစုရပ်ကွက်,ကြံခင်းစုရပ်ကွက်,quarter,quarter,settlement,16.8966261,96.1416278,80.00,9e2199b2ce52dc5ccee9d4a264b4e218,"{""place"": ""quarter"", ""osm_id"": ""13189839861"", ""raw_id"": 17847, ""raw_table"": ""raw_osm_points"", ""population"": null, ""external_id"": ""osm:node:13189839861"", ""region_code"": ""MM-YANGON"", ""osm_feature_type"": ""N"", ""snapshot_version"": ""osm_myanmar_2026_07_21_yangon_city_v1"", ""source_snapshot_id"": 9, ""source_classification"": ""settlement""}"
osm:node:13188487390,safe_new,င-ရပ်ကွက်,င-ရပ်ကွက်,quarter,quarter,settlement,16.8934729,96.1609853,80.00,88540332dfd1e1a4df72f25593694c3b,"{""place"": ""quarter"", ""osm_id"": ""13188487390"", ""raw_id"": 17893, ""raw_table"": ""raw_osm_points"", ""population"": null, ""external_id"": ""osm:node:13188487390"", ""region_code"": ""MM-YANGON"", ""osm_feature_type"": ""N"", ""snapshot_version"": ""osm_myanmar_2026_07_21_yangon_city_v1"", ""source_snapshot_id"": 9, ""source_classification"": ""settlement""}"
osm:node:13188487379,safe_new,ဆ-ရပ်ကွက်,ဆ-ရပ်ကွက်,quarter,quarter,settlement,16.9057001,96.1584511,80.00,407c7e8cccccbaeb70d15907356b0863,"{""place"": ""quarter"", ""osm_id"": ""13188487379"", ""raw_id"": 17967, ""raw_table"": ""raw_osm_points"", ""population"": null, ""external_id"": ""osm:node:13188487379"", ""region_code"": ""MM-YANGON"", ""osm_feature_type"": ""N"", ""snapshot_version"": ""osm_myanmar_2026_07_21_yangon_city_v1"", ""source_snapshot_id"": 9, ""source_classification"": ""settlement""}"
osm:node:13188487395,safe_new,စ-ရပ်ကွက်,စ-ရပ်ကွက်,quarter,quarter,settlement,16.9023279,96.16268,80.00,8404f117f720a1bbb5346020f9f6c3a2,"{""place"": ""quarter"", ""osm_id"": ""13188487395"", ""raw_id"": 17971, ""raw_table"": ""raw_osm_points"", ""population"": null, ""external_id"": ""osm:node:13188487395"", ""region_code"": ""MM-YANGON"", ""osm_feature_type"": ""N"", ""snapshot_version"": ""osm_myanmar_2026_07_21_yangon_city_v1"", ""source_snapshot_id"": 9, ""source_classification"": ""settlement""}"
osm:node:13185333738,safe_new,အမှတ် (၄၉) ရပ်ကွက်,အမှတ် (၄၉) ရပ်ကွက်,quarter,quarter,settlement,16.9029303,96.1802992,80.00,ee1f9a8aaec66cc1d9fd748bc345dc41,"{""place"": ""quarter"", ""osm_id"": ""13185333738"", ""raw_id"": 18023, ""raw_table"": ""raw_osm_points"", ""population"": null, ""external_id"": ""osm:node:13185333738"", ""region_code"": ""MM-YANGON"", ""osm_feature_type"": ""N"", ""snapshot_version"": ""osm_myanmar_2026_07_21_yangon_city_v1"", ""source_snapshot_id"": 9, ""source_classification"": ""settlement""}"
osm:node:13185333747,safe_new,အမှတ် (၄၇) ရပ်ကွက်,အမှတ် (၄၇) ရပ်ကွက်,quarter,quarter,settlement,16.8966855,96.1825791,80.00,699a5ddd43ac25450e9c853d9d19843e,"{""place"": ""quarter"", ""osm_id"": ""13185333747"", ""raw_id"": 18046, ""raw_table"": ""raw_osm_points"", ""population"": null, ""external_id"": ""osm:node:13185333747"", ""region_code"": ""MM-YANGON"", ""osm_feature_type"": ""N"", ""snapshot_version"": ""osm_myanmar_2026_07_21_yangon_city_v1"", ""source_snapshot_id"": 9, ""source_classification"": ""settlement""}"
osm:node:13185333758,safe_new,အမှတ် (၄၈) ရပ်ကွက်,အမှတ် (၄၈) ရပ်ကွက်,quarter,quarter,settlement,16.8924282,96.1720586,80.00,2700176c4eb71f39637af46d38a3da59,"{""place"": ""quarter"", ""osm_id"": ""13185333758"", ""raw_id"": 18055, ""raw_table"": ""raw_osm_points"", ""population"": null, ""external_id"": ""osm:node:13185333758"", ""region_code"": ""MM-YANGON"", ""osm_feature_type"": ""N"", ""snapshot_version"": ""osm_myanmar_2026_07_21_yangon_city_v1"", ""source_snapshot_id"": 9, ""source_classification"": ""settlement""}"
osm:node:13185333752,safe_new,အမှတ် (၄၄) ရပ်ကွက်,အမှတ် (၄၄) ရပ်ကွက်,quarter,quarter,settlement,16.8908837,96.1860635,80.00,28b623e008461ee171d358e9a5d91348,"{""place"": ""quarter"", ""osm_id"": ""13185333752"", ""raw_id"": 18079, ""raw_table"": ""raw_osm_points"", ""population"": null, ""external_id"": ""osm:node:13185333752"", ""region_code"": ""MM-YANGON"", ""osm_feature_type"": ""N"", ""snapshot_version"": ""osm_myanmar_2026_07_21_yangon_city_v1"", ""source_snapshot_id"": 9, ""source_classification"": ""settlement""}"
osm:node:13185333756,safe_new,အမှတ် (၄၃) ရပ်ကွက်,အမှတ် (၄၃) ရပ်ကွက်,quarter,quarter,settlement,16.8878048,96.1800576,80.00,22b6a1b5dfd7bdbe8f3eb3425bedfdd8,"{""place"": ""quarter"", ""osm_id"": ""13185333756"", ""raw_id"": 18084, ""raw_table"": ""raw_osm_points"", ""population"": null, ""external_id"": ""osm:node:13185333756"", ""region_code"": ""MM-YANGON"", ""osm_feature_type"": ""N"", ""snapshot_version"": ""osm_myanmar_2026_07_21_yangon_city_v1"", ""source_snapshot_id"": 9, ""source_classification"": ""settlement""}"
osm:node:13185333737,safe_new,အမှတ် (၄၂) ရပ်ကွက်,အမှတ် (၄၂) ရပ်ကွက်,quarter,quarter,settlement,16.8844854,96.1736034,80.00,c30cf8132b2b398f75b98bff5f275dbd,"{""place"": ""quarter"", ""osm_id"": ""13185333737"", ""raw_id"": 18101, ""raw_table"": ""raw_osm_points"", ""population"": null, ""external_id"": ""osm:node:13185333737"", ""region_code"": ""MM-YANGON"", ""osm_feature_type"": ""N"", ""snapshot_version"": ""osm_myanmar_2026_07_21_yangon_city_v1"", ""source_snapshot_id"": 9, ""source_classification"": ""settlement""}"
osm:node:13188487394,safe_new,အမှတ် (၂) ရပ်ကွက်,အမှတ် (၂) ရပ်ကွက်,quarter,quarter,settlement,16.8790851,96.1601769,80.00,9dbb70369f42f4be9bc6fa2c21f7c4eb,"{""place"": ""quarter"", ""osm_id"": ""13188487394"", ""raw_id"": 18169, ""raw_table"": ""raw_osm_points"", ""population"": null, ""external_id"": ""osm:node:13188487394"", ""region_code"": ""MM-YANGON"", ""osm_feature_type"": ""N"", ""snapshot_version"": ""osm_myanmar_2026_07_21_yangon_city_v1"", ""source_snapshot_id"": 9, ""source_classification"": ""settlement""}"
osm:node:13185333757,safe_new,အမှတ် (၄၁) ရပ်ကွက်,အမှတ် (၄၁) ရပ်ကွက်,quarter,quarter,settlement,16.8772238,96.1770953,80.00,08ecc970696a02303da65577f1f4a53d,"{""place"": ""quarter"", ""osm_id"": ""13185333757"", ""raw_id"": 18201, ""raw_table"": ""raw_osm_points"", ""population"": null, ""external_id"": ""osm:node:13185333757"", ""region_code"": ""MM-YANGON"", ""osm_feature_type"": ""N"", ""snapshot_version"": ""osm_myanmar_2026_07_21_yangon_city_v1"", ""source_snapshot_id"": 9, ""source_classification"": ""settlement""}"
osm:node:13185333755,safe_new,အမှတ် (၄၀) ရပ်ကွက်,အမှတ် (၄၀) ရပ်ကွက်,quarter,quarter,settlement,16.8806359,96.1840282,80.00,89db2986abdaa313676500cd6191c619,"{""place"": ""quarter"", ""osm_id"": ""13185333755"", ""raw_id"": 18213, ""raw_table"": ""raw_osm_points"", ""population"": null, ""external_id"": ""osm:node:13185333755"", ""region_code"": ""MM-YANGON"", ""osm_feature_type"": ""N"", ""snapshot_version"": ""osm_myanmar_2026_07_21_yangon_city_v1"", ""source_snapshot_id"": 9, ""source_classification"": ""settlement""}"
osm:node:13185333750,safe_new,၃၆ ရပ်ကွက်,၃၆ ရပ်ကွက်,quarter,quarter,settlement,16.8763724,96.1941797,80.00,e27bea338856ce29c3892f66135ac3fe,"{""place"": ""quarter"", ""osm_id"": ""13185333750"", ""raw_id"": 18234, ""raw_table"": ""raw_osm_points"", ""population"": null, ""external_id"": ""osm:node:13185333750"", ""region_code"": ""MM-YANGON"", ""osm_feature_type"": ""N"", ""snapshot_version"": ""osm_myanmar_2026_07_21_yangon_city_v1"", ""source_snapshot_id"": 9, ""source_classification"": ""settlement""}"
osm:node:13185333743,safe_new,၃၇ ရပ်ကွက်,၃၇ ရပ်ကွက်,quarter,quarter,settlement,16.8793318,96.1997071,80.00,6a13710760664d07888fbf6656aeba72,"{""place"": ""quarter"", ""osm_id"": ""13185333743"", ""raw_id"": 18248, ""raw_table"": ""raw_osm_points"", ""population"": null, ""external_id"": ""osm:node:13185333743"", ""region_code"": ""MM-YANGON"", ""osm_feature_type"": ""N"", ""snapshot_version"": ""osm_myanmar_2026_07_21_yangon_city_v1"", ""source_snapshot_id"": 9, ""source_classification"": ""settlement""}"
osm:node:13185333751,safe_new,အမှတ် (၃၉) ရပ်ကွက်,အမှတ် (၃၉) ရပ်ကွက်,quarter,quarter,settlement,16.8837259,96.1900449,80.00,3346957a989b416f1268c05d3ee51fe0,"{""place"": ""quarter"", ""osm_id"": ""13185333751"", ""raw_id"": 18265, ""raw_table"": ""raw_osm_points"", ""population"": null, ""external_id"": ""osm:node:13185333751"", ""region_code"": ""MM-YANGON"", ""osm_feature_type"": ""N"", ""snapshot_version"": ""osm_myanmar_2026_07_21_yangon_city_v1"", ""source_snapshot_id"": 9, ""source_classification"": ""settlement""}"
osm:node:13185333744,safe_new,အမှတ် (၃၈) ရပ်ကွက်,အမှတ် (၃၈) ရပ်ကွက်,quarter,quarter,settlement,16.8867957,96.1959877,80.00,3d5d57444bcd6d3bfa469ec598320028,"{""place"": ""quarter"", ""osm_id"": ""13185333744"", ""raw_id"": 18282, ""raw_table"": ""raw_osm_points"", ""population"": null, ""external_id"": ""osm:node:13185333744"", ""region_code"": ""MM-YANGON"", ""osm_feature_type"": ""N"", ""snapshot_version"": ""osm_myanmar_2026_07_21_yangon_city_v1"", ""source_snapshot_id"": 9, ""source_classification"": ""settlement""}"
osm:node:13188057070,safe_new,အမှတ် (၉) ရပ်ကွက်,အမှတ် (၉) ရပ်ကွက်,quarter,quarter,settlement,16.8897492,96.2017822,80.00,9d8ca9a25508be399e91f85cd90b1299,"{""place"": ""quarter"", ""osm_id"": ""13188057070"", ""raw_id"": 18290, ""raw_table"": ""raw_osm_points"", ""population"": null, ""external_id"": ""osm:node:13188057070"", ""region_code"": ""MM-YANGON"", ""osm_feature_type"": ""N"", ""snapshot_version"": ""osm_myanmar_2026_07_21_yangon_city_v1"", ""source_snapshot_id"": 9, ""source_classification"": ""settlement""}"
osm:node:13188057054,safe_new,အမှတ် (၁၀) ရပ်ကွက်,အမှတ် (၁၀) ရပ်ကွက်,quarter,quarter,settlement,16.882871,96.2076704,80.00,4aca1e720314dff91b0de2b95a45198c,"{""place"": ""quarter"", ""osm_id"": ""13188057054"", ""raw_id"": 18307, ""raw_table"": ""raw_osm_points"", ""population"": null, ""external_id"": ""osm:node:13188057054"", ""region_code"": ""MM-YANGON"", ""osm_feature_type"": ""N"", ""snapshot_version"": ""osm_myanmar_2026_07_21_yangon_city_v1"", ""source_snapshot_id"": 9, ""source_classification"": ""settlement""}"
osm:node:13188057045,safe_new,အမှတ် (၁၄) ရပ်ကွက်,အမှတ် (၁၄) ရပ်ကွက်,quarter,quarter,settlement,16.8804283,96.2167864,80.00,20ad860e2068fd800e65039f3500acdf,"{""place"": ""quarter"", ""osm_id"": ""13188057045"", ""raw_id"": 18329, ""raw_table"": ""raw_osm_points"", ""population"": null, ""external_id"": ""osm:node:13188057045"", ""region_code"": ""MM-YANGON"", ""osm_feature_type"": ""N"", ""snapshot_version"": ""osm_myanmar_2026_07_21_yangon_city_v1"", ""source_snapshot_id"": 9, ""source_classification"": ""settlement""}"
osm:node:13188057039,safe_new,အမှတ် (၁၅) ရပ်ကွက်,အမှတ် (၁၅) ရပ်ကွက်,quarter,quarter,settlement,16.8776658,96.2217034,80.00,efd73e32337c30f4d17b2ddaa991c2df,"{""place"": ""quarter"", ""osm_id"": ""13188057039"", ""raw_id"": 18360, ""raw_table"": ""raw_osm_points"", ""population"": null, ""external_id"": ""osm:node:13188057039"", ""region_code"": ""MM-YANGON"", ""osm_feature_type"": ""N"", ""snapshot_version"": ""osm_myanmar_2026_07_21_yangon_city_v1"", ""source_snapshot_id"": 9, ""source_classification"": ""settlement""}"
osm:node:13188057071,safe_new,အမှတ် (၁၃) ရပ်ကွက်,အမှတ် (၁၃) ရပ်ကွက်,quarter,quarter,settlement,16.8848885,96.2242435,80.00,148f47007394a095b66ff5a388b1ad2b,"{""place"": ""quarter"", ""osm_id"": ""13188057071"", ""raw_id"": 18415, ""raw_table"": ""raw_osm_points"", ""population"": null, ""external_id"": ""osm:node:13188057071"", ""region_code"": ""MM-YANGON"", ""osm_feature_type"": ""N"", ""snapshot_version"": ""osm_myanmar_2026_07_21_yangon_city_v1"", ""source_snapshot_id"": 9, ""source_classification"": ""settlement""}"
osm:node:13185294648,safe_new,အမှတ် (၁၄၁) ရပ်ကွက်,အမှတ် (၁၄၁) ရပ်ကွက်,quarter,quarter,settlement,16.8950187,96.248378,80.00,6c2db47b765c0c78a1b4569462ea49ee,"{""place"": ""quarter"", ""osm_id"": ""13185294648"", ""raw_id"": 18458, ""raw_table"": ""raw_osm_points"", ""population"": null, ""external_id"": ""osm:node:13185294648"", ""region_code"": ""MM-YANGON"", ""osm_feature_type"": ""N"", ""snapshot_version"": ""osm_myanmar_2026_07_21_yangon_city_v1"", ""source_snapshot_id"": 9, ""source_classification"": ""settlement""}"
osm:node:13188057084,safe_new,အမှတ် (၈) ရပ်ကွက်,အမှတ် (၈) ရပ်ကွက်,quarter,quarter,settlement,16.8923346,96.2068099,80.00,c0b0c414ad1f8b9908f0687b8ada628f,"{""place"": ""quarter"", ""osm_id"": ""13188057084"", ""raw_id"": 18550, ""raw_table"": ""raw_osm_points"", ""population"": null, ""external_id"": ""osm:node:13188057084"", ""region_code"": ""MM-YANGON"", ""osm_feature_type"": ""N"", ""snapshot_version"": ""osm_myanmar_2026_07_21_yangon_city_v1"", ""source_snapshot_id"": 9, ""source_classification"": ""settlement""}"
osm:node:13188057081,safe_new,အမှတ် (၅) ရပ်ကွက်,အမှတ် (၅) ရပ်ကွက်,quarter,quarter,settlement,16.8973073,96.1985173,80.00,675027540ce89092e7d3b67b58fbe27a,"{""place"": ""quarter"", ""osm_id"": ""13188057081"", ""raw_id"": 18600, ""raw_table"": ""raw_osm_points"", ""population"": null, ""external_id"": ""osm:node:13188057081"", ""region_code"": ""MM-YANGON"", ""osm_feature_type"": ""N"", ""snapshot_version"": ""osm_myanmar_2026_07_21_yangon_city_v1"", ""source_snapshot_id"": 9, ""source_classification"": ""settlement""}"
osm:node:13185333745,safe_new,အမှတ် (၄၅) ရပ်ကွက်,အမှတ် (၄၅) ရပ်ကွက်,quarter,quarter,settlement,16.8939563,96.1920012,80.00,95bbc62e03bb228634315836b4439f1d,"{""place"": ""quarter"", ""osm_id"": ""13185333745"", ""raw_id"": 18632, ""raw_table"": ""raw_osm_points"", ""population"": null, ""external_id"": ""osm:node:13185333745"", ""region_code"": ""MM-YANGON"", ""osm_feature_type"": ""N"", ""snapshot_version"": ""osm_myanmar_2026_07_21_yangon_city_v1"", ""source_snapshot_id"": 9, ""source_classification"": ""settlement""}"
osm:node:13185333746,safe_new,အမှတ် (၄၆) ရပ်ကွက်,အမှတ် (၄၆) ရပ်ကွက်,quarter,quarter,settlement,16.9020995,96.187858,80.00,2c7822463e3aab8385928b02e11fd7ae,"{""place"": ""quarter"", ""osm_id"": ""13185333746"", ""raw_id"": 18655, ""raw_table"": ""raw_osm_points"", ""population"": null, ""external_id"": ""osm:node:13185333746"", ""region_code"": ""MM-YANGON"", ""osm_feature_type"": ""N"", ""snapshot_version"": ""osm_myanmar_2026_07_21_yangon_city_v1"", ""source_snapshot_id"": 9, ""source_classification"": ""settlement""}"
osm:node:13188057087,safe_new,အမှတ် (၃) ရပ်ကွက်,အမှတ် (၃) ရပ်ကွက်,quarter,quarter,settlement,16.9050253,96.199534,80.00,7ec409dcde98e2c523da143b758733e8,"{""place"": ""quarter"", ""osm_id"": ""13188057087"", ""raw_id"": 18694, ""raw_table"": ""raw_osm_points"", ""population"": null, ""external_id"": ""osm:node:13188057087"", ""region_code"": ""MM-YANGON"", ""osm_feature_type"": ""N"", ""snapshot_version"": ""osm_myanmar_2026_07_21_yangon_city_v1"", ""source_snapshot_id"": 9, ""source_classification"": ""settlement""}"
osm:node:13188057074,safe_new,အမှတ် (၄) ရပ်ကွက်,အမှတ် (၄) ရပ်ကွက်,quarter,quarter,settlement,16.9026671,96.1944081,80.00,e5d71501b4c081a59ea73014a9365550,"{""place"": ""quarter"", ""osm_id"": ""13188057074"", ""raw_id"": 18704, ""raw_table"": ""raw_osm_points"", ""population"": null, ""external_id"": ""osm:node:13188057074"", ""region_code"": ""MM-YANGON"", ""osm_feature_type"": ""N"", ""snapshot_version"": ""osm_myanmar_2026_07_21_yangon_city_v1"", ""source_snapshot_id"": 9, ""source_classification"": ""settlement""}"
osm:node:13188057047,safe_new,အမှတ် (၅၂) ရပ်ကွက်,အမှတ် (၅၂) ရပ်ကွက်,quarter,quarter,settlement,16.9205086,96.197121,80.00,0521b4f9c4f407a64bbee5e217cb75de,"{""place"": ""quarter"", ""osm_id"": ""13188057047"", ""raw_id"": 18737, ""raw_table"": ""raw_osm_points"", ""population"": null, ""external_id"": ""osm:node:13188057047"", ""region_code"": ""MM-YANGON"", ""osm_feature_type"": ""N"", ""snapshot_version"": ""osm_myanmar_2026_07_21_yangon_city_v1"", ""source_snapshot_id"": 9, ""source_classification"": ""settlement""}"
osm:node:13189839874,safe_new,ချစ်တီးကုန်းရပ်ကွက်,ချစ်တီးကုန်းရပ်ကွက်,quarter,quarter,settlement,16.932883,96.1584886,80.00,c821d1c9d800595cff099545b667ef60,"{""place"": ""quarter"", ""osm_id"": ""13189839874"", ""raw_id"": 19081, ""raw_table"": ""raw_osm_points"", ""population"": null, ""external_id"": ""osm:node:13189839874"", ""region_code"": ""MM-YANGON"", ""osm_feature_type"": ""N"", ""snapshot_version"": ""osm_myanmar_2026_07_21_yangon_city_v1"", ""source_snapshot_id"": 9, ""source_classification"": ""settlement""}"
osm:node:13188487389,safe_new,ဌ-ရပ်ကွက်,ဌ-ရပ်ကွက်,quarter,quarter,settlement,16.9256665,96.1656823,80.00,a9ccc899fbf8dd89ba56c6151caaee48,"{""place"": ""quarter"", ""osm_id"": ""13188487389"", ""raw_id"": 19299, ""raw_table"": ""raw_osm_points"", ""population"": null, ""external_id"": ""osm:node:13188487389"", ""region_code"": ""MM-YANGON"", ""osm_feature_type"": ""N"", ""snapshot_version"": ""osm_myanmar_2026_07_21_yangon_city_v1"", ""source_snapshot_id"": 9, ""source_classification"": ""settlement""}"
osm:node:13185333740,safe_new,အမှတ် (၅၁) ရပ်ကွက်,အမှတ် (၅၁) ရပ်ကွက်,quarter,quarter,settlement,16.9176463,96.1807107,80.00,6a12ce2f29cf99feae1108234d164c87,"{""place"": ""quarter"", ""osm_id"": ""13185333740"", ""raw_id"": 19348, ""raw_table"": ""raw_osm_points"", ""population"": null, ""external_id"": ""osm:node:13185333740"", ""region_code"": ""MM-YANGON"", ""osm_feature_type"": ""N"", ""snapshot_version"": ""osm_myanmar_2026_07_21_yangon_city_v1"", ""source_snapshot_id"": 9, ""source_classification"": ""settlement""}"
osm:node:13185333739,safe_new,အမှတ် (၅၀) ရပ်ကွက်,အမှတ် (၅၀) ရပ်ကွက်,quarter,quarter,settlement,16.9105406,96.1827034,80.00,10e14fbe459aa5ffc4160171acb56a04,"{""place"": ""quarter"", ""osm_id"": ""13185333739"", ""raw_id"": 19351, ""raw_table"": ""raw_osm_points"", ""population"": null, ""external_id"": ""osm:node:13185333739"", ""region_code"": ""MM-YANGON"", ""osm_feature_type"": ""N"", ""snapshot_version"": ""osm_myanmar_2026_07_21_yangon_city_v1"", ""source_snapshot_id"": 9, ""source_classification"": ""settlement""}"
osm:node:13188487380,safe_new,ဋ-ရပ်ကွက်,ဋ-ရပ်ကွက်,quarter,quarter,settlement,16.9084034,96.1704011,80.00,760b1a4e69c10af4a2e64c97447310c1,"{""place"": ""quarter"", ""osm_id"": ""13188487380"", ""raw_id"": 19585, ""raw_table"": ""raw_osm_points"", ""population"": null, ""external_id"": ""osm:node:13188487380"", ""region_code"": ""MM-YANGON"", ""osm_feature_type"": ""N"", ""snapshot_version"": ""osm_myanmar_2026_07_21_yangon_city_v1"", ""source_snapshot_id"": 9, ""source_classification"": ""settlement""}"
osm:node:13188487377,safe_new,ဇ-ရပ်ကွက်,ဇ-ရပ်ကွက်,quarter,quarter,settlement,16.9085055,96.1643193,80.00,3a2ec98060bc237e0f2b280ad4876156,"{""place"": ""quarter"", ""osm_id"": ""13188487377"", ""raw_id"": 19623, ""raw_table"": ""raw_osm_points"", ""population"": null, ""external_id"": ""osm:node:13188487377"", ""region_code"": ""MM-YANGON"", ""osm_feature_type"": ""N"", ""snapshot_version"": ""osm_myanmar_2026_07_21_yangon_city_v1"", ""source_snapshot_id"": 9, ""source_classification"": ""settlement""}"
osm:node:13188487383,safe_new,ည-ရပ်ကွက်,ည-ရပ်ကွက်,quarter,quarter,settlement,16.9176756,96.1700713,80.00,489856881cc4a308ab61ba160d023533,"{""place"": ""quarter"", ""osm_id"": ""13188487383"", ""raw_id"": 19744, ""raw_table"": ""raw_osm_points"", ""population"": null, ""external_id"": ""osm:node:13188487383"", ""region_code"": ""MM-YANGON"", ""osm_feature_type"": ""N"", ""snapshot_version"": ""osm_myanmar_2026_07_21_yangon_city_v1"", ""source_snapshot_id"": 9, ""source_classification"": ""settlement""}"
osm:node:3880817846,safe_new,မြောက်‌ဥက္ကလာပ,မြောက်‌ဥက္ကလာပ,suburb,suburb,settlement,16.9170016,96.1669251,80.00,e73a341928ca785e43583b5deb63d63e,"{""place"": ""suburb"", ""osm_id"": ""3880817846"", ""raw_id"": 19745, ""raw_table"": ""raw_osm_points"", ""population"": null, ""external_id"": ""osm:node:3880817846"", ""region_code"": ""MM-YANGON"", ""osm_feature_type"": ""N"", ""snapshot_version"": ""osm_myanmar_2026_07_21_yangon_city_v1"", ""source_snapshot_id"": 9, ""source_classification"": ""settlement""}"
osm:node:13188487385,safe_new,ဈ-ရပ်ကွက်,ဈ-ရပ်ကွက်,quarter,quarter,settlement,16.9181757,96.1587293,80.00,90c15720937f45092bd20c8ffa676c31,"{""place"": ""quarter"", ""osm_id"": ""13188487385"", ""raw_id"": 19829, ""raw_table"": ""raw_osm_points"", ""population"": null, ""external_id"": ""osm:node:13188487385"", ""region_code"": ""MM-YANGON"", ""osm_feature_type"": ""N"", ""snapshot_version"": ""osm_myanmar_2026_07_21_yangon_city_v1"", ""source_snapshot_id"": 9, ""source_classification"": ""settlement""}"
osm:node:13188487384,safe_new,ဝေဘာဂီမြို့သစ်ရပ်ကွက်,ဝေဘာဂီမြို့သစ်ရပ်ကွက်,quarter,quarter,settlement,16.9173961,96.1496493,80.00,bbd296f166eedd98e025c9ab7d0ffaff,"{""place"": ""quarter"", ""osm_id"": ""13188487384"", ""raw_id"": 19846, ""raw_table"": ""raw_osm_points"", ""population"": null, ""external_id"": ""osm:node:13188487384"", ""region_code"": ""MM-YANGON"", ""osm_feature_type"": ""N"", ""snapshot_version"": ""osm_myanmar_2026_07_21_yangon_city_v1"", ""source_snapshot_id"": 9, ""source_classification"": ""settlement""}"
osm:node:13188487387,safe_new,က-ရပ်ကွက်,က-ရပ်ကွက်,quarter,quarter,settlement,16.9117745,96.1553951,80.00,7edd23311faedf4b4d2b5a7aa5570263,"{""place"": ""quarter"", ""osm_id"": ""13188487387"", ""raw_id"": 19863, ""raw_table"": ""raw_osm_points"", ""population"": null, ""external_id"": ""osm:node:13188487387"", ""region_code"": ""MM-YANGON"", ""osm_feature_type"": ""N"", ""snapshot_version"": ""osm_myanmar_2026_07_21_yangon_city_v1"", ""source_snapshot_id"": 9, ""source_classification"": ""settlement""}"
osm:node:13188487392,safe_new,ခ-ရပ်ကွက်,ခ-ရပ်ကွက်,quarter,quarter,settlement,16.9070769,96.1516693,80.00,ff9f9796baa7e40ffdaebc9a8be67abe,"{""place"": ""quarter"", ""osm_id"": ""13188487392"", ""raw_id"": 19875, ""raw_table"": ""raw_osm_points"", ""population"": null, ""external_id"": ""osm:node:13188487392"", ""region_code"": ""MM-YANGON"", ""osm_feature_type"": ""N"", ""snapshot_version"": ""osm_myanmar_2026_07_21_yangon_city_v1"", ""source_snapshot_id"": 9, ""source_classification"": ""settlement""}"
osm:node:13188487388,safe_new,ပုရွက်ဆိတ်ကုန်းရပ်ကွက်,ပုရွက်ဆိတ်ကုန်းရပ်ကွက်,quarter,quarter,settlement,16.910119,96.1456977,80.00,1db3b2d0a2b8f1e73bfe86685ab12895,"{""place"": ""quarter"", ""osm_id"": ""13188487388"", ""raw_id"": 19880, ""raw_table"": ""raw_osm_points"", ""population"": null, ""external_id"": ""osm:node:13188487388"", ""region_code"": ""MM-YANGON"", ""osm_feature_type"": ""N"", ""snapshot_version"": ""osm_myanmar_2026_07_21_yangon_city_v1"", ""source_snapshot_id"": 9, ""source_classification"": ""settlement""}"
osm:node:13189839860,safe_new,အနန်းပင်ရပ်ကွက်,အနန်းပင်ရပ်ကွက်,quarter,quarter,settlement,16.9074063,96.136174,80.00,c844dc4ed02feb65bf991ab0a2a94f61,"{""place"": ""quarter"", ""osm_id"": ""13189839860"", ""raw_id"": 19896, ""raw_table"": ""raw_osm_points"", ""population"": null, ""external_id"": ""osm:node:13189839860"", ""region_code"": ""MM-YANGON"", ""osm_feature_type"": ""N"", ""snapshot_version"": ""osm_myanmar_2026_07_21_yangon_city_v1"", ""source_snapshot_id"": 9, ""source_classification"": ""settlement""}"
osm:node:13189839871,safe_new,အမှတ် (၃) (ခ) ရပ်ကွက်,အမှတ် (၃) (ခ) ရပ်ကွက်,quarter,quarter,settlement,16.9250908,96.1411997,80.00,10a2f166d00888e77aa31349185c10fb,"{""place"": ""quarter"", ""osm_id"": ""13189839871"", ""raw_id"": 19937, ""raw_table"": ""raw_osm_points"", ""population"": null, ""external_id"": ""osm:node:13189839871"", ""region_code"": ""MM-YANGON"", ""osm_feature_type"": ""N"", ""snapshot_version"": ""osm_myanmar_2026_07_21_yangon_city_v1"", ""source_snapshot_id"": 9, ""source_classification"": ""settlement""}"
osm:node:13189839875,safe_new,အမှတ် (၃) (က) ရပ်ကွက်,အမှတ် (၃) (က) ရပ်ကွက်,quarter,quarter,settlement,16.9289575,96.1447311,80.00,ae1e664e12b9be021a15e79ec5052995,"{""place"": ""quarter"", ""osm_id"": ""13189839875"", ""raw_id"": 19959, ""raw_table"": ""raw_osm_points"", ""population"": null, ""external_id"": ""osm:node:13189839875"", ""region_code"": ""MM-YANGON"", ""osm_feature_type"": ""N"", ""snapshot_version"": ""osm_myanmar_2026_07_21_yangon_city_v1"", ""source_snapshot_id"": 9, ""source_classification"": ""settlement""}"
osm:node:13189839868,safe_new,စမ်းကြီးဝ ရပ်ကွက်,စမ်းကြီးဝ ရပ်ကွက်,quarter,quarter,settlement,16.9360027,96.1367349,80.00,347c316d5a85955d9f7a2b06da9fed93,"{""place"": ""quarter"", ""osm_id"": ""13189839868"", ""raw_id"": 20034, ""raw_table"": ""raw_osm_points"", ""population"": null, ""external_id"": ""osm:node:13189839868"", ""region_code"": ""MM-YANGON"", ""osm_feature_type"": ""N"", ""snapshot_version"": ""osm_myanmar_2026_07_21_yangon_city_v1"", ""source_snapshot_id"": 9, ""source_classification"": ""settlement""}"
osm:node:13189839878,safe_new,အမှတ် (၂) (က) ရပ်ကွက်,အမှတ် (၂) (က) ရပ်ကွက်,quarter,quarter,settlement,16.9324788,96.1383018,80.00,6459a942ba401eba55ec2794b3baf7d1,"{""place"": ""quarter"", ""osm_id"": ""13189839878"", ""raw_id"": 20046, ""raw_table"": ""raw_osm_points"", ""population"": null, ""external_id"": ""osm:node:13189839878"", ""region_code"": ""MM-YANGON"", ""osm_feature_type"": ""N"", ""snapshot_version"": ""osm_myanmar_2026_07_21_yangon_city_v1"", ""source_snapshot_id"": 9, ""source_classification"": ""settlement""}"
osm:node:13189839867,safe_new,အမှတ် (၂) (ခ) ရပ်ကွက်,အမှတ် (၂) (ခ) ရပ်ကွက်,quarter,quarter,settlement,16.9300824,96.1404169,80.00,c283a9548ef9acee43700931cc2c1de1,"{""place"": ""quarter"", ""osm_id"": ""13189839867"", ""raw_id"": 20056, ""raw_table"": ""raw_osm_points"", ""population"": null, ""external_id"": ""osm:node:13189839867"", ""region_code"": ""MM-YANGON"", ""osm_feature_type"": ""N"", ""snapshot_version"": ""osm_myanmar_2026_07_21_yangon_city_v1"", ""source_snapshot_id"": 9, ""source_classification"": ""settlement""}"
osm:node:2434352914,safe_new,မင်္ဂလာဒုံ,မင်္ဂလာဒုံ,suburb,suburb,settlement,16.9338331,96.1312105,80.00,0b188bf0c5b02a8aede800b87e93b790,"{""place"": ""suburb"", ""osm_id"": ""2434352914"", ""raw_id"": 20076, ""raw_table"": ""raw_osm_points"", ""population"": null, ""external_id"": ""osm:node:2434352914"", ""region_code"": ""MM-YANGON"", ""osm_feature_type"": ""N"", ""snapshot_version"": ""osm_myanmar_2026_07_21_yangon_city_v1"", ""source_snapshot_id"": 9, ""source_classification"": ""settlement""}"
osm:node:13189839862,safe_new,တပ်မတော်စံပြ ရပ်ကွက်,တပ်မတော်စံပြ ရပ်ကွက်,quarter,quarter,settlement,16.9397283,96.1342928,80.00,87d0e2c2753d14cbf68973b15adc905d,"{""place"": ""quarter"", ""osm_id"": ""13189839862"", ""raw_id"": 20098, ""raw_table"": ""raw_osm_points"", ""population"": null, ""external_id"": ""osm:node:13189839862"", ""region_code"": ""MM-YANGON"", ""osm_feature_type"": ""N"", ""snapshot_version"": ""osm_myanmar_2026_07_21_yangon_city_v1"", ""source_snapshot_id"": 9, ""source_classification"": ""settlement""}"
osm:node:13189839879,safe_new,ပေါက်ကုန်းရပ်ကွက်,ပေါက်ကုန်းရပ်ကွက်,quarter,quarter,settlement,16.9503554,96.1413362,80.00,2ff8214fbb625bf88673c911bb2905cb,"{""place"": ""quarter"", ""osm_id"": ""13189839879"", ""raw_id"": 20116, ""raw_table"": ""raw_osm_points"", ""population"": null, ""external_id"": ""osm:node:13189839879"", ""region_code"": ""MM-YANGON"", ""osm_feature_type"": ""N"", ""snapshot_version"": ""osm_myanmar_2026_07_21_yangon_city_v1"", ""source_snapshot_id"": 9, ""source_classification"": ""settlement""}"
osm:node:13127725468,safe_new,သစ်ဆိမ့်ကုန်း,သစ်ဆိမ့်ကုန်း,village,village,settlement,16.9638996,96.1461029,80.00,c90f40399754dc214e1062730e4167eb,"{""place"": ""village"", ""osm_id"": ""13127725468"", ""raw_id"": 20147, ""raw_table"": ""raw_osm_points"", ""population"": null, ""external_id"": ""osm:node:13127725468"", ""region_code"": ""MM-YANGON"", ""osm_feature_type"": ""N"", ""snapshot_version"": ""osm_myanmar_2026_07_21_yangon_city_v1"", ""source_snapshot_id"": 9, ""source_classification"": ""settlement""}"
osm:node:13127725469,safe_new,မြရတနာ,မြရတနာ,village,village,settlement,16.9650968,96.1523595,80.00,361d2f852e2d77619a2f1d8b51c9b035,"{""place"": ""village"", ""osm_id"": ""13127725469"", ""raw_id"": 20153, ""raw_table"": ""raw_osm_points"", ""population"": null, ""external_id"": ""osm:node:13127725469"", ""region_code"": ""MM-YANGON"", ""osm_feature_type"": ""N"", ""snapshot_version"": ""osm_myanmar_2026_07_21_yangon_city_v1"", ""source_snapshot_id"": 9, ""source_classification"": ""settlement""}"
osm:node:12141247444,safe_new,သင်္ဃန်းကျွန်းကြီး,သင်္ဃန်းကျွန်းကြီး,village,village,settlement,16.9568435,96.1562821,80.00,30ed7fcef0812bce67537d849d0e25d3,"{""place"": ""village"", ""osm_id"": ""12141247444"", ""raw_id"": 20172, ""raw_table"": ""raw_osm_points"", ""population"": null, ""external_id"": ""osm:node:12141247444"", ""region_code"": ""MM-YANGON"", ""osm_feature_type"": ""N"", ""snapshot_version"": ""osm_myanmar_2026_07_21_yangon_city_v1"", ""source_snapshot_id"": 9, ""source_classification"": ""settlement""}"
osm:node:13188487386,safe_new,ရွှေပေါက်ကံမြို့သစ်ရပ်ကွက်,ရွှေပေါက်ကံမြို့သစ်ရပ်ကွက်,quarter,quarter,settlement,16.9404382,96.187563,80.00,bca5c750fe0d1af6048ab3a59dd42a7a,"{""place"": ""quarter"", ""osm_id"": ""13188487386"", ""raw_id"": 20513, ""raw_table"": ""raw_osm_points"", ""population"": null, ""external_id"": ""osm:node:13188487386"", ""region_code"": ""MM-YANGON"", ""osm_feature_type"": ""N"", ""snapshot_version"": ""osm_myanmar_2026_07_21_yangon_city_v1"", ""source_snapshot_id"": 9, ""source_classification"": ""settlement""}"
osm:node:13188057080,safe_new,အမှတ် (၁၃၈) ရပ်ကွက်,အမှတ် (၁၃၈) ရပ်ကွက်,quarter,quarter,settlement,16.9391036,96.2186663,80.00,d4a181cbc3d6e6bd388187760bae4025,"{""place"": ""quarter"", ""osm_id"": ""13188057080"", ""raw_id"": 20547, ""raw_table"": ""raw_osm_points"", ""population"": null, ""external_id"": ""osm:node:13188057080"", ""region_code"": ""MM-YANGON"", ""osm_feature_type"": ""N"", ""snapshot_version"": ""osm_myanmar_2026_07_21_yangon_city_v1"", ""source_snapshot_id"": 9, ""source_classification"": ""settlement""}"
osm:node:12141247443,safe_new,ပုလဲ,ပုလဲ,village,village,settlement,16.9794788,96.1457747,80.00,4172c8aad8c6c0fa52e5a7595e697630,"{""place"": ""village"", ""osm_id"": ""12141247443"", ""raw_id"": 20613, ""raw_table"": ""raw_osm_points"", ""population"": null, ""external_id"": ""osm:node:12141247443"", ""region_code"": ""MM-YANGON"", ""osm_feature_type"": ""N"", ""snapshot_version"": ""osm_myanmar_2026_07_21_yangon_city_v1"", ""source_snapshot_id"": 9, ""source_classification"": ""settlement""}"
osm:node:13127725471,safe_new,ကာယ,ကာယ,village,village,settlement,16.97228,96.1513617,80.00,09f3a1821977b55a00b711f51fa33894,"{""place"": ""village"", ""osm_id"": ""13127725471"", ""raw_id"": 20622, ""raw_table"": ""raw_osm_points"", ""population"": null, ""external_id"": ""osm:node:13127725471"", ""region_code"": ""MM-YANGON"", ""osm_feature_type"": ""N"", ""snapshot_version"": ""osm_myanmar_2026_07_21_yangon_city_v1"", ""source_snapshot_id"": 9, ""source_classification"": ""settlement""}"
osm:node:12141247442,safe_new,ပတ္တမြား,ပတ္တမြား,village,village,settlement,16.9938028,96.1418619,80.00,1b127d9a349f754085d68891a6f74c01,"{""place"": ""village"", ""osm_id"": ""12141247442"", ""raw_id"": 20711, ""raw_table"": ""raw_osm_points"", ""population"": null, ""external_id"": ""osm:node:12141247442"", ""region_code"": ""MM-YANGON"", ""osm_feature_type"": ""N"", ""snapshot_version"": ""osm_myanmar_2026_07_21_yangon_city_v1"", ""source_snapshot_id"": 9, ""source_classification"": ""settlement""}"
osm:node:13127725478,safe_new,ပျဉ်းမပင်,ပျဉ်းမပင်,village,village,settlement,16.9958154,96.1318224,80.00,de61136e45e320569dd51a2657f2366e,"{""place"": ""village"", ""osm_id"": ""13127725478"", ""raw_id"": 20730, ""raw_table"": ""raw_osm_points"", ""population"": null, ""external_id"": ""osm:node:13127725478"", ""region_code"": ""MM-YANGON"", ""osm_feature_type"": ""N"", ""snapshot_version"": ""osm_myanmar_2026_07_21_yangon_city_v1"", ""source_snapshot_id"": 9, ""source_classification"": ""settlement""}"
osm:node:13127727310,safe_new,ကျောင်းကုန်း,ကျောင်းကုန်း,village,village,settlement,16.999307,96.0838512,80.00,3f4f689cc6759cc70b20115b4408543e,"{""place"": ""village"", ""osm_id"": ""13127727310"", ""raw_id"": 20755, ""raw_table"": ""raw_osm_points"", ""population"": null, ""external_id"": ""osm:node:13127727310"", ""region_code"": ""MM-YANGON"", ""osm_feature_type"": ""N"", ""snapshot_version"": ""osm_myanmar_2026_07_21_yangon_city_v1"", ""source_snapshot_id"": 9, ""source_classification"": ""settlement""}"
osm:node:13189923659,safe_new,အမှတ် (၁၅) ရပ်ကွက်,အမှတ် (၁၅) ရပ်ကွက်,quarter,quarter,settlement,16.9968944,96.0666122,80.00,4e3a68cc3cf276d551a3893b97e1a5ff,"{""place"": ""quarter"", ""osm_id"": ""13189923659"", ""raw_id"": 20764, ""raw_table"": ""raw_osm_points"", ""population"": null, ""external_id"": ""osm:node:13189923659"", ""region_code"": ""MM-YANGON"", ""osm_feature_type"": ""N"", ""snapshot_version"": ""osm_myanmar_2026_07_21_yangon_city_v1"", ""source_snapshot_id"": 9, ""source_classification"": ""settlement""}"
osm:node:13189923672,safe_new,အမှတ် (၁၄) ရပ်ကွက်,အမှတ် (၁၄) ရပ်ကွက်,quarter,quarter,settlement,16.9904234,96.0711674,80.00,389eda35230c4f0b31daca1f2ae2a9f8,"{""place"": ""quarter"", ""osm_id"": ""13189923672"", ""raw_id"": 20789, ""raw_table"": ""raw_osm_points"", ""population"": null, ""external_id"": ""osm:node:13189923672"", ""region_code"": ""MM-YANGON"", ""osm_feature_type"": ""N"", ""snapshot_version"": ""osm_myanmar_2026_07_21_yangon_city_v1"", ""source_snapshot_id"": 9, ""source_classification"": ""settlement""}"
osm:node:13189923651,safe_new,အမှတ် (၄) ရပ်ကွက်,အမှတ် (၄) ရပ်ကွက်,quarter,quarter,settlement,16.9821571,96.0874023,80.00,4a6287a4f79c823590151eca744ff6c8,"{""place"": ""quarter"", ""osm_id"": ""13189923651"", ""raw_id"": 20842, ""raw_table"": ""raw_osm_points"", ""population"": null, ""external_id"": ""osm:node:13189923651"", ""region_code"": ""MM-YANGON"", ""osm_feature_type"": ""N"", ""snapshot_version"": ""osm_myanmar_2026_07_21_yangon_city_v1"", ""source_snapshot_id"": 9, ""source_classification"": ""settlement""}"
osm:node:13189923668,safe_new,အမှတ် (၉) ရပ်ကွက်,အမှတ် (၉) ရပ်ကွက်,quarter,quarter,settlement,16.9835717,96.0730808,80.00,07658181be66e3a5fb4e4d42fd6e6f16,"{""place"": ""quarter"", ""osm_id"": ""13189923668"", ""raw_id"": 20935, ""raw_table"": ""raw_osm_points"", ""population"": null, ""external_id"": ""osm:node:13189923668"", ""region_code"": ""MM-YANGON"", ""osm_feature_type"": ""N"", ""snapshot_version"": ""osm_myanmar_2026_07_21_yangon_city_v1"", ""source_snapshot_id"": 9, ""source_classification"": ""settlement""}"
osm:node:13189923654,safe_new,အမှတ် (၈) ရပ်ကွက်,အမှတ် (၈) ရပ်ကွက်,quarter,quarter,settlement,16.973764,96.0717345,80.00,cc4e8bfbc3cd345cf87a367cffb9082c,"{""place"": ""quarter"", ""osm_id"": ""13189923654"", ""raw_id"": 20961, ""raw_table"": ""raw_osm_points"", ""population"": null, ""external_id"": ""osm:node:13189923654"", ""region_code"": ""MM-YANGON"", ""osm_feature_type"": ""N"", ""snapshot_version"": ""osm_myanmar_2026_07_21_yangon_city_v1"", ""source_snapshot_id"": 9, ""source_classification"": ""settlement""}"
osm:node:13189923662,safe_new,အမှတ် (၇) ရပ်ကွက်,အမှတ် (၇) ရပ်ကွက်,quarter,quarter,settlement,16.9736588,96.079701,80.00,4abcccbfca4eeb7b3a7b6830faba5bf0,"{""place"": ""quarter"", ""osm_id"": ""13189923662"", ""raw_id"": 20983, ""raw_table"": ""raw_osm_points"", ""population"": null, ""external_id"": ""osm:node:13189923662"", ""region_code"": ""MM-YANGON"", ""osm_feature_type"": ""N"", ""snapshot_version"": ""osm_myanmar_2026_07_21_yangon_city_v1"", ""source_snapshot_id"": 9, ""source_classification"": ""settlement""}"
osm:node:13127727309,safe_new,ဘုံရှေကုန်း,ဘုံရှေကုန်း,village,village,settlement,16.9759165,96.0993615,80.00,56b2a6ae118b4e868745d419e73f7e0b,"{""place"": ""village"", ""osm_id"": ""13127727309"", ""raw_id"": 20991, ""raw_table"": ""raw_osm_points"", ""population"": null, ""external_id"": ""osm:node:13127727309"", ""region_code"": ""MM-YANGON"", ""osm_feature_type"": ""N"", ""snapshot_version"": ""osm_myanmar_2026_07_21_yangon_city_v1"", ""source_snapshot_id"": 9, ""source_classification"": ""settlement""}"
osm:node:13127727307,safe_new,ဇီးကုန်း,ဇီးကုန်း,village,village,settlement,16.9496403,96.1039505,80.00,863443a89e2939164b83fd4a42f30855,"{""place"": ""village"", ""osm_id"": ""13127727307"", ""raw_id"": 21146, ""raw_table"": ""raw_osm_points"", ""population"": null, ""external_id"": ""osm:node:13127727307"", ""region_code"": ""MM-YANGON"", ""osm_feature_type"": ""N"", ""snapshot_version"": ""osm_myanmar_2026_07_21_yangon_city_v1"", ""source_snapshot_id"": 9, ""source_classification"": ""settlement""}"
osm:node:13189923671,safe_new,အမှတ် (၁၂) ရပ်ကွက်,အမှတ် (၁၂) ရပ်ကွက်,quarter,quarter,settlement,16.949167,96.0867576,80.00,d6f071ab28280e2ec2c5cdc412e9a607,"{""place"": ""quarter"", ""osm_id"": ""13189923671"", ""raw_id"": 21187, ""raw_table"": ""raw_osm_points"", ""population"": null, ""external_id"": ""osm:node:13189923671"", ""region_code"": ""MM-YANGON"", ""osm_feature_type"": ""N"", ""snapshot_version"": ""osm_myanmar_2026_07_21_yangon_city_v1"", ""source_snapshot_id"": 9, ""source_classification"": ""settlement""}"
osm:node:13189923666,safe_new,အမှတ် (၁၈) ရပ်ကွက်,အမှတ် (၁၈) ရပ်ကွက်,quarter,quarter,settlement,16.9388409,96.0715774,80.00,a560f246b59a1bd8a877d379c04efacc,"{""place"": ""quarter"", ""osm_id"": ""13189923666"", ""raw_id"": 21224, ""raw_table"": ""raw_osm_points"", ""population"": null, ""external_id"": ""osm:node:13189923666"", ""region_code"": ""MM-YANGON"", ""osm_feature_type"": ""N"", ""snapshot_version"": ""osm_myanmar_2026_07_21_yangon_city_v1"", ""source_snapshot_id"": 9, ""source_classification"": ""settlement""}"
osm:node:13189923664,safe_new,အမှတ် (၁၃) ရပ်ကွက်,အမှတ် (၁၃) ရပ်ကွက်,quarter,quarter,settlement,16.9479566,96.0648471,80.00,b738619dd26b4e4f0b3cf0957b72d6af,"{""place"": ""quarter"", ""osm_id"": ""13189923664"", ""raw_id"": 21235, ""raw_table"": ""raw_osm_points"", ""population"": null, ""external_id"": ""osm:node:13189923664"", ""region_code"": ""MM-YANGON"", ""osm_feature_type"": ""N"", ""snapshot_version"": ""osm_myanmar_2026_07_21_yangon_city_v1"", ""source_snapshot_id"": 9, ""source_classification"": ""settlement""}"
osm:node:13189923656,safe_new,အမှတ် (၁၀) ရပ်ကွက်,အမှတ် (၁၀) ရပ်ကွက်,quarter,quarter,settlement,16.9470417,96.07803,80.00,d0af37b81a53ea4ccf0b348a6fbfb96c,"{""place"": ""quarter"", ""osm_id"": ""13189923656"", ""raw_id"": 21237, ""raw_table"": ""raw_osm_points"", ""population"": null, ""external_id"": ""osm:node:13189923656"", ""region_code"": ""MM-YANGON"", ""osm_feature_type"": ""N"", ""snapshot_version"": ""osm_myanmar_2026_07_21_yangon_city_v1"", ""source_snapshot_id"": 9, ""source_classification"": ""settlement""}"
osm:node:13189923673,safe_new,အမှတ် (၁၁) ရပ်ကွက်,အမှတ် (၁၁) ရပ်ကွက်,quarter,quarter,settlement,16.9530243,96.0702854,80.00,31dc3ddf24fce4f41822a8b986b1c2d6,"{""place"": ""quarter"", ""osm_id"": ""13189923673"", ""raw_id"": 21268, ""raw_table"": ""raw_osm_points"", ""population"": null, ""external_id"": ""osm:node:13189923673"", ""region_code"": ""MM-YANGON"", ""osm_feature_type"": ""N"", ""snapshot_version"": ""osm_myanmar_2026_07_21_yangon_city_v1"", ""source_snapshot_id"": 9, ""source_classification"": ""settlement""}"
osm:node:4024738216,safe_new,ရွှေပြည်သာ,ရွှေပြည်သာ,suburb,suburb,settlement,16.9532724,96.0795114,80.00,70bfcea9d91953174e43c32162e9930c,"{""place"": ""suburb"", ""osm_id"": ""4024738216"", ""raw_id"": 21387, ""raw_table"": ""raw_osm_points"", ""population"": null, ""external_id"": ""osm:node:4024738216"", ""region_code"": ""MM-YANGON"", ""osm_feature_type"": ""N"", ""snapshot_version"": ""osm_myanmar_2026_07_21_yangon_city_v1"", ""source_snapshot_id"": 9, ""source_classification"": ""settlement""}"
osm:node:13189923652,safe_new,အမှတ် (၅) ရပ်ကွက်,အမှတ် (၅) ရပ်ကွက်,quarter,quarter,settlement,16.9567338,96.0844076,80.00,c28df5efef71f026ae25df888005cc5a,"{""place"": ""quarter"", ""osm_id"": ""13189923652"", ""raw_id"": 21420, ""raw_table"": ""raw_osm_points"", ""population"": null, ""external_id"": ""osm:node:13189923652"", ""region_code"": ""MM-YANGON"", ""osm_feature_type"": ""N"", ""snapshot_version"": ""osm_myanmar_2026_07_21_yangon_city_v1"", ""source_snapshot_id"": 9, ""source_classification"": ""settlement""}"
osm:node:13189923665,safe_new,အမှတ် (၂) ရပ်ကွက်,အမှတ် (၂) ရပ်ကွက်,quarter,quarter,settlement,16.960464,96.0923625,80.00,ac46bc350d599fb0440899055320630f,"{""place"": ""quarter"", ""osm_id"": ""13189923665"", ""raw_id"": 21439, ""raw_table"": ""raw_osm_points"", ""population"": null, ""external_id"": ""osm:node:13189923665"", ""region_code"": ""MM-YANGON"", ""osm_feature_type"": ""N"", ""snapshot_version"": ""osm_myanmar_2026_07_21_yangon_city_v1"", ""source_snapshot_id"": 9, ""source_classification"": ""settlement""}"
osm:node:13189923663,safe_new,အမှတ် (၆) ရပ်ကွက်,အမှတ် (၆) ရပ်ကွက်,quarter,quarter,settlement,16.9639254,96.0790621,80.00,05e12f3aa34504e24cb66a6be8a34436,"{""place"": ""quarter"", ""osm_id"": ""13189923663"", ""raw_id"": 21466, ""raw_table"": ""raw_osm_points"", ""population"": null, ""external_id"": ""osm:node:13189923663"", ""region_code"": ""MM-YANGON"", ""osm_feature_type"": ""N"", ""snapshot_version"": ""osm_myanmar_2026_07_21_yangon_city_v1"", ""source_snapshot_id"": 9, ""source_classification"": ""settlement""}"
osm:node:13189923661,safe_new,အမှတ် (၃) ရပ်ကွက်,အမှတ် (၃) ရပ်ကွက်,quarter,quarter,settlement,16.9679586,96.0900334,80.00,176338fd8cf21184305f2ed7587b5997,"{""place"": ""quarter"", ""osm_id"": ""13189923661"", ""raw_id"": 21474, ""raw_table"": ""raw_osm_points"", ""population"": null, ""external_id"": ""osm:node:13189923661"", ""region_code"": ""MM-YANGON"", ""osm_feature_type"": ""N"", ""snapshot_version"": ""osm_myanmar_2026_07_21_yangon_city_v1"", ""source_snapshot_id"": 9, ""source_classification"": ""settlement""}"
osm:node:13189923653,safe_new,အမှတ် (၂၀) ရပ်ကွက်,အမှတ် (၂၀) ရပ်ကွက်,quarter,quarter,settlement,16.9674456,96.0653107,80.00,1ae30ff64c2b963b798fbcb0b6799fd6,"{""place"": ""quarter"", ""osm_id"": ""13189923653"", ""raw_id"": 21499, ""raw_table"": ""raw_osm_points"", ""population"": null, ""external_id"": ""osm:node:13189923653"", ""region_code"": ""MM-YANGON"", ""osm_feature_type"": ""N"", ""snapshot_version"": ""osm_myanmar_2026_07_21_yangon_city_v1"", ""source_snapshot_id"": 9, ""source_classification"": ""settlement""}"
osm:node:13189923655,safe_new,အမှတ် (၁၆) ရပ်ကွက်,အမှတ် (၁၆) ရပ်ကွက်,quarter,quarter,settlement,17.0088335,96.0687596,80.00,e212b02f7c34f5b93acb727e3d33b040,"{""place"": ""quarter"", ""osm_id"": ""13189923655"", ""raw_id"": 21553, ""raw_table"": ""raw_osm_points"", ""population"": null, ""external_id"": ""osm:node:13189923655"", ""region_code"": ""MM-YANGON"", ""osm_feature_type"": ""N"", ""snapshot_version"": ""osm_myanmar_2026_07_21_yangon_city_v1"", ""source_snapshot_id"": 9, ""source_classification"": ""settlement""}"
osm:node:13189839866,safe_new,ထောက်ကြန့် (မြောက်ပိုင်း)ရပ်ကွက်,ထောက်ကြန့် (မြောက်ပိုင်း)ရပ်ကွက်,quarter,quarter,settlement,17.0541953,96.1080991,80.00,7682076d1efebcb803f188fc370a6abd,"{""place"": ""quarter"", ""osm_id"": ""13189839866"", ""raw_id"": 21682, ""raw_table"": ""raw_osm_points"", ""population"": null, ""external_id"": ""osm:node:13189839866"", ""region_code"": ""MM-YANGON"", ""osm_feature_type"": ""N"", ""snapshot_version"": ""osm_myanmar_2026_07_21_yangon_city_v1"", ""source_snapshot_id"": 9, ""source_classification"": ""settlement""}"
osm:node:13189839884,safe_new,ရွာမပိုင်းရပ်ကွက် (ထောက်ကြံ့ရွာမ),ရွာမပိုင်းရပ်ကွက် (ထောက်ကြံ့ရွာမ),quarter,quarter,settlement,17.0577353,96.1661534,80.00,16e1eda07d849eed50243e5b43461409,"{""place"": ""quarter"", ""osm_id"": ""13189839884"", ""raw_id"": 21746, ""raw_table"": ""raw_osm_points"", ""population"": null, ""external_id"": ""osm:node:13189839884"", ""region_code"": ""MM-YANGON"", ""osm_feature_type"": ""N"", ""snapshot_version"": ""osm_myanmar_2026_07_21_yangon_city_v1"", ""source_snapshot_id"": 9, ""source_classification"": ""settlement""}"
osm:node:13189839882,safe_new,ဘော်လုံးကွင်းရပ်ကွက်,ဘော်လုံးကွင်းရပ်ကွက်,quarter,quarter,settlement,17.0523816,96.1306859,80.00,493768e04d7780aaa604248e40ed25de,"{""place"": ""quarter"", ""osm_id"": ""13189839882"", ""raw_id"": 21767, ""raw_table"": ""raw_osm_points"", ""population"": null, ""external_id"": ""osm:node:13189839882"", ""region_code"": ""MM-YANGON"", ""osm_feature_type"": ""N"", ""snapshot_version"": ""osm_myanmar_2026_07_21_yangon_city_v1"", ""source_snapshot_id"": 9, ""source_classification"": ""settlement""}"
osm:node:13189839869,safe_new,ပ-စံပြရပ်ကွက်,ပ-စံပြရပ်ကွက်,quarter,quarter,settlement,17.0463275,96.1325744,80.00,691315b7d55e851886b898b63d9e4f61,"{""place"": ""quarter"", ""osm_id"": ""13189839869"", ""raw_id"": 21789, ""raw_table"": ""raw_osm_points"", ""population"": null, ""external_id"": ""osm:node:13189839869"", ""region_code"": ""MM-YANGON"", ""osm_feature_type"": ""N"", ""snapshot_version"": ""osm_myanmar_2026_07_21_yangon_city_v1"", ""source_snapshot_id"": 9, ""source_classification"": ""settlement""}"
osm:node:13189839885,safe_new,တိလောကရုံရပ်ကွက်,တိလောကရုံရပ်ကွက်,quarter,quarter,settlement,17.0398945,96.1264445,80.00,fd716a1fe8a5624a7442fbf195ef4aef,"{""place"": ""quarter"", ""osm_id"": ""13189839885"", ""raw_id"": 21813, ""raw_table"": ""raw_osm_points"", ""population"": null, ""external_id"": ""osm:node:13189839885"", ""region_code"": ""MM-YANGON"", ""osm_feature_type"": ""N"", ""snapshot_version"": ""osm_myanmar_2026_07_21_yangon_city_v1"", ""source_snapshot_id"": 9, ""source_classification"": ""settlement""}"
osm:node:13189839873,safe_new,လမ်းဆုံပိုင်းရပ်ကွက် (ထောက်ကြံ့လမ်းဆုံ),လမ်းဆုံပိုင်းရပ်ကွက် (ထောက်ကြံ့လမ်းဆုံ),quarter,quarter,settlement,17.0395604,96.131329,80.00,2c10cd25d45152df9b012028fb1f110f,"{""place"": ""quarter"", ""osm_id"": ""13189839873"", ""raw_id"": 21818, ""raw_table"": ""raw_osm_points"", ""population"": null, ""external_id"": ""osm:node:13189839873"", ""region_code"": ""MM-YANGON"", ""osm_feature_type"": ""N"", ""snapshot_version"": ""osm_myanmar_2026_07_21_yangon_city_v1"", ""source_snapshot_id"": 9, ""source_classification"": ""settlement""}"
osm:node:13189839865,safe_new,ထောက်ကြန့်တိုးချဲ့ရပ်ကွက်,ထောက်ကြန့်တိုးချဲ့ရပ်ကွက်,quarter,quarter,settlement,17.0311669,96.1407125,80.00,450356328ac9ec250413a9b0eb699de6,"{""place"": ""quarter"", ""osm_id"": ""13189839865"", ""raw_id"": 21848, ""raw_table"": ""raw_osm_points"", ""population"": null, ""external_id"": ""osm:node:13189839865"", ""region_code"": ""MM-YANGON"", ""osm_feature_type"": ""N"", ""snapshot_version"": ""osm_myanmar_2026_07_21_yangon_city_v1"", ""source_snapshot_id"": 9, ""source_classification"": ""settlement""}"
osm:node:13189839877,safe_new,ထောက်ကြန့် (တောင်ပိုင်း)ရပ်ကွက်,ထောက်ကြန့် (တောင်ပိုင်း)ရပ်ကွက်,quarter,quarter,settlement,17.0290887,96.1345798,80.00,098deedb4fe56769f790f7cbe7db499a,"{""place"": ""quarter"", ""osm_id"": ""13189839877"", ""raw_id"": 21853, ""raw_table"": ""raw_osm_points"", ""population"": null, ""external_id"": ""osm:node:13189839877"", ""region_code"": ""MM-YANGON"", ""osm_feature_type"": ""N"", ""snapshot_version"": ""osm_myanmar_2026_07_21_yangon_city_v1"", ""source_snapshot_id"": 9, ""source_classification"": ""settlement""}"
osm:node:12141268371,safe_new,နွယ်ခွေ,နွယ်ခွေ,village,village,settlement,17.0229527,96.145001,80.00,7105f1e1665ff9926fdd95ec312321a4,"{""place"": ""village"", ""osm_id"": ""12141268371"", ""raw_id"": 21901, ""raw_table"": ""raw_osm_points"", ""population"": null, ""external_id"": ""osm:node:12141268371"", ""region_code"": ""MM-YANGON"", ""osm_feature_type"": ""N"", ""snapshot_version"": ""osm_myanmar_2026_07_21_yangon_city_v1"", ""source_snapshot_id"": 9, ""source_classification"": ""settlement""}"
osm:node:13127725476,safe_new,လေးဒေါင့်ကန်,လေးဒေါင့်ကန်,village,village,settlement,17.0008392,96.1521912,80.00,342bc749e47724c7ac6683c086fa72ab,"{""place"": ""village"", ""osm_id"": ""13127725476"", ""raw_id"": 21937, ""raw_table"": ""raw_osm_points"", ""population"": null, ""external_id"": ""osm:node:13127725476"", ""region_code"": ""MM-YANGON"", ""osm_feature_type"": ""N"", ""snapshot_version"": ""osm_myanmar_2026_07_21_yangon_city_v1"", ""source_snapshot_id"": 9, ""source_classification"": ""settlement""}"
osm:node:13185294652,safe_new,ရှမ်းတဲကြီး (တောင်) ရပ်ကွက်,ရှမ်းတဲကြီး (တောင်) ရပ်ကွက်,quarter,quarter,settlement,17.0088046,96.3107018,80.00,1a5bdea5242e25b034398b227724c234,"{""place"": ""quarter"", ""osm_id"": ""13185294652"", ""raw_id"": 21940, ""raw_table"": ""raw_osm_points"", ""population"": null, ""external_id"": ""osm:node:13185294652"", ""region_code"": ""MM-YANGON"", ""osm_feature_type"": ""N"", ""snapshot_version"": ""osm_myanmar_2026_07_21_yangon_city_v1"", ""source_snapshot_id"": 9, ""source_classification"": ""settlement""}"
osm:node:13127316908,safe_new,ကုန်းတလိ,ကုန်းတလိ,village,village,settlement,16.8735409,95.9984665,80.00,f71b5a9c84e4211c24a41bd6cec96334,"{""place"": ""village"", ""osm_id"": ""13127316908"", ""raw_id"": 21947, ""raw_table"": ""raw_osm_points"", ""population"": null, ""external_id"": ""osm:node:13127316908"", ""region_code"": ""MM-YANGON"", ""osm_feature_type"": ""N"", ""snapshot_version"": ""osm_myanmar_2026_07_21_yangon_city_v1"", ""source_snapshot_id"": 9, ""source_classification"": ""settlement""}"
osm:way:761401220,safe_new,သခွတ်ပင်,သခွတ်ပင်,village,village,settlement,16.605650750000002,96.23068119753657,80.00,0c8209ca61ec91147c63206e51c77e82,"{""place"": ""village"", ""osm_id"": ""761401220"", ""raw_id"": 14783, ""raw_table"": ""raw_osm_polygons"", ""population"": null, ""external_id"": ""osm:way:761401220"", ""region_code"": ""MM-YANGON"", ""osm_feature_type"": ""W"", ""snapshot_version"": ""osm_myanmar_2026_07_21_yangon_city_v1"", ""source_snapshot_id"": 9, ""source_classification"": ""settlement""}"
osm:relation:19669565,safe_new,Industrial Zone,Industrial Zone,quarter,quarter,settlement,16.834582349999998,96.28805174506677,80.00,96711c046d65e8e864589aa6e02cebd7,"{""place"": ""quarter"", ""osm_id"": ""19669565"", ""raw_id"": 21153, ""raw_table"": ""raw_osm_polygons"", ""population"": null, ""external_id"": ""osm:relation:19669565"", ""region_code"": ""MM-YANGON"", ""osm_feature_type"": ""R"", ""snapshot_version"": ""osm_myanmar_2026_07_21_yangon_city_v1"", ""source_snapshot_id"": 9, ""source_classification"": ""settlement""}"
osm:relation:19666001,safe_new,အမှတ် (၁၈) ရပ်ကွက်,အမှတ် (၁၈) ရပ်ကွက်,quarter,quarter,settlement,16.857419399999998,96.22822902496657,80.00,691e08b05a4d9452a4639d36e21ee42e,"{""place"": ""quarter"", ""osm_id"": ""19666001"", ""raw_id"": 32197, ""raw_table"": ""raw_osm_polygons"", ""population"": null, ""external_id"": ""osm:relation:19666001"", ""region_code"": ""MM-YANGON"", ""osm_feature_type"": ""R"", ""snapshot_version"": ""osm_myanmar_2026_07_21_yangon_city_v1"", ""source_snapshot_id"": 9, ""source_classification"": ""settlement""}"
osm:relation:19662889,safe_new,စံပြရပ်ကွက်,စံပြရပ်ကွက်,quarter,quarter,settlement,16.84690925,96.2035483041311,80.00,f89e68ea049b323ea5b67451faf481f6,"{""place"": ""quarter"", ""osm_id"": ""19662889"", ""raw_id"": 33262, ""raw_table"": ""raw_osm_polygons"", ""population"": null, ""external_id"": ""osm:relation:19662889"", ""region_code"": ""MM-YANGON"", ""osm_feature_type"": ""R"", ""snapshot_version"": ""osm_myanmar_2026_07_21_yangon_city_v1"", ""source_snapshot_id"": 9, ""source_classification"": ""settlement""}"
osm:relation:19662729,safe_new,၁၃ ရပ်ကွက်,၁၃ ရပ်ကွက်,quarter,quarter,settlement,16.8444176,96.19401948918369,80.00,0fcfb7fabb3c0c6efd3c03658e31fba3,"{""place"": ""quarter"", ""osm_id"": ""19662729"", ""raw_id"": 33313, ""raw_table"": ""raw_osm_polygons"", ""population"": null, ""external_id"": ""osm:relation:19662729"", ""region_code"": ""MM-YANGON"", ""osm_feature_type"": ""R"", ""snapshot_version"": ""osm_myanmar_2026_07_21_yangon_city_v1"", ""source_snapshot_id"": 9, ""source_classification"": ""settlement""}"
osm:relation:19662735,safe_new,၁၄/၂ ရပ်ကွက်,၁၄/၂ ရပ်ကွက်,quarter,quarter,settlement,16.8518979,96.18994083566965,80.00,3a3531e4bff3284473a4e24d1c8114bb,"{""place"": ""quarter"", ""osm_id"": ""19662735"", ""raw_id"": 33378, ""raw_table"": ""raw_osm_polygons"", ""population"": null, ""external_id"": ""osm:relation:19662735"", ""region_code"": ""MM-YANGON"", ""osm_feature_type"": ""R"", ""snapshot_version"": ""osm_myanmar_2026_07_21_yangon_city_v1"", ""source_snapshot_id"": 9, ""source_classification"": ""settlement""}"
osm:relation:19666098,safe_new,၃၃ ရပ်ကွက်,၃၃ ရပ်ကွက်,quarter,quarter,settlement,16.8597695,96.19118303381293,80.00,83e9fdff5133df64816153f43efac4bd,"{""place"": ""quarter"", ""osm_id"": ""19666098"", ""raw_id"": 33719, ""raw_table"": ""raw_osm_polygons"", ""population"": null, ""external_id"": ""osm:relation:19666098"", ""region_code"": ""MM-YANGON"", ""osm_feature_type"": ""R"", ""snapshot_version"": ""osm_myanmar_2026_07_21_yangon_city_v1"", ""source_snapshot_id"": 9, ""source_classification"": ""settlement""}"
osm:relation:19666092,safe_new,၂၉ ရပ်ကွက်,၂၉ ရပ်ကွက်,quarter,quarter,settlement,16.87318895,96.20292492551204,80.00,822b1a077983ed4bfdce7fc6f4b18f2f,"{""place"": ""quarter"", ""osm_id"": ""19666092"", ""raw_id"": 34781, ""raw_table"": ""raw_osm_polygons"", ""population"": null, ""external_id"": ""osm:relation:19666092"", ""region_code"": ""MM-YANGON"", ""osm_feature_type"": ""R"", ""snapshot_version"": ""osm_myanmar_2026_07_21_yangon_city_v1"", ""source_snapshot_id"": 9, ""source_classification"": ""settlement""}"
osm:relation:19666093,safe_new,၃၀ ရပ်ကွက်,၃၀ ရပ်ကွက်,quarter,quarter,settlement,16.870360249999997,96.19762066525203,80.00,9da02a7f8a87fb3c6223804f9d579e90,"{""place"": ""quarter"", ""osm_id"": ""19666093"", ""raw_id"": 34964, ""raw_table"": ""raw_osm_polygons"", ""population"": null, ""external_id"": ""osm:relation:19666093"", ""region_code"": ""MM-YANGON"", ""osm_feature_type"": ""R"", ""snapshot_version"": ""osm_myanmar_2026_07_21_yangon_city_v1"", ""source_snapshot_id"": 9, ""source_classification"": ""settlement""}"
osm:relation:19659698,safe_new,အမှတ် (၉) ရပ်ကွက် (ရေကူး),အမှတ် (၉) ရပ်ကွက် (ရေကူး),quarter,quarter,settlement,16.861468350000003,96.16745995025616,80.00,012271994ded5251b0c115eb929c7918,"{""place"": ""quarter"", ""osm_id"": ""19659698"", ""raw_id"": 36414, ""raw_table"": ""raw_osm_polygons"", ""population"": null, ""external_id"": ""osm:relation:19659698"", ""region_code"": ""MM-YANGON"", ""osm_feature_type"": ""R"", ""snapshot_version"": ""osm_myanmar_2026_07_21_yangon_city_v1"", ""source_snapshot_id"": 9, ""source_classification"": ""settlement""}"
osm:relation:19659699,safe_new,အမှတ် (၈) ရပ်ကွက် (ကမ္ဘာအေးစံပြ),အမှတ် (၈) ရပ်ကွက် (ကမ္ဘာအေးစံပြ),quarter,quarter,settlement,16.8673471,96.16022098334545,80.00,2ac0308e31c00d5da193e360b8c472c1,"{""place"": ""quarter"", ""osm_id"": ""19659699"", ""raw_id"": 36456, ""raw_table"": ""raw_osm_polygons"", ""population"": null, ""external_id"": ""osm:relation:19659699"", ""region_code"": ""MM-YANGON"", ""osm_feature_type"": ""R"", ""snapshot_version"": ""osm_myanmar_2026_07_21_yangon_city_v1"", ""source_snapshot_id"": 9, ""source_classification"": ""settlement""}"
osm:relation:19659702,safe_new,အမှတ် (၆) ရပ်ကွက် (ဉာဏစာဂီ),အမှတ် (၆) ရပ်ကွက် (ဉာဏစာဂီ),quarter,quarter,settlement,16.8606232,96.13669798614858,80.00,1bb34ddc3bf2a5701ab907dc28cbf15d,"{""place"": ""quarter"", ""osm_id"": ""19659702"", ""raw_id"": 37014, ""raw_table"": ""raw_osm_polygons"", ""population"": null, ""external_id"": ""osm:relation:19659702"", ""region_code"": ""MM-YANGON"", ""osm_feature_type"": ""R"", ""snapshot_version"": ""osm_myanmar_2026_07_21_yangon_city_v1"", ""source_snapshot_id"": 9, ""source_classification"": ""settlement""}"
osm:relation:19659700,safe_new,အမှတ် (၇) ရပ်ကွက်(ရွာတန်းရှည်),အမှတ် (၇) ရပ်ကွက်(ရွာတန်းရှည်),quarter,quarter,settlement,16.85702895,96.14904457753676,80.00,0886389016f54ac036e6ed8cac01f42c,"{""place"": ""quarter"", ""osm_id"": ""19659700"", ""raw_id"": 37144, ""raw_table"": ""raw_osm_polygons"", ""population"": null, ""external_id"": ""osm:relation:19659700"", ""region_code"": ""MM-YANGON"", ""osm_feature_type"": ""R"", ""snapshot_version"": ""osm_myanmar_2026_07_21_yangon_city_v1"", ""source_snapshot_id"": 9, ""source_classification"": ""settlement""}"
osm:relation:19659242,safe_new,အမှတ် (၁၂) ရပ်ကွက်,အမှတ် (၁၂) ရပ်ကွက်,quarter,quarter,settlement,16.853989249999998,96.13006415198585,80.00,d9cf5cab5f89b4c0f0dfbeea05230345,"{""place"": ""quarter"", ""osm_id"": ""19659242"", ""raw_id"": 37426, ""raw_table"": ""raw_osm_polygons"", ""population"": null, ""external_id"": ""osm:relation:19659242"", ""region_code"": ""MM-YANGON"", ""osm_feature_type"": ""R"", ""snapshot_version"": ""osm_myanmar_2026_07_21_yangon_city_v1"", ""source_snapshot_id"": 9, ""source_classification"": ""settlement""}"
osm:relation:19659243,safe_new,အမှတ် (၁၁) ရပ်ကွက်,အမှတ် (၁၁) ရပ်ကွက်,quarter,quarter,settlement,16.845473,96.13352038722232,80.00,3533cdd51fee9ea225e556ff947fe9f0,"{""place"": ""quarter"", ""osm_id"": ""19659243"", ""raw_id"": 37714, ""raw_table"": ""raw_osm_polygons"", ""population"": null, ""external_id"": ""osm:relation:19659243"", ""region_code"": ""MM-YANGON"", ""osm_feature_type"": ""R"", ""snapshot_version"": ""osm_myanmar_2026_07_21_yangon_city_v1"", ""source_snapshot_id"": 9, ""source_classification"": ""settlement""}"
osm:relation:19662682,safe_new,၉ ရပ်ကွက်,၉ ရပ်ကွက်,quarter,quarter,settlement,16.84508555,96.16749740272832,80.00,ecbf513a2b80c91bd2d272fc5058ced3,"{""place"": ""quarter"", ""osm_id"": ""19662682"", ""raw_id"": 37800, ""raw_table"": ""raw_osm_polygons"", ""population"": null, ""external_id"": ""osm:relation:19662682"", ""region_code"": ""MM-YANGON"", ""osm_feature_type"": ""R"", ""snapshot_version"": ""osm_myanmar_2026_07_21_yangon_city_v1"", ""source_snapshot_id"": 9, ""source_classification"": ""settlement""}"
osm:relation:19662738,safe_new,၄ ရပ်ကွက်,၄ ရပ်ကွက်,quarter,quarter,settlement,16.85260315,96.17121193895525,80.00,bdd77bf6375303dd6c46fb6c110bee80,"{""place"": ""quarter"", ""osm_id"": ""19662738"", ""raw_id"": 38348, ""raw_table"": ""raw_osm_polygons"", ""population"": null, ""external_id"": ""osm:relation:19662738"", ""region_code"": ""MM-YANGON"", ""osm_feature_type"": ""R"", ""snapshot_version"": ""osm_myanmar_2026_07_21_yangon_city_v1"", ""source_snapshot_id"": 9, ""source_classification"": ""settlement""}"
osm:relation:19662737,safe_new,၅ ရပ်ကွက်,၅ ရပ်ကွက်,quarter,quarter,settlement,16.85691355,96.17748566497266,80.00,f8afd0fd4e49286902fee1b10bb3d097,"{""place"": ""quarter"", ""osm_id"": ""19662737"", ""raw_id"": 38357, ""raw_table"": ""raw_osm_polygons"", ""population"": null, ""external_id"": ""osm:relation:19662737"", ""region_code"": ""MM-YANGON"", ""osm_feature_type"": ""R"", ""snapshot_version"": ""osm_myanmar_2026_07_21_yangon_city_v1"", ""source_snapshot_id"": 9, ""source_classification"": ""settlement""}"
osm:relation:19662736,safe_new,၁၄/၃ ရပ်ကွက်,၁၄/၃ ရပ်ကွက်,quarter,quarter,settlement,16.85606955,96.18482640224508,80.00,4c572c925ad21895dc6a8a9425fa1037,"{""place"": ""quarter"", ""osm_id"": ""19662736"", ""raw_id"": 38510, ""raw_table"": ""raw_osm_polygons"", ""population"": null, ""external_id"": ""osm:relation:19662736"", ""region_code"": ""MM-YANGON"", ""osm_feature_type"": ""R"", ""snapshot_version"": ""osm_myanmar_2026_07_21_yangon_city_v1"", ""source_snapshot_id"": 9, ""source_classification"": ""settlement""}"
osm:relation:19662733,safe_new,၇ ရပ်ကွက်,၇ ရပ်ကွက်,quarter,quarter,settlement,16.85145355,96.1810470973543,80.00,84d7291c568858241cf88961d37b3361,"{""place"": ""quarter"", ""osm_id"": ""19662733"", ""raw_id"": 38806, ""raw_table"": ""raw_osm_polygons"", ""population"": null, ""external_id"": ""osm:relation:19662733"", ""region_code"": ""MM-YANGON"", ""osm_feature_type"": ""R"", ""snapshot_version"": ""osm_myanmar_2026_07_21_yangon_city_v1"", ""source_snapshot_id"": 9, ""source_classification"": ""settlement""}"
osm:relation:19662734,safe_new,၆ ရပ်ကွက်,၆ ရပ်ကွက်,quarter,quarter,settlement,16.84598445,96.17499389642028,80.00,3f8a7cbd18255a0291eae0f6c52a48cf,"{""place"": ""quarter"", ""osm_id"": ""19662734"", ""raw_id"": 38833, ""raw_table"": ""raw_osm_polygons"", ""population"": null, ""external_id"": ""osm:relation:19662734"", ""region_code"": ""MM-YANGON"", ""osm_feature_type"": ""R"", ""snapshot_version"": ""osm_myanmar_2026_07_21_yangon_city_v1"", ""source_snapshot_id"": 9, ""source_classification"": ""settlement""}"
osm:relation:19662730,safe_new,၁၀ ရပ်ကွက်,၁၀ ရပ်ကွက်,quarter,quarter,settlement,16.84666635,96.18487226066759,80.00,7349682bbf1bfd119ee0f66c7e8cd7ca,"{""place"": ""quarter"", ""osm_id"": ""19662730"", ""raw_id"": 38924, ""raw_table"": ""raw_osm_polygons"", ""population"": null, ""external_id"": ""osm:relation:19662730"", ""region_code"": ""MM-YANGON"", ""osm_feature_type"": ""R"", ""snapshot_version"": ""osm_myanmar_2026_07_21_yangon_city_v1"", ""source_snapshot_id"": 9, ""source_classification"": ""settlement""}"
osm:relation:19662731,safe_new,၉ ရပ်ကွက်,၉ ရပ်ကွက်,quarter,quarter,settlement,16.8419583,96.17887198721996,80.00,ec9b5d17fa04eb7ee736587c300eed94,"{""place"": ""quarter"", ""osm_id"": ""19662731"", ""raw_id"": 38968, ""raw_table"": ""raw_osm_polygons"", ""population"": null, ""external_id"": ""osm:relation:19662731"", ""region_code"": ""MM-YANGON"", ""osm_feature_type"": ""R"", ""snapshot_version"": ""osm_myanmar_2026_07_21_yangon_city_v1"", ""source_snapshot_id"": 9, ""source_classification"": ""settlement""}"
osm:relation:19662908,safe_new,၁၆/၁ ရပ်ကွက်,၁၆/၁ ရပ်ကွက်,quarter,quarter,settlement,16.83438135,96.1849600717554,80.00,a4942dab9ee5a642ea669327fe8488f2,"{""place"": ""quarter"", ""osm_id"": ""19662908"", ""raw_id"": 39083, ""raw_table"": ""raw_osm_polygons"", ""population"": null, ""external_id"": ""osm:relation:19662908"", ""region_code"": ""MM-YANGON"", ""osm_feature_type"": ""R"", ""snapshot_version"": ""osm_myanmar_2026_07_21_yangon_city_v1"", ""source_snapshot_id"": 9, ""source_classification"": ""settlement""}"
osm:relation:19662695,safe_new,အမှတ် (၅) ရပ်ကွက်,အမှတ် (၅) ရပ်ကွက်,quarter,quarter,settlement,16.82844215,96.15834341398104,80.00,2e1ee9003def7279852a704cd3352913,"{""place"": ""quarter"", ""osm_id"": ""19662695"", ""raw_id"": 39393, ""raw_table"": ""raw_osm_polygons"", ""population"": null, ""external_id"": ""osm:relation:19662695"", ""region_code"": ""MM-YANGON"", ""osm_feature_type"": ""R"", ""snapshot_version"": ""osm_myanmar_2026_07_21_yangon_city_v1"", ""source_snapshot_id"": 9, ""source_classification"": ""settlement""}"
osm:relation:19662689,safe_new,အမှတ် (၆) ရပ်ကွက်,အမှတ် (၆) ရပ်ကွက်,quarter,quarter,settlement,16.833553950000002,96.15891058358562,80.00,52303dd94e38b13d8a66f8b1e0b41fe9,"{""place"": ""quarter"", ""osm_id"": ""19662689"", ""raw_id"": 39461, ""raw_table"": ""raw_osm_polygons"", ""population"": null, ""external_id"": ""osm:relation:19662689"", ""region_code"": ""MM-YANGON"", ""osm_feature_type"": ""R"", ""snapshot_version"": ""osm_myanmar_2026_07_21_yangon_city_v1"", ""source_snapshot_id"": 9, ""source_classification"": ""settlement""}"
osm:relation:19662688,safe_new,အမှတ် (၄) ရပ်ကွက်,အမှတ် (၄) ရပ်ကွက်,quarter,quarter,settlement,16.833669649999997,96.1620306762608,80.00,4b94d48d90e1dcabad25b4961fce2f35,"{""place"": ""quarter"", ""osm_id"": ""19662688"", ""raw_id"": 39506, ""raw_table"": ""raw_osm_polygons"", ""population"": null, ""external_id"": ""osm:relation:19662688"", ""region_code"": ""MM-YANGON"", ""osm_feature_type"": ""R"", ""snapshot_version"": ""osm_myanmar_2026_07_21_yangon_city_v1"", ""source_snapshot_id"": 9, ""source_classification"": ""settlement""}"
osm:relation:19662686,safe_new,အမှတ် (၁၃) ရပ်ကွက်,အမှတ် (၁၃) ရပ်ကွက်,quarter,quarter,settlement,16.83589495,96.17109332686363,80.00,3ecb8a242d37170966017e606b0dfb74,"{""place"": ""quarter"", ""osm_id"": ""19662686"", ""raw_id"": 39661, ""raw_table"": ""raw_osm_polygons"", ""population"": null, ""external_id"": ""osm:relation:19662686"", ""region_code"": ""MM-YANGON"", ""osm_feature_type"": ""R"", ""snapshot_version"": ""osm_myanmar_2026_07_21_yangon_city_v1"", ""source_snapshot_id"": 9, ""source_classification"": ""settlement""}"
osm:relation:19662684,safe_new,အမှတ် (၁၁) ရပ်ကွက်,အမှတ် (၁၁) ရပ်ကွက်,quarter,quarter,settlement,16.840162300000003,96.16286598951845,80.00,fcf69f6f86e17f458ba085f6768d3fe2,"{""place"": ""quarter"", ""osm_id"": ""19662684"", ""raw_id"": 39706, ""raw_table"": ""raw_osm_polygons"", ""population"": null, ""external_id"": ""osm:relation:19662684"", ""region_code"": ""MM-YANGON"", ""osm_feature_type"": ""R"", ""snapshot_version"": ""osm_myanmar_2026_07_21_yangon_city_v1"", ""source_snapshot_id"": 9, ""source_classification"": ""settlement""}"
osm:relation:19659697,safe_new,အမှတ် (၁၀) ရပ်ကွက် (ချော်တွင်းကုန်း),အမှတ် (၁၀) ရပ်ကွက် (ချော်တွင်းကုန်း),quarter,quarter,settlement,16.840195100000003,96.1506068540178,80.00,41e1aa5caed3160fea6a0b504a951b13,"{""place"": ""quarter"", ""osm_id"": ""19659697"", ""raw_id"": 39733, ""raw_table"": ""raw_osm_polygons"", ""population"": null, ""external_id"": ""osm:relation:19659697"", ""region_code"": ""MM-YANGON"", ""osm_feature_type"": ""R"", ""snapshot_version"": ""osm_myanmar_2026_07_21_yangon_city_v1"", ""source_snapshot_id"": 9, ""source_classification"": ""settlement""}"
osm:relation:19659245,safe_new,အမှတ် (၉) ရပ်ကွက်,အမှတ် (၉) ရပ်ကွက်,quarter,quarter,settlement,16.840342200000002,96.12797515653948,80.00,564c5744dbe040ef5e6f957bbbc6b58f,"{""place"": ""quarter"", ""osm_id"": ""19659245"", ""raw_id"": 39792, ""raw_table"": ""raw_osm_polygons"", ""population"": null, ""external_id"": ""osm:relation:19659245"", ""region_code"": ""MM-YANGON"", ""osm_feature_type"": ""R"", ""snapshot_version"": ""osm_myanmar_2026_07_21_yangon_city_v1"", ""source_snapshot_id"": 9, ""source_classification"": ""settlement""}"
osm:relation:19659244,safe_new,အမှတ် (၁၀) ရပ်ကွက်,အမှတ် (၁၀) ရပ်ကွက်,quarter,quarter,settlement,16.839049000000003,96.13167616269048,80.00,15fe68c2e0268eedb807dd029fd515c7,"{""place"": ""quarter"", ""osm_id"": ""19659244"", ""raw_id"": 39796, ""raw_table"": ""raw_osm_polygons"", ""population"": null, ""external_id"": ""osm:relation:19659244"", ""region_code"": ""MM-YANGON"", ""osm_feature_type"": ""R"", ""snapshot_version"": ""osm_myanmar_2026_07_21_yangon_city_v1"", ""source_snapshot_id"": 9, ""source_classification"": ""settlement""}"
osm:relation:19659044,safe_new,အမှတ် (၂) ရပ်ကွက်,အမှတ် (၂) ရပ်ကွက်,quarter,quarter,settlement,16.831456199999998,96.13096433849402,80.00,8dbfbba4a7eb7e33ad8f7de943d914af,"{""place"": ""quarter"", ""osm_id"": ""19659044"", ""raw_id"": 40332, ""raw_table"": ""raw_osm_polygons"", ""population"": null, ""external_id"": ""osm:relation:19659044"", ""region_code"": ""MM-YANGON"", ""osm_feature_type"": ""R"", ""snapshot_version"": ""osm_myanmar_2026_07_21_yangon_city_v1"", ""source_snapshot_id"": 9, ""source_classification"": ""settlement""}"
osm:relation:19659042,safe_new,အမှတ် (၁) ရပ်ကွက်,အမှတ် (၁) ရပ်ကွက်,quarter,quarter,settlement,16.83096475,96.12768627411486,80.00,6c6f507bad97ef442685e8a90af041ec,"{""place"": ""quarter"", ""osm_id"": ""19659042"", ""raw_id"": 40447, ""raw_table"": ""raw_osm_polygons"", ""population"": null, ""external_id"": ""osm:relation:19659042"", ""region_code"": ""MM-YANGON"", ""osm_feature_type"": ""R"", ""snapshot_version"": ""osm_myanmar_2026_07_21_yangon_city_v1"", ""source_snapshot_id"": 9, ""source_classification"": ""settlement""}"
osm:relation:19659101,safe_new,ရွှေတောင်ကြားအမှတ် (၁) ရပ်ကွက်,ရွှေတောင်ကြားအမှတ် (၁) ရပ်ကွက်,quarter,quarter,settlement,16.8223732,96.14983370639536,80.00,7882f294e525f1a4a08c8a719330d4b4,"{""place"": ""quarter"", ""osm_id"": ""19659101"", ""raw_id"": 41181, ""raw_table"": ""raw_osm_polygons"", ""population"": null, ""external_id"": ""osm:relation:19659101"", ""region_code"": ""MM-YANGON"", ""osm_feature_type"": ""R"", ""snapshot_version"": ""osm_myanmar_2026_07_21_yangon_city_v1"", ""source_snapshot_id"": 9, ""source_classification"": ""settlement""}"
osm:relation:19659045,safe_new,အမှတ် (၉) ရပ်ကွက်,အမှတ် (၉) ရပ်ကွက်,quarter,quarter,settlement,16.82769795,96.1378205077711,80.00,774d1690c52456f4da6763f1ef9fb17e,"{""place"": ""quarter"", ""osm_id"": ""19659045"", ""raw_id"": 41440, ""raw_table"": ""raw_osm_polygons"", ""population"": null, ""external_id"": ""osm:relation:19659045"", ""region_code"": ""MM-YANGON"", ""osm_feature_type"": ""R"", ""snapshot_version"": ""osm_myanmar_2026_07_21_yangon_city_v1"", ""source_snapshot_id"": 9, ""source_classification"": ""settlement""}"
osm:relation:19659043,safe_new,အမှတ် (၃) ရပ်ကွက်,အမှတ် (၃) ရပ်ကွက်,quarter,quarter,settlement,16.8270088,96.127305927854,80.00,30fa5fac85e05e8786381cc8de7593c1,"{""place"": ""quarter"", ""osm_id"": ""19659043"", ""raw_id"": 41677, ""raw_table"": ""raw_osm_polygons"", ""population"": null, ""external_id"": ""osm:relation:19659043"", ""region_code"": ""MM-YANGON"", ""osm_feature_type"": ""R"", ""snapshot_version"": ""osm_myanmar_2026_07_21_yangon_city_v1"", ""source_snapshot_id"": 9, ""source_classification"": ""settlement""}"
osm:relation:19658997,safe_new,ဝေဠုဝန် (မြောက်) ရပ်ကွက်,ဝေဠုဝန် (မြောက်) ရပ်ကွက်,quarter,quarter,settlement,16.81514465,96.12772948789214,80.00,2b6d6229d240212eb41e048a90cf00ae,"{""place"": ""quarter"", ""osm_id"": ""19658997"", ""raw_id"": 42439, ""raw_table"": ""raw_osm_polygons"", ""population"": null, ""external_id"": ""osm:relation:19658997"", ""region_code"": ""MM-YANGON"", ""osm_feature_type"": ""R"", ""snapshot_version"": ""osm_myanmar_2026_07_21_yangon_city_v1"", ""source_snapshot_id"": 9, ""source_classification"": ""settlement""}"
osm:relation:19658998,safe_new,မုန့်လုပ်ဆောင်းကုန်း (မြောက်) ရပ်ကွက်,မုန့်လုပ်ဆောင်းကုန်း (မြောက်) ရပ်ကွက်,quarter,quarter,settlement,16.81276775,96.13020359699915,80.00,17056f2be591715399acd738732b512e,"{""place"": ""quarter"", ""osm_id"": ""19658998"", ""raw_id"": 42563, ""raw_table"": ""raw_osm_polygons"", ""population"": null, ""external_id"": ""osm:relation:19658998"", ""region_code"": ""MM-YANGON"", ""osm_feature_type"": ""R"", ""snapshot_version"": ""osm_myanmar_2026_07_21_yangon_city_v1"", ""source_snapshot_id"": 9, ""source_classification"": ""settlement""}"
osm:relation:19659046,safe_new,အမှတ် (၁၀) ရပ်ကွက်,အမှတ် (၁၀) ရပ်ကွက်,quarter,quarter,settlement,16.81533815,96.1424609172024,80.00,3c98c633640a2b9c58c9dc0818418667,"{""place"": ""quarter"", ""osm_id"": ""19659046"", ""raw_id"": 42807, ""raw_table"": ""raw_osm_polygons"", ""population"": null, ""external_id"": ""osm:relation:19659046"", ""region_code"": ""MM-YANGON"", ""osm_feature_type"": ""R"", ""snapshot_version"": ""osm_myanmar_2026_07_21_yangon_city_v1"", ""source_snapshot_id"": 9, ""source_classification"": ""settlement""}"
osm:relation:19659091,safe_new,ကျိုက္ကဆံရပ်ကွက်,ကျိုက္ကဆံရပ်ကွက်,quarter,quarter,settlement,16.81404495,96.16542411516295,80.00,bc694b24b8f1a6d48677768b843d3cfe,"{""place"": ""quarter"", ""osm_id"": ""19659091"", ""raw_id"": 43347, ""raw_table"": ""raw_osm_polygons"", ""population"": null, ""external_id"": ""osm:relation:19659091"", ""region_code"": ""MM-YANGON"", ""osm_feature_type"": ""R"", ""snapshot_version"": ""osm_myanmar_2026_07_21_yangon_city_v1"", ""source_snapshot_id"": 9, ""source_classification"": ""settlement""}"
osm:relation:19659089,safe_new,သာသနာ့ရိပ်သာရပ်ကွက်,သာသနာ့ရိပ်သာရပ်ကွက်,quarter,quarter,settlement,16.8143879,96.15786613446983,80.00,e2ebde1aa74eeab58e71b1ae06c18cb2,"{""place"": ""quarter"", ""osm_id"": ""19659089"", ""raw_id"": 43329, ""raw_table"": ""raw_osm_polygons"", ""population"": null, ""external_id"": ""osm:relation:19659089"", ""region_code"": ""MM-YANGON"", ""osm_feature_type"": ""R"", ""snapshot_version"": ""osm_myanmar_2026_07_21_yangon_city_v1"", ""source_snapshot_id"": 9, ""source_classification"": ""settlement""}"
osm:relation:19659092,safe_new,ဗိုလ်စိန်မှန်ရပ်ကွက်,ဗိုလ်စိန်မှန်ရပ်ကွက်,quarter,quarter,settlement,16.81321905,96.1693039886081,80.00,99168feaab39ec8ec41a781e382db3ac,"{""place"": ""quarter"", ""osm_id"": ""19659092"", ""raw_id"": 43349, ""raw_table"": ""raw_osm_polygons"", ""population"": null, ""external_id"": ""osm:relation:19659092"", ""region_code"": ""MM-YANGON"", ""osm_feature_type"": ""R"", ""snapshot_version"": ""osm_myanmar_2026_07_21_yangon_city_v1"", ""source_snapshot_id"": 9, ""source_classification"": ""settlement""}"
osm:relation:19659172,safe_new,တာမွေကြီး (ခ) ရပ်ကွက်,တာမွေကြီး (ခ) ရပ်ကွက်,quarter,quarter,settlement,16.81772865,96.16973745172244,80.00,b4f3b28435e3994635d6d3ec1579562b,"{""place"": ""quarter"", ""osm_id"": ""19659172"", ""raw_id"": 43374, ""raw_table"": ""raw_osm_polygons"", ""population"": null, ""external_id"": ""osm:relation:19659172"", ""region_code"": ""MM-YANGON"", ""osm_feature_type"": ""R"", ""snapshot_version"": ""osm_myanmar_2026_07_21_yangon_city_v1"", ""source_snapshot_id"": 9, ""source_classification"": ""settlement""}"
osm:relation:19659085,safe_new,အဇစ်ကုန်းရပ်ကွက် (ဆရာစံရပ်ကွက်),အဇစ်ကုန်းရပ်ကွက် (ဆရာစံရပ်ကွက်),quarter,quarter,settlement,16.82225495,96.15739774796097,80.00,411ac2466d56cc644f8cefdbd9814ac4,"{""place"": ""quarter"", ""osm_id"": ""19659085"", ""raw_id"": 43714, ""raw_table"": ""raw_osm_polygons"", ""population"": null, ""external_id"": ""osm:relation:19659085"", ""region_code"": ""MM-YANGON"", ""osm_feature_type"": ""R"", ""snapshot_version"": ""osm_myanmar_2026_07_21_yangon_city_v1"", ""source_snapshot_id"": 9, ""source_classification"": ""settlement""}"
osm:relation:19662694,safe_new,အမှတ် (၂) ရပ်ကွက်,အမှတ် (၂) ရပ်ကွက်,quarter,quarter,settlement,16.826576250000002,96.16280738034865,80.00,b540951e5f1c2f88e7af9596bef76e29,"{""place"": ""quarter"", ""osm_id"": ""19662694"", ""raw_id"": 43899, ""raw_table"": ""raw_osm_polygons"", ""population"": null, ""external_id"": ""osm:relation:19662694"", ""region_code"": ""MM-YANGON"", ""osm_feature_type"": ""R"", ""snapshot_version"": ""osm_myanmar_2026_07_21_yangon_city_v1"", ""source_snapshot_id"": 9, ""source_classification"": ""settlement""}"
osm:relation:19659087,safe_new,ဆရာစံမြောက်/အရှေ့ (ဂွတ္တလစ် မြောက်/အရှေ့ရပ်ကွက် ),ဆရာစံမြောက်/အရှေ့ (ဂွတ္တလစ် မြောက်/အရှေ့ရပ်ကွက် ),quarter,quarter,settlement,16.820629099999998,96.16528713214095,80.00,103a75eb1e9c1fd4f2afe6c9678e496c,"{""place"": ""quarter"", ""osm_id"": ""19659087"", ""raw_id"": 44013, ""raw_table"": ""raw_osm_polygons"", ""population"": null, ""external_id"": ""osm:relation:19659087"", ""region_code"": ""MM-YANGON"", ""osm_feature_type"": ""R"", ""snapshot_version"": ""osm_myanmar_2026_07_21_yangon_city_v1"", ""source_snapshot_id"": 9, ""source_classification"": ""settlement""}"
osm:relation:19659170,safe_new,မာန်အောင်ရပ်ကွက်,မာန်အောင်ရပ်ကွက်,quarter,quarter,settlement,16.823081199999997,96.17348068768236,80.00,80fc2ab64260b5db02b29def441afbbc,"{""place"": ""quarter"", ""osm_id"": ""19659170"", ""raw_id"": 44054, ""raw_table"": ""raw_osm_polygons"", ""population"": null, ""external_id"": ""osm:relation:19659170"", ""region_code"": ""MM-YANGON"", ""osm_feature_type"": ""R"", ""snapshot_version"": ""osm_myanmar_2026_07_21_yangon_city_v1"", ""source_snapshot_id"": 9, ""source_classification"": ""settlement""}"
osm:relation:19662910,safe_new,ဇ-ရပ်ကွက် (မြောက်),ဇ-ရပ်ကွက် (မြောက်),quarter,quarter,settlement,16.82690845,96.18620235181764,80.00,2071c75433bda772b9e85e76dea60d83,"{""place"": ""quarter"", ""osm_id"": ""19662910"", ""raw_id"": 44069, ""raw_table"": ""raw_osm_polygons"", ""population"": null, ""external_id"": ""osm:relation:19662910"", ""region_code"": ""MM-YANGON"", ""osm_feature_type"": ""R"", ""snapshot_version"": ""osm_myanmar_2026_07_21_yangon_city_v1"", ""source_snapshot_id"": 9, ""source_classification"": ""settlement""}"
osm:relation:19662924,safe_new,သွပ်ဝိုင်းကြီးရပ်ကွက်,သွပ်ဝိုင်းကြီးရပ်ကွက်,quarter,quarter,settlement,16.818594949999998,96.1856715063281,80.00,ea271e61eb668f28d4dbd5d123e02142,"{""place"": ""quarter"", ""osm_id"": ""19662924"", ""raw_id"": 44138, ""raw_table"": ""raw_osm_polygons"", ""population"": null, ""external_id"": ""osm:relation:19662924"", ""region_code"": ""MM-YANGON"", ""osm_feature_type"": ""R"", ""snapshot_version"": ""osm_myanmar_2026_07_21_yangon_city_v1"", ""source_snapshot_id"": 9, ""source_classification"": ""settlement""}"
osm:relation:19659171,safe_new,တာမွေလေးရပ်ကွက်,တာမွေလေးရပ်ကွက်,quarter,quarter,settlement,16.81872405,96.17609105373751,80.00,30e4e550984466b301117fbffeadffcd,"{""place"": ""quarter"", ""osm_id"": ""19659171"", ""raw_id"": 44161, ""raw_table"": ""raw_osm_polygons"", ""population"": null, ""external_id"": ""osm:relation:19659171"", ""region_code"": ""MM-YANGON"", ""osm_feature_type"": ""R"", ""snapshot_version"": ""osm_myanmar_2026_07_21_yangon_city_v1"", ""source_snapshot_id"": 9, ""source_classification"": ""settlement""}"
osm:relation:19662915,safe_new,အမှတ် (၂၄) သုဝဏ္ဏရပ်ကွက်,အမှတ် (၂၄) သုဝဏ္ဏရပ်ကွက်,quarter,quarter,settlement,16.81360765,96.19481323203742,80.00,72369d79feec33edc34caa7880ea776c,"{""place"": ""quarter"", ""osm_id"": ""19662915"", ""raw_id"": 44301, ""raw_table"": ""raw_osm_polygons"", ""population"": null, ""external_id"": ""osm:relation:19662915"", ""region_code"": ""MM-YANGON"", ""osm_feature_type"": ""R"", ""snapshot_version"": ""osm_myanmar_2026_07_21_yangon_city_v1"", ""source_snapshot_id"": 9, ""source_classification"": ""settlement""}"
osm:relation:19662914,safe_new,အမှတ် (၂၉) သုဝဏ္ဏရပ်ကွက်,အမှတ် (၂၉) သုဝဏ္ဏရပ်ကွက်,quarter,quarter,settlement,16.817051,96.20932574693654,80.00,16d2f90f12b41d54185840068eb57fbd,"{""place"": ""quarter"", ""osm_id"": ""19662914"", ""raw_id"": 44656, ""raw_table"": ""raw_osm_polygons"", ""population"": null, ""external_id"": ""osm:relation:19662914"", ""region_code"": ""MM-YANGON"", ""osm_feature_type"": ""R"", ""snapshot_version"": ""osm_myanmar_2026_07_21_yangon_city_v1"", ""source_snapshot_id"": 9, ""source_classification"": ""settlement""}"
osm:relation:19662897,safe_new,ရန်ကုန်သစ်ရပ်ကွက်,ရန်ကုန်သစ်ရပ်ကွက်,quarter,quarter,settlement,16.82373145,96.21261025881944,80.00,fd7410a4292eb4b6e821dae193d5e85a,"{""place"": ""quarter"", ""osm_id"": ""19662897"", ""raw_id"": 44662, ""raw_table"": ""raw_osm_polygons"", ""population"": null, ""external_id"": ""osm:relation:19662897"", ""region_code"": ""MM-YANGON"", ""osm_feature_type"": ""R"", ""snapshot_version"": ""osm_myanmar_2026_07_21_yangon_city_v1"", ""source_snapshot_id"": 9, ""source_classification"": ""settlement""}"
osm:relation:19662905,safe_new,ဆယ်သိန်းရပ်ကွက်,ဆယ်သိန်းရပ်ကွက်,quarter,quarter,settlement,16.827364,96.1915728444015,80.00,ebea4a6bd6e2f4253fc1ad5e3136769a,"{""place"": ""quarter"", ""osm_id"": ""19662905"", ""raw_id"": 44937, ""raw_table"": ""raw_osm_polygons"", ""population"": null, ""external_id"": ""osm:relation:19662905"", ""region_code"": ""MM-YANGON"", ""osm_feature_type"": ""R"", ""snapshot_version"": ""osm_myanmar_2026_07_21_yangon_city_v1"", ""source_snapshot_id"": 9, ""source_classification"": ""settlement""}"
osm:relation:19662906,safe_new,ဇဝနရပ်ကွက်,ဇဝနရပ်ကွက်,quarter,quarter,settlement,16.83080315,96.18973512176183,80.00,74cbd3a97f8db63b9d8ef270a180b977,"{""place"": ""quarter"", ""osm_id"": ""19662906"", ""raw_id"": 45196, ""raw_table"": ""raw_osm_polygons"", ""population"": null, ""external_id"": ""osm:relation:19662906"", ""region_code"": ""MM-YANGON"", ""osm_feature_type"": ""R"", ""snapshot_version"": ""osm_myanmar_2026_07_21_yangon_city_v1"", ""source_snapshot_id"": 9, ""source_classification"": ""settlement""}"
osm:relation:19662893,safe_new,ဆ/က-ရပ်ကွက်,ဆ/က-ရပ်ကွက်,quarter,quarter,settlement,16.834526150000002,96.19182403850101,80.00,89e128839a82845f850ae747e64d7ae7,"{""place"": ""quarter"", ""osm_id"": ""19662893"", ""raw_id"": 45519, ""raw_table"": ""raw_osm_polygons"", ""population"": null, ""external_id"": ""osm:relation:19662893"", ""region_code"": ""MM-YANGON"", ""osm_feature_type"": ""R"", ""snapshot_version"": ""osm_myanmar_2026_07_21_yangon_city_v1"", ""source_snapshot_id"": 9, ""source_classification"": ""settlement""}"
osm:relation:19662907,safe_new,ကျိုက္ကဆံ(အနောက်)ရပ်ကွက်,ကျိုက္ကဆံ(အနောက်)ရပ်ကွက်,quarter,quarter,settlement,16.835270899999998,96.18810880921833,80.00,4d8209630af543f757cef9b220832458,"{""place"": ""quarter"", ""osm_id"": ""19662907"", ""raw_id"": 45905, ""raw_table"": ""raw_osm_polygons"", ""population"": null, ""external_id"": ""osm:relation:19662907"", ""region_code"": ""MM-YANGON"", ""osm_feature_type"": ""R"", ""snapshot_version"": ""osm_myanmar_2026_07_21_yangon_city_v1"", ""source_snapshot_id"": 9, ""source_classification"": ""settlement""}"
osm:relation:19662728,safe_new,၁၂ ရပ်ကွက်,၁၂ ရပ်ကွက်,quarter,quarter,settlement,16.841142650000002,96.18785908935769,80.00,6be66da67933e4bf8e8a0cb6e71f785a,"{""place"": ""quarter"", ""osm_id"": ""19662728"", ""raw_id"": 46048, ""raw_table"": ""raw_osm_polygons"", ""population"": null, ""external_id"": ""osm:relation:19662728"", ""region_code"": ""MM-YANGON"", ""osm_feature_type"": ""R"", ""snapshot_version"": ""osm_myanmar_2026_07_21_yangon_city_v1"", ""source_snapshot_id"": 9, ""source_classification"": ""settlement""}"
osm:relation:19662888,safe_new,ဘီတီအက်ဖ်ရပ်ကွက်,ဘီတီအက်ဖ်ရပ်ကွက်,quarter,quarter,settlement,16.84270075,96.20985844015941,80.00,9b85fd657780b52903a551bc8a6373e5,"{""place"": ""quarter"", ""osm_id"": ""19662888"", ""raw_id"": 46144, ""raw_table"": ""raw_osm_polygons"", ""population"": null, ""external_id"": ""osm:relation:19662888"", ""region_code"": ""MM-YANGON"", ""osm_feature_type"": ""R"", ""snapshot_version"": ""osm_myanmar_2026_07_21_yangon_city_v1"", ""source_snapshot_id"": 9, ""source_classification"": ""settlement""}"
osm:relation:19663026,safe_new,အမှတ် (၁၀) ရပ်ကွက် (တောင်),အမှတ် (၁၀) ရပ်ကွက် (တောင်),quarter,quarter,settlement,16.79879855,96.21953730919168,80.00,d73d0fe7027053f4ba1d9244d70c7965,"{""place"": ""quarter"", ""osm_id"": ""19663026"", ""raw_id"": 50157, ""raw_table"": ""raw_osm_polygons"", ""population"": null, ""external_id"": ""osm:relation:19663026"", ""region_code"": ""MM-YANGON"", ""osm_feature_type"": ""R"", ""snapshot_version"": ""osm_myanmar_2026_07_21_yangon_city_v1"", ""source_snapshot_id"": 9, ""source_classification"": ""settlement""}"
osm:relation:19663025,safe_new,အမှတ် (၈) ရပ်ကွက်,အမှတ် (၈) ရပ်ကွက်,quarter,quarter,settlement,16.80914915,96.2141948220621,80.00,5ab7a8ed8504feb01fe4ffef19923f8e,"{""place"": ""quarter"", ""osm_id"": ""19663025"", ""raw_id"": 50513, ""raw_table"": ""raw_osm_polygons"", ""population"": null, ""external_id"": ""osm:relation:19663025"", ""region_code"": ""MM-YANGON"", ""osm_feature_type"": ""R"", ""snapshot_version"": ""osm_myanmar_2026_07_21_yangon_city_v1"", ""source_snapshot_id"": 9, ""source_classification"": ""settlement""}"
osm:relation:19663036,safe_new,အမှတ် (၁) အနော်မာရပ်ကွက်,အမှတ် (၁) အနော်မာရပ်ကွက်,quarter,quarter,settlement,16.79973415,96.19955183595098,80.00,009bb9a041ad75ef8c0b04ce61b99dbc,"{""place"": ""quarter"", ""osm_id"": ""19663036"", ""raw_id"": 51086, ""raw_table"": ""raw_osm_polygons"", ""population"": null, ""external_id"": ""osm:relation:19663036"", ""region_code"": ""MM-YANGON"", ""osm_feature_type"": ""R"", ""snapshot_version"": ""osm_myanmar_2026_07_21_yangon_city_v1"", ""source_snapshot_id"": 9, ""source_classification"": ""settlement""}"
osm:relation:19663030,safe_new,အမှတ် (၇) ရပ်ကွက် (အနောက်),အမှတ် (၇) ရပ်ကွက် (အနောက်),quarter,quarter,settlement,16.80049845,96.20933060086142,80.00,bc848614c0024b9c79e3a5f2ecee05f1,"{""place"": ""quarter"", ""osm_id"": ""19663030"", ""raw_id"": 51126, ""raw_table"": ""raw_osm_polygons"", ""population"": null, ""external_id"": ""osm:relation:19663030"", ""region_code"": ""MM-YANGON"", ""osm_feature_type"": ""R"", ""snapshot_version"": ""osm_myanmar_2026_07_21_yangon_city_v1"", ""source_snapshot_id"": 9, ""source_classification"": ""settlement""}"
osm:relation:7712223,safe_new,Ward 7,Ward 7,neighbourhood,neighbourhood,settlement,16.8013352,96.21146463849578,80.00,806fb9d3c0c5e2d99486eeed1f6d51e8,"{""place"": ""neighbourhood"", ""osm_id"": ""7712223"", ""raw_id"": 51165, ""raw_table"": ""raw_osm_polygons"", ""population"": null, ""external_id"": ""osm:relation:7712223"", ""region_code"": ""MM-YANGON"", ""osm_feature_type"": ""R"", ""snapshot_version"": ""osm_myanmar_2026_07_21_yangon_city_v1"", ""source_snapshot_id"": 9, ""source_classification"": ""settlement""}"
osm:relation:19663039,safe_new,အမှတ် (၃) ရန်ပြေရပ်ကွက်,အမှတ် (၃) ရန်ပြေရပ်ကွက်,quarter,quarter,settlement,16.78481415,96.19223761662022,80.00,5812244b8ed9c0cbd9cc9d2261be2b07,"{""place"": ""quarter"", ""osm_id"": ""19663039"", ""raw_id"": 52402, ""raw_table"": ""raw_osm_polygons"", ""population"": null, ""external_id"": ""osm:relation:19663039"", ""region_code"": ""MM-YANGON"", ""osm_feature_type"": ""R"", ""snapshot_version"": ""osm_myanmar_2026_07_21_yangon_city_v1"", ""source_snapshot_id"": 9, ""source_classification"": ""settlement""}"
osm:relation:19663041,safe_new,အမှတ် (၄) ရပ်ကွက် (တောင်),အမှတ် (၄) ရပ်ကွက် (တောင်),quarter,quarter,settlement,16.77908805,96.19941025908473,80.00,54b65fdda74549ab469bb4ff9db06861,"{""place"": ""quarter"", ""osm_id"": ""19663041"", ""raw_id"": 54521, ""raw_table"": ""raw_osm_polygons"", ""population"": null, ""external_id"": ""osm:relation:19663041"", ""region_code"": ""MM-YANGON"", ""osm_feature_type"": ""R"", ""snapshot_version"": ""osm_myanmar_2026_07_21_yangon_city_v1"", ""source_snapshot_id"": 9, ""source_classification"": ""settlement""}"
osm:relation:19631173,safe_new,အမှတ် (၃) ရပ်ကွက်,အမှတ် (၃) ရပ်ကွက်,quarter,quarter,settlement,16.77551235,96.17888135574091,80.00,843609e8562b09d661d19d7b0894bf7d,"{""place"": ""quarter"", ""osm_id"": ""19631173"", ""raw_id"": 54951, ""raw_table"": ""raw_osm_polygons"", ""population"": null, ""external_id"": ""osm:relation:19631173"", ""region_code"": ""MM-YANGON"", ""osm_feature_type"": ""R"", ""snapshot_version"": ""osm_myanmar_2026_07_21_yangon_city_v1"", ""source_snapshot_id"": 9, ""source_classification"": ""settlement""}"
osm:relation:19631170,safe_new,အမှတ် (၇) ရပ်ကွက်,အမှတ် (၇) ရပ်ကွက်,quarter,quarter,settlement,16.781310400000002,96.17296264279284,80.00,357a6f6e2d5cdbbf8c153291519ce96e,"{""place"": ""quarter"", ""osm_id"": ""19631170"", ""raw_id"": 55242, ""raw_table"": ""raw_osm_polygons"", ""population"": null, ""external_id"": ""osm:relation:19631170"", ""region_code"": ""MM-YANGON"", ""osm_feature_type"": ""R"", ""snapshot_version"": ""osm_myanmar_2026_07_21_yangon_city_v1"", ""source_snapshot_id"": 9, ""source_classification"": ""settlement""}"
osm:relation:19631171,safe_new,အမှတ် (၈) ရပ်ကွက်,အမှတ် (၈) ရပ်ကွက်,quarter,quarter,settlement,16.780645200000002,96.16919073297134,80.00,c3102489404b597e7a434eb9a68d6974,"{""place"": ""quarter"", ""osm_id"": ""19631171"", ""raw_id"": 55265, ""raw_table"": ""raw_osm_polygons"", ""population"": null, ""external_id"": ""osm:relation:19631171"", ""region_code"": ""MM-YANGON"", ""osm_feature_type"": ""R"", ""snapshot_version"": ""osm_myanmar_2026_07_21_yangon_city_v1"", ""source_snapshot_id"": 9, ""source_classification"": ""settlement""}"
osm:relation:19631109,safe_new,အမှတ် (၁၀) ရပ်ကွက်,အမှတ် (၁၀) ရပ်ကွက်,quarter,quarter,settlement,16.77777135,96.16737122661438,80.00,eda44b30e67062c56fff736370f99ba0,"{""place"": ""quarter"", ""osm_id"": ""19631109"", ""raw_id"": 55316, ""raw_table"": ""raw_osm_polygons"", ""population"": null, ""external_id"": ""osm:relation:19631109"", ""region_code"": ""MM-YANGON"", ""osm_feature_type"": ""R"", ""snapshot_version"": ""osm_myanmar_2026_07_21_yangon_city_v1"", ""source_snapshot_id"": 9, ""source_classification"": ""settlement""}"
osm:relation:19631018,safe_new,အမှတ် (၇) ရပ်ကွက်,အမှတ် (၇) ရပ်ကွက်,quarter,quarter,settlement,16.775675800000002,96.15670036313315,80.00,8f04ffd5ec7e32b7264253948a911c11,"{""place"": ""quarter"", ""osm_id"": ""19631018"", ""raw_id"": 55813, ""raw_table"": ""raw_osm_polygons"", ""population"": null, ""external_id"": ""osm:relation:19631018"", ""region_code"": ""MM-YANGON"", ""osm_feature_type"": ""R"", ""snapshot_version"": ""osm_myanmar_2026_07_21_yangon_city_v1"", ""source_snapshot_id"": 9, ""source_classification"": ""settlement""}"
osm:relation:19631017,safe_new,အမှတ် (၁၀) ရပ်ကွက်,အမှတ် (၁၀) ရပ်ကွက်,quarter,quarter,settlement,16.77542565,96.15774556828498,80.00,1ee0736407048185a50931944da6a7a1,"{""place"": ""quarter"", ""osm_id"": ""19631017"", ""raw_id"": 55851, ""raw_table"": ""raw_osm_polygons"", ""population"": null, ""external_id"": ""osm:relation:19631017"", ""region_code"": ""MM-YANGON"", ""osm_feature_type"": ""R"", ""snapshot_version"": ""osm_myanmar_2026_07_21_yangon_city_v1"", ""source_snapshot_id"": 9, ""source_classification"": ""settlement""}"
osm:relation:19631073,safe_new,အမှတ် (၁) ရပ်ကွက်,အမှတ် (၁) ရပ်ကွက်,quarter,quarter,settlement,16.77542565,96.15895911304301,80.00,02fe29a84d8818744b053b47da636199,"{""place"": ""quarter"", ""osm_id"": ""19631073"", ""raw_id"": 55902, ""raw_table"": ""raw_osm_polygons"", ""population"": null, ""external_id"": ""osm:relation:19631073"", ""region_code"": ""MM-YANGON"", ""osm_feature_type"": ""R"", ""snapshot_version"": ""osm_myanmar_2026_07_21_yangon_city_v1"", ""source_snapshot_id"": 9, ""source_classification"": ""settlement""}"
osm:relation:19631072,safe_new,အမှတ် (၂) ရပ်ကွက်,အမှတ် (၂) ရပ်ကွက်,quarter,quarter,settlement,16.774632099999998,96.16024102568335,80.00,c7432cc94ab8a43bb4cba64e61d866e2,"{""place"": ""quarter"", ""osm_id"": ""19631072"", ""raw_id"": 56054, ""raw_table"": ""raw_osm_polygons"", ""population"": null, ""external_id"": ""osm:relation:19631072"", ""region_code"": ""MM-YANGON"", ""osm_feature_type"": ""R"", ""snapshot_version"": ""osm_myanmar_2026_07_21_yangon_city_v1"", ""source_snapshot_id"": 9, ""source_classification"": ""settlement""}"
osm:relation:19631176,safe_new,အမှတ် (၁) ရပ်ကွက်,အမှတ် (၁) ရပ်ကွက်,quarter,quarter,settlement,16.7755995,96.17150403689035,80.00,cc1037ad733141688c436d80246f92e0,"{""place"": ""quarter"", ""osm_id"": ""19631176"", ""raw_id"": 56379, ""raw_table"": ""raw_osm_polygons"", ""population"": null, ""external_id"": ""osm:relation:19631176"", ""region_code"": ""MM-YANGON"", ""osm_feature_type"": ""R"", ""snapshot_version"": ""osm_myanmar_2026_07_21_yangon_city_v1"", ""source_snapshot_id"": 9, ""source_classification"": ""settlement""}"
osm:relation:19631103,safe_new,အမှတ် (၇) ရပ်ကွက်,အမှတ် (၇) ရပ်ကွက်,quarter,quarter,settlement,16.769900550000003,96.16492271703135,80.00,63719fd2996a0b3ddb96abaa8b00b2e1,"{""place"": ""quarter"", ""osm_id"": ""19631103"", ""raw_id"": 56635, ""raw_table"": ""raw_osm_polygons"", ""population"": null, ""external_id"": ""osm:relation:19631103"", ""region_code"": ""MM-YANGON"", ""osm_feature_type"": ""R"", ""snapshot_version"": ""osm_myanmar_2026_07_21_yangon_city_v1"", ""source_snapshot_id"": 9, ""source_classification"": ""settlement""}"
osm:relation:19631107,safe_new,အမှတ် (၈) ရပ်ကွက်,အမှတ် (၈) ရပ်ကွက်,quarter,quarter,settlement,16.77251055,96.1657686972798,80.00,95e6efe496251fb9df46ca549cf74181,"{""place"": ""quarter"", ""osm_id"": ""19631107"", ""raw_id"": 56759, ""raw_table"": ""raw_osm_polygons"", ""population"": null, ""external_id"": ""osm:relation:19631107"", ""region_code"": ""MM-YANGON"", ""osm_feature_type"": ""R"", ""snapshot_version"": ""osm_myanmar_2026_07_21_yangon_city_v1"", ""source_snapshot_id"": 9, ""source_classification"": ""settlement""}"
osm:relation:19631102,safe_new,ဆိပ်ကမ်းမိသားစုရိပ်သာရပ်ကွက်,ဆိပ်ကမ်းမိသားစုရိပ်သာရပ်ကွက်,quarter,quarter,settlement,16.769233550000003,96.16015804018859,80.00,313e983758d9021e27c2d99442424dd4,"{""place"": ""quarter"", ""osm_id"": ""19631102"", ""raw_id"": 57121, ""raw_table"": ""raw_osm_polygons"", ""population"": null, ""external_id"": ""osm:relation:19631102"", ""region_code"": ""MM-YANGON"", ""osm_feature_type"": ""R"", ""snapshot_version"": ""osm_myanmar_2026_07_21_yangon_city_v1"", ""source_snapshot_id"": 9, ""source_classification"": ""settlement""}"
osm:relation:19631100,safe_new,ရဲရိပ်သာရပ်ကွက်,ရဲရိပ်သာရပ်ကွက်,quarter,quarter,settlement,16.76838495,96.17267209302372,80.00,85ee7673bee8305128e7b7c0ae773c89,"{""place"": ""quarter"", ""osm_id"": ""19631100"", ""raw_id"": 57213, ""raw_table"": ""raw_osm_polygons"", ""population"": null, ""external_id"": ""osm:relation:19631100"", ""region_code"": ""MM-YANGON"", ""osm_feature_type"": ""R"", ""snapshot_version"": ""osm_myanmar_2026_07_21_yangon_city_v1"", ""source_snapshot_id"": 9, ""source_classification"": ""settlement""}"
osm:relation:19631105,safe_new,အမှတ် (၄) ရပ်ကွက်,အမှတ် (၄) ရပ်ကွက်,quarter,quarter,settlement,16.771689549999998,96.17396997757615,80.00,65b1e06cef8e84e8e927d8e9238096eb,"{""place"": ""quarter"", ""osm_id"": ""19631105"", ""raw_id"": 57395, ""raw_table"": ""raw_osm_polygons"", ""population"": null, ""external_id"": ""osm:relation:19631105"", ""region_code"": ""MM-YANGON"", ""osm_feature_type"": ""R"", ""snapshot_version"": ""osm_myanmar_2026_07_21_yangon_city_v1"", ""source_snapshot_id"": 9, ""source_classification"": ""settlement""}"
osm:relation:19631104,safe_new,အမှတ် (၃) ရပ်ကွက်,အမှတ် (၃) ရပ်ကွက်,quarter,quarter,settlement,16.7715387,96.17808893294468,80.00,f200e19e86e5d380a57b78b9c0d8b61a,"{""place"": ""quarter"", ""osm_id"": ""19631104"", ""raw_id"": 57416, ""raw_table"": ""raw_osm_polygons"", ""population"": null, ""external_id"": ""osm:relation:19631104"", ""region_code"": ""MM-YANGON"", ""osm_feature_type"": ""R"", ""snapshot_version"": ""osm_myanmar_2026_07_21_yangon_city_v1"", ""source_snapshot_id"": 9, ""source_classification"": ""settlement""}"
osm:relation:19631099,safe_new,အမှတ် (၁) ရပ်ကွက်,အမှတ် (၁) ရပ်ကွက်,quarter,quarter,settlement,16.7677307,96.1847954151931,80.00,4daba55ab1042c4b133a7fba161c92c1,"{""place"": ""quarter"", ""osm_id"": ""19631099"", ""raw_id"": 57513, ""raw_table"": ""raw_osm_polygons"", ""population"": null, ""external_id"": ""osm:relation:19631099"", ""region_code"": ""MM-YANGON"", ""osm_feature_type"": ""R"", ""snapshot_version"": ""osm_myanmar_2026_07_21_yangon_city_v1"", ""source_snapshot_id"": 9, ""source_classification"": ""settlement""}"
osm:relation:19705197,safe_new,အံ့ကြီးအရှေ့ (အံ့ကြီး) ရပ်ကွက်,အံ့ကြီးအရှေ့ (အံ့ကြီး) ရပ်ကွက်,quarter,quarter,settlement,16.75459755,96.16985242006648,80.00,75d260642fc957c8961b34af75e83c02,"{""place"": ""quarter"", ""osm_id"": ""19705197"", ""raw_id"": 58374, ""raw_table"": ""raw_osm_polygons"", ""population"": null, ""external_id"": ""osm:relation:19705197"", ""region_code"": ""MM-YANGON"", ""osm_feature_type"": ""R"", ""snapshot_version"": ""osm_myanmar_2026_07_21_yangon_city_v1"", ""source_snapshot_id"": 9, ""source_classification"": ""settlement""}"
osm:relation:19705212,safe_new,ကမာကဆစ်ရပ်ကွက်,ကမာကဆစ်ရပ်ကွက်,quarter,quarter,settlement,16.762159349999997,96.14222515904973,80.00,7436c51f6e0617b4b695f872bc79f89f,"{""place"": ""quarter"", ""osm_id"": ""19705212"", ""raw_id"": 60523, ""raw_table"": ""raw_osm_polygons"", ""population"": null, ""external_id"": ""osm:relation:19705212"", ""region_code"": ""MM-YANGON"", ""osm_feature_type"": ""R"", ""snapshot_version"": ""osm_myanmar_2026_07_21_yangon_city_v1"", ""source_snapshot_id"": 9, ""source_classification"": ""settlement""}"
osm:relation:19630963,safe_new,အမှတ် (၇) ရပ်ကွက်,အမှတ် (၇) ရပ်ကွက်,quarter,quarter,settlement,16.77495495,96.1470062388905,80.00,7a5da783bad95da2348abfa641472d9a,"{""place"": ""quarter"", ""osm_id"": ""19630963"", ""raw_id"": 62685, ""raw_table"": ""raw_osm_polygons"", ""population"": null, ""external_id"": ""osm:relation:19630963"", ""region_code"": ""MM-YANGON"", ""osm_feature_type"": ""R"", ""snapshot_version"": ""osm_myanmar_2026_07_21_yangon_city_v1"", ""source_snapshot_id"": 9, ""source_classification"": ""settlement""}"
osm:relation:19630998,safe_new,အမှတ် (၉) ရပ်ကွက်,အမှတ် (၉) ရပ်ကွက်,quarter,quarter,settlement,16.77883435,96.15059105365597,80.00,74fbdc2f128dd570627a7af536324b38,"{""place"": ""quarter"", ""osm_id"": ""19630998"", ""raw_id"": 64069, ""raw_table"": ""raw_osm_polygons"", ""population"": null, ""external_id"": ""osm:relation:19630998"", ""region_code"": ""MM-YANGON"", ""osm_feature_type"": ""R"", ""snapshot_version"": ""osm_myanmar_2026_07_21_yangon_city_v1"", ""source_snapshot_id"": 9, ""source_classification"": ""settlement""}"
osm:relation:19631023,safe_new,အမှတ် (၅) ရပ်ကွက်,အမှတ် (၅) ရပ်ကွက်,quarter,quarter,settlement,16.778158400000002,96.15561216092308,80.00,f73b37089fb4298148bc8ed1a32dbddd,"{""place"": ""quarter"", ""osm_id"": ""19631023"", ""raw_id"": 64103, ""raw_table"": ""raw_osm_polygons"", ""population"": null, ""external_id"": ""osm:relation:19631023"", ""region_code"": ""MM-YANGON"", ""osm_feature_type"": ""R"", ""snapshot_version"": ""osm_myanmar_2026_07_21_yangon_city_v1"", ""source_snapshot_id"": 9, ""source_classification"": ""settlement""}"
osm:relation:19630999,safe_new,အမှတ် (၁၀) ရပ်ကွက်,အမှတ် (၁၀) ရပ်ကွက်,quarter,quarter,settlement,16.78074745,96.1506109285235,80.00,90bf5fee71e22c7c28833ce9228f06f1,"{""place"": ""quarter"", ""osm_id"": ""19630999"", ""raw_id"": 64159, ""raw_table"": ""raw_osm_polygons"", ""population"": null, ""external_id"": ""osm:relation:19630999"", ""region_code"": ""MM-YANGON"", ""osm_feature_type"": ""R"", ""snapshot_version"": ""osm_myanmar_2026_07_21_yangon_city_v1"", ""source_snapshot_id"": 9, ""source_classification"": ""settlement""}"
osm:relation:19630972,safe_new,အမှတ် (၁၂) ရပ်ကွက်,အမှတ် (၁၂) ရပ်ကွက်,quarter,quarter,settlement,16.780714,96.1463058535449,80.00,7daf2f5a65212d93389143ab9e8ca113,"{""place"": ""quarter"", ""osm_id"": ""19630972"", ""raw_id"": 64204, ""raw_table"": ""raw_osm_polygons"", ""population"": null, ""external_id"": ""osm:relation:19630972"", ""region_code"": ""MM-YANGON"", ""osm_feature_type"": ""R"", ""snapshot_version"": ""osm_myanmar_2026_07_21_yangon_city_v1"", ""source_snapshot_id"": 9, ""source_classification"": ""settlement""}"
osm:relation:19630971,safe_new,အမှတ် (၁၁) ရပ်ကွက်,အမှတ် (၁၁) ရပ်ကွက်,quarter,quarter,settlement,16.7782459,96.14367507549304,80.00,c7d7316890d0fc21ca86fa874eb1fa5b,"{""place"": ""quarter"", ""osm_id"": ""19630971"", ""raw_id"": 64423, ""raw_table"": ""raw_osm_polygons"", ""population"": null, ""external_id"": ""osm:relation:19630971"", ""region_code"": ""MM-YANGON"", ""osm_feature_type"": ""R"", ""snapshot_version"": ""osm_myanmar_2026_07_21_yangon_city_v1"", ""source_snapshot_id"": 9, ""source_classification"": ""settlement""}"
osm:relation:19630970,safe_new,အမှတ် (၁၀) ရပ်ကွက်,အမှတ် (၁၀) ရပ်ကွက်,quarter,quarter,settlement,16.77866745,96.14091924343205,80.00,72b0bc89f8d1b374da82f5c9c6c60f60,"{""place"": ""quarter"", ""osm_id"": ""19630970"", ""raw_id"": 64475, ""raw_table"": ""raw_osm_polygons"", ""population"": null, ""external_id"": ""osm:relation:19630970"", ""region_code"": ""MM-YANGON"", ""osm_feature_type"": ""R"", ""snapshot_version"": ""osm_myanmar_2026_07_21_yangon_city_v1"", ""source_snapshot_id"": 9, ""source_classification"": ""settlement""}"
osm:relation:19630969,safe_new,အမှတ် (၁) ရပ်ကွက်,အမှတ် (၁) ရပ်ကွက်,quarter,quarter,settlement,16.77614565,96.13876523017575,80.00,aa84ef7e722827ec8c71b10cc5575a70,"{""place"": ""quarter"", ""osm_id"": ""19630969"", ""raw_id"": 64783, ""raw_table"": ""raw_osm_polygons"", ""population"": null, ""external_id"": ""osm:relation:19630969"", ""region_code"": ""MM-YANGON"", ""osm_feature_type"": ""R"", ""snapshot_version"": ""osm_myanmar_2026_07_21_yangon_city_v1"", ""source_snapshot_id"": 9, ""source_classification"": ""settlement""}"
osm:relation:19630974,safe_new,အမှတ် (၈) ရပ်ကွက်,အမှတ် (၈) ရပ်ကွက်,quarter,quarter,settlement,16.78201485,96.13828745602879,80.00,8afc8c5ccfee3af3996ce494ba0c69e3,"{""place"": ""quarter"", ""osm_id"": ""19630974"", ""raw_id"": 65304, ""raw_table"": ""raw_osm_polygons"", ""population"": null, ""external_id"": ""osm:relation:19630974"", ""region_code"": ""MM-YANGON"", ""osm_feature_type"": ""R"", ""snapshot_version"": ""osm_myanmar_2026_07_21_yangon_city_v1"", ""source_snapshot_id"": 9, ""source_classification"": ""settlement""}"
osm:relation:19630927,safe_new,ဆရာမှတ်ကြီး (အရှေ့) ရပ်ကွက် (စောရန်ပိုင်(အရှေ့)),ဆရာမှတ်ကြီး (အရှေ့) ရပ်ကွက် (စောရန်ပိုင်(အရှေ့)),quarter,quarter,settlement,16.7836708,96.13354176088083,80.00,a9408e9d9faeecab17af5e7bcfbd4bb3,"{""place"": ""quarter"", ""osm_id"": ""19630927"", ""raw_id"": 65372, ""raw_table"": ""raw_osm_polygons"", ""population"": null, ""external_id"": ""osm:relation:19630927"", ""region_code"": ""MM-YANGON"", ""osm_feature_type"": ""R"", ""snapshot_version"": ""osm_myanmar_2026_07_21_yangon_city_v1"", ""source_snapshot_id"": 9, ""source_classification"": ""settlement""}"
osm:relation:19630928,safe_new,ဆူပါပင် (တောင်) ရပ်ကွက် (စောရန်ပိုင်(တောင်)),ဆူပါပင် (တောင်) ရပ်ကွက် (စောရန်ပိုင်(တောင်)),quarter,quarter,settlement,16.786297750000003,96.12996614512119,80.00,dd652d21e4fc54267b8d2c23177410e7,"{""place"": ""quarter"", ""osm_id"": ""19630928"", ""raw_id"": 65490, ""raw_table"": ""raw_osm_polygons"", ""population"": null, ""external_id"": ""osm:relation:19630928"", ""region_code"": ""MM-YANGON"", ""osm_feature_type"": ""R"", ""snapshot_version"": ""osm_myanmar_2026_07_21_yangon_city_v1"", ""source_snapshot_id"": 9, ""source_classification"": ""settlement""}"
osm:relation:19630954,safe_new,ပြည်လမ်း (အနောက်)ရပ်ကွက်,ပြည်လမ်း (အနောက်)ရပ်ကွက်,quarter,quarter,settlement,16.7927513,96.13655802617748,80.00,9928d3da3e7de2727a53c4e5f14b9f89,"{""place"": ""quarter"", ""osm_id"": ""19630954"", ""raw_id"": 65967, ""raw_table"": ""raw_osm_polygons"", ""population"": null, ""external_id"": ""osm:relation:19630954"", ""region_code"": ""MM-YANGON"", ""osm_feature_type"": ""R"", ""snapshot_version"": ""osm_myanmar_2026_07_21_yangon_city_v1"", ""source_snapshot_id"": 9, ""source_classification"": ""settlement""}"
osm:relation:19630953,safe_new,ပြည်လမ်း (အရှေ့)ရပ်ကွက်,ပြည်လမ်း (အရှေ့)ရပ်ကွက်,quarter,quarter,settlement,16.79330135,96.14417419703469,80.00,d0d0eb78acf814503b6a44d82199492c,"{""place"": ""quarter"", ""osm_id"": ""19630953"", ""raw_id"": 66024, ""raw_table"": ""raw_osm_polygons"", ""population"": null, ""external_id"": ""osm:relation:19630953"", ""region_code"": ""MM-YANGON"", ""osm_feature_type"": ""R"", ""snapshot_version"": ""osm_myanmar_2026_07_21_yangon_city_v1"", ""source_snapshot_id"": 9, ""source_classification"": ""settlement""}"
osm:relation:19630952,safe_new,ဘုရားကြီးရပ်ကွက်,ဘုရားကြီးရပ်ကွက်,quarter,quarter,settlement,16.79502355,96.15174260121006,80.00,160dd516fef419d681d7041a91e806c8,"{""place"": ""quarter"", ""osm_id"": ""19630952"", ""raw_id"": 66077, ""raw_table"": ""raw_osm_polygons"", ""population"": null, ""external_id"": ""osm:relation:19630952"", ""region_code"": ""MM-YANGON"", ""osm_feature_type"": ""R"", ""snapshot_version"": ""osm_myanmar_2026_07_21_yangon_city_v1"", ""source_snapshot_id"": 9, ""source_classification"": ""settlement""}"
osm:relation:19630951,safe_new,ယောမင်းကြီးရပ်ကွက်,ယောမင်းကြီးရပ်ကွက်,quarter,quarter,settlement,16.7854381,96.15402333713294,80.00,3ad11c557109686ea8329f5294fab0a2,"{""place"": ""quarter"", ""osm_id"": ""19630951"", ""raw_id"": 66158, ""raw_table"": ""raw_osm_polygons"", ""population"": null, ""external_id"": ""osm:relation:19630951"", ""region_code"": ""MM-YANGON"", ""osm_feature_type"": ""R"", ""snapshot_version"": ""osm_myanmar_2026_07_21_yangon_city_v1"", ""source_snapshot_id"": 9, ""source_classification"": ""settlement""}"
osm:relation:19630973,safe_new,အမှတ် (၉) ရပ်ကွက်,အမှတ် (၉) ရပ်ကွက်,quarter,quarter,settlement,16.782630949999998,96.14168173920851,80.00,f579fac42ff2d5a90c213d01163a9608,"{""place"": ""quarter"", ""osm_id"": ""19630973"", ""raw_id"": 66271, ""raw_table"": ""raw_osm_polygons"", ""population"": null, ""external_id"": ""osm:relation:19630973"", ""region_code"": ""MM-YANGON"", ""osm_feature_type"": ""R"", ""snapshot_version"": ""osm_myanmar_2026_07_21_yangon_city_v1"", ""source_snapshot_id"": 9, ""source_classification"": ""settlement""}"
osm:relation:19630950,safe_new,ဦးဝိစာရရပ်ကွက်,ဦးဝိစာရရပ်ကွက်,quarter,quarter,settlement,16.7844267,96.14988647473226,80.00,d1536636c1eb9757720f32fa864caebb,"{""place"": ""quarter"", ""osm_id"": ""19630950"", ""raw_id"": 66356, ""raw_table"": ""raw_osm_polygons"", ""population"": null, ""external_id"": ""osm:relation:19630950"", ""region_code"": ""MM-YANGON"", ""osm_feature_type"": ""R"", ""snapshot_version"": ""osm_myanmar_2026_07_21_yangon_city_v1"", ""source_snapshot_id"": 9, ""source_classification"": ""settlement""}"
osm:relation:19631154,safe_new,သိမ်ဖြူမီးရထားရပ်ကွက်,သိမ်ဖြူမီးရထားရပ်ကွက်,quarter,quarter,settlement,16.78134035,96.16329867386222,80.00,0991d7f89d75660c3b22a7ede4ec4734,"{""place"": ""quarter"", ""osm_id"": ""19631154"", ""raw_id"": 66505, ""raw_table"": ""raw_osm_polygons"", ""population"": null, ""external_id"": ""osm:relation:19631154"", ""region_code"": ""MM-YANGON"", ""osm_feature_type"": ""R"", ""snapshot_version"": ""osm_myanmar_2026_07_21_yangon_city_v1"", ""source_snapshot_id"": 9, ""source_classification"": ""settlement""}"
osm:relation:19631155,safe_new,စံပြ ဖ-ဆ-ပ-လ ရပ်ကွက်,စံပြ ဖ-ဆ-ပ-လ ရပ်ကွက်,quarter,quarter,settlement,16.785309599999998,96.15961724109619,80.00,bd5dbff8ea38b85b6dc510c8b957ec92,"{""place"": ""quarter"", ""osm_id"": ""19631155"", ""raw_id"": 66640, ""raw_table"": ""raw_osm_polygons"", ""population"": null, ""external_id"": ""osm:relation:19631155"", ""region_code"": ""MM-YANGON"", ""osm_feature_type"": ""R"", ""snapshot_version"": ""osm_myanmar_2026_07_21_yangon_city_v1"", ""source_snapshot_id"": 9, ""source_classification"": ""settlement""}"
osm:relation:19631149,safe_new,ကန်တော်ကလေး (အနောက်) ရပ်ကွက်,ကန်တော်ကလေး (အနောက်) ရပ်ကွက်,quarter,quarter,settlement,16.78800105,96.1635890278177,80.00,a5b83db078bad201f56047a372d8022f,"{""place"": ""quarter"", ""osm_id"": ""19631149"", ""raw_id"": 66741, ""raw_table"": ""raw_osm_polygons"", ""population"": null, ""external_id"": ""osm:relation:19631149"", ""region_code"": ""MM-YANGON"", ""osm_feature_type"": ""R"", ""snapshot_version"": ""osm_myanmar_2026_07_21_yangon_city_v1"", ""source_snapshot_id"": 9, ""source_classification"": ""settlement""}"
osm:relation:19631144,safe_new,တောင်ညွှန့်မီးရထားရပ်ကွက်,တောင်ညွှန့်မီးရထားရပ်ကွက်,quarter,quarter,settlement,16.78331995,96.17062952148649,80.00,eb0e82959117ba91f6dac18be74903b8,"{""place"": ""quarter"", ""osm_id"": ""19631144"", ""raw_id"": 67349, ""raw_table"": ""raw_osm_polygons"", ""population"": null, ""external_id"": ""osm:relation:19631144"", ""region_code"": ""MM-YANGON"", ""osm_feature_type"": ""R"", ""snapshot_version"": ""osm_myanmar_2026_07_21_yangon_city_v1"", ""source_snapshot_id"": 9, ""source_classification"": ""settlement""}"
osm:relation:19631139,safe_new,စက်ဆန်းရပ်ကွက်,စက်ဆန်းရပ်ကွက်,quarter,quarter,settlement,16.791736399999998,96.18285211825392,80.00,25e4db50ed9839bec77a0388f99d5567,"{""place"": ""quarter"", ""osm_id"": ""19631139"", ""raw_id"": 67934, ""raw_table"": ""raw_osm_polygons"", ""population"": null, ""external_id"": ""osm:relation:19631139"", ""region_code"": ""MM-YANGON"", ""osm_feature_type"": ""R"", ""snapshot_version"": ""osm_myanmar_2026_07_21_yangon_city_v1"", ""source_snapshot_id"": 9, ""source_classification"": ""settlement""}"
osm:relation:19659189,safe_new,မအူကုန်းရပ်ကွက်,မအူကုန်းရပ်ကွက်,quarter,quarter,settlement,16.7949925,96.17416253498692,80.00,027cecad4f87ff17935c59d1de434c0c,"{""place"": ""quarter"", ""osm_id"": ""19659189"", ""raw_id"": 67960, ""raw_table"": ""raw_osm_polygons"", ""population"": null, ""external_id"": ""osm:relation:19659189"", ""region_code"": ""MM-YANGON"", ""osm_feature_type"": ""R"", ""snapshot_version"": ""osm_myanmar_2026_07_21_yangon_city_v1"", ""source_snapshot_id"": 9, ""source_classification"": ""settlement""}"
osm:relation:19631153,safe_new,ဥယျာဉ်ရပ်ကွက်,ဥယျာဉ်ရပ်ကွက်,quarter,quarter,settlement,16.791883499999997,96.1595949694916,80.00,76d1e2df4cb1d1131dd2d3e044973ba1,"{""place"": ""quarter"", ""osm_id"": ""19631153"", ""raw_id"": 68276, ""raw_table"": ""raw_osm_polygons"", ""population"": null, ""external_id"": ""osm:relation:19631153"", ""region_code"": ""MM-YANGON"", ""osm_feature_type"": ""R"", ""snapshot_version"": ""osm_myanmar_2026_07_21_yangon_city_v1"", ""source_snapshot_id"": 9, ""source_classification"": ""settlement""}"
osm:relation:19659098,safe_new,ဂျမား (၂) ရပ်ကွက် (ဗိုလ်ချို(၂)ရပ်ကွက်),ဂျမား (၂) ရပ်ကွက် (ဗိုလ်ချို(၂)ရပ်ကွက်),quarter,quarter,settlement,16.8025413,96.16670340862137,80.00,5bd4c00d2c98669c663581fdf5453eff,"{""place"": ""quarter"", ""osm_id"": ""19659098"", ""raw_id"": 68438, ""raw_table"": ""raw_osm_polygons"", ""population"": null, ""external_id"": ""osm:relation:19659098"", ""region_code"": ""MM-YANGON"", ""osm_feature_type"": ""R"", ""snapshot_version"": ""osm_myanmar_2026_07_21_yangon_city_v1"", ""source_snapshot_id"": 9, ""source_classification"": ""settlement""}"
osm:relation:19659184,safe_new,နတ်မောက်ရပ်ကွက်,နတ်မောက်ရပ်ကွက်,quarter,quarter,settlement,16.79968605,96.17070418845016,80.00,1f38df9f7985f0c66779343b992cdf8c,"{""place"": ""quarter"", ""osm_id"": ""19659184"", ""raw_id"": 68461, ""raw_table"": ""raw_osm_polygons"", ""population"": null, ""external_id"": ""osm:relation:19659184"", ""region_code"": ""MM-YANGON"", ""osm_feature_type"": ""R"", ""snapshot_version"": ""osm_myanmar_2026_07_21_yangon_city_v1"", ""source_snapshot_id"": 9, ""source_classification"": ""settlement""}"
osm:relation:19659183,safe_new,ပျားရည်ကုန်းရပ်ကွက်,ပျားရည်ကုန်းရပ်ကွက်,quarter,quarter,settlement,16.800650500000003,96.17437993842884,80.00,60079609a200a6fa75513df2fdff5d18,"{""place"": ""quarter"", ""osm_id"": ""19659183"", ""raw_id"": 68509, ""raw_table"": ""raw_osm_polygons"", ""population"": null, ""external_id"": ""osm:relation:19659183"", ""region_code"": ""MM-YANGON"", ""osm_feature_type"": ""R"", ""snapshot_version"": ""osm_myanmar_2026_07_21_yangon_city_v1"", ""source_snapshot_id"": 9, ""source_classification"": ""settlement""}"
osm:relation:19659182,safe_new,ကျောက်မြောင်းအထက်ရပ်ကွက်,ကျောက်မြောင်းအထက်ရပ်ကွက်,quarter,quarter,settlement,16.80152375,96.17626007976403,80.00,019211d70c4b96cbbac193d8eca17825,"{""place"": ""quarter"", ""osm_id"": ""19659182"", ""raw_id"": 68749, ""raw_table"": ""raw_osm_polygons"", ""population"": null, ""external_id"": ""osm:relation:19659182"", ""region_code"": ""MM-YANGON"", ""osm_feature_type"": ""R"", ""snapshot_version"": ""osm_myanmar_2026_07_21_yangon_city_v1"", ""source_snapshot_id"": 9, ""source_classification"": ""settlement""}"
osm:relation:19659178,safe_new,ဗျိုင်းရေအိုးစဉ်ရွာမရပ်ကွက်,ဗျိုင်းရေအိုးစဉ်ရွာမရပ်ကွက်,quarter,quarter,settlement,16.8048852,96.17510777869711,80.00,3288a55460881990f3ba4b25860d0271,"{""place"": ""quarter"", ""osm_id"": ""19659178"", ""raw_id"": 68843, ""raw_table"": ""raw_osm_polygons"", ""population"": null, ""external_id"": ""osm:relation:19659178"", ""region_code"": ""MM-YANGON"", ""osm_feature_type"": ""R"", ""snapshot_version"": ""osm_myanmar_2026_07_21_yangon_city_v1"", ""source_snapshot_id"": 9, ""source_classification"": ""settlement""}"
osm:relation:19659175,safe_new,မလွှကုန်းဌေးကြွယ် (က) ရပ်ကွက်,မလွှကုန်းဌေးကြွယ် (က) ရပ်ကွက်,quarter,quarter,settlement,16.807449300000002,96.17808055605988,80.00,83757272ad9630e2ce1388c2f606b0ac,"{""place"": ""quarter"", ""osm_id"": ""19659175"", ""raw_id"": 69166, ""raw_table"": ""raw_osm_polygons"", ""population"": null, ""external_id"": ""osm:relation:19659175"", ""region_code"": ""MM-YANGON"", ""osm_feature_type"": ""R"", ""snapshot_version"": ""osm_myanmar_2026_07_21_yangon_city_v1"", ""source_snapshot_id"": 9, ""source_classification"": ""settlement""}"
osm:relation:19659094,safe_new,ငါးထပ်ကြီး (တောင်) ရပ်ကွက်,ငါးထပ်ကြီး (တောင်) ရပ်ကွက်,quarter,quarter,settlement,16.8092699,96.16626123019324,80.00,b661acc9cc9f327c84cd26439dce4eeb,"{""place"": ""quarter"", ""osm_id"": ""19659094"", ""raw_id"": 69860, ""raw_table"": ""raw_osm_polygons"", ""population"": null, ""external_id"": ""osm:relation:19659094"", ""region_code"": ""MM-YANGON"", ""osm_feature_type"": ""R"", ""snapshot_version"": ""osm_myanmar_2026_07_21_yangon_city_v1"", ""source_snapshot_id"": 9, ""source_classification"": ""settlement""}"
osm:relation:19659093,safe_new,အရှေ့ရွှေဂုံတိုင်ရပ်ကွက်,အရှေ့ရွှေဂုံတိုင်ရပ်ကွက်,quarter,quarter,settlement,16.8100467,96.16891320286226,80.00,7c20724fec0cda29c358966be41bd039,"{""place"": ""quarter"", ""osm_id"": ""19659093"", ""raw_id"": 69862, ""raw_table"": ""raw_osm_polygons"", ""population"": null, ""external_id"": ""osm:relation:19659093"", ""region_code"": ""MM-YANGON"", ""osm_feature_type"": ""R"", ""snapshot_version"": ""osm_myanmar_2026_07_21_yangon_city_v1"", ""source_snapshot_id"": 9, ""source_classification"": ""settlement""}"
osm:relation:19659097,safe_new,ငါးထပ်ကြီးအနောက် (ရေလယ်) ရပ်ကွက်,ငါးထပ်ကြီးအနောက် (ရေလယ်) ရပ်ကွက်,quarter,quarter,settlement,16.80650805,96.15850812936496,80.00,d88e8fca73603b1b96e431cfd6bad3eb,"{""place"": ""quarter"", ""osm_id"": ""19659097"", ""raw_id"": 69892, ""raw_table"": ""raw_osm_polygons"", ""population"": null, ""external_id"": ""osm:relation:19659097"", ""region_code"": ""MM-YANGON"", ""osm_feature_type"": ""R"", ""snapshot_version"": ""osm_myanmar_2026_07_21_yangon_city_v1"", ""source_snapshot_id"": 9, ""source_classification"": ""settlement""}"
osm:relation:19659090,safe_new,အလယ်ရွှေဂုံတိုင်ရပ်ကွက်,အလယ်ရွှေဂုံတိုင်ရပ်ကွက်,quarter,quarter,settlement,16.812342200000003,96.16068883159434,80.00,b4e7e2a5a9a8b0475035182f62a5a118,"{""place"": ""quarter"", ""osm_id"": ""19659090"", ""raw_id"": 69923, ""raw_table"": ""raw_osm_polygons"", ""population"": null, ""external_id"": ""osm:relation:19659090"", ""region_code"": ""MM-YANGON"", ""osm_feature_type"": ""R"", ""snapshot_version"": ""osm_myanmar_2026_07_21_yangon_city_v1"", ""source_snapshot_id"": 9, ""source_classification"": ""settlement""}"
osm:relation:19659102,safe_new,ရွှေတောင်ကြားအမှတ် (၂) ရပ်ကွက်,ရွှေတောင်ကြားအမှတ် (၂) ရပ်ကွက်,quarter,quarter,settlement,16.81192515,96.14946800264201,80.00,71f343b43e143297cc823a916c2b885c,"{""place"": ""quarter"", ""osm_id"": ""19659102"", ""raw_id"": 70117, ""raw_table"": ""raw_osm_polygons"", ""population"": null, ""external_id"": ""osm:relation:19659102"", ""region_code"": ""MM-YANGON"", ""osm_feature_type"": ""R"", ""snapshot_version"": ""osm_myanmar_2026_07_21_yangon_city_v1"", ""source_snapshot_id"": 9, ""source_classification"": ""settlement""}"
osm:relation:19659103,safe_new,အနောက်ရွှေဂုံတိုင်ရပ်ကွက်,အနောက်ရွှေဂုံတိုင်ရပ်ကွက်,quarter,quarter,settlement,16.80478705,96.14525466356992,80.00,1b775a66ccf01466d252982ea9128f89,"{""place"": ""quarter"", ""osm_id"": ""19659103"", ""raw_id"": 70184, ""raw_table"": ""raw_osm_polygons"", ""population"": null, ""external_id"": ""osm:relation:19659103"", ""region_code"": ""MM-YANGON"", ""osm_feature_type"": ""R"", ""snapshot_version"": ""osm_myanmar_2026_07_21_yangon_city_v1"", ""source_snapshot_id"": 9, ""source_classification"": ""settlement""}"
osm:relation:19659104,safe_new,ရေတာရှည်ရပ်ကွက်,ရေတာရှည်ရပ်ကွက်,quarter,quarter,settlement,16.8033207,96.15114611938569,80.00,0c99a3ecf82d2271789bd814de69549e,"{""place"": ""quarter"", ""osm_id"": ""19659104"", ""raw_id"": 70248, ""raw_table"": ""raw_osm_polygons"", ""population"": null, ""external_id"": ""osm:relation:19659104"", ""region_code"": ""MM-YANGON"", ""osm_feature_type"": ""R"", ""snapshot_version"": ""osm_myanmar_2026_07_21_yangon_city_v1"", ""source_snapshot_id"": 9, ""source_classification"": ""settlement""}"
osm:relation:19659011,safe_new,မြေနီကုန်း (တောင်) ရပ်ကွက်,မြေနီကုန်း (တောင်) ရပ်ကွက်,quarter,quarter,settlement,16.804011350000003,96.14072455086941,80.00,43a4228037766d5eece6b016205fb22b,"{""place"": ""quarter"", ""osm_id"": ""19659011"", ""raw_id"": 71006, ""raw_table"": ""raw_osm_polygons"", ""population"": null, ""external_id"": ""osm:relation:19659011"", ""region_code"": ""MM-YANGON"", ""osm_feature_type"": ""R"", ""snapshot_version"": ""osm_myanmar_2026_07_21_yangon_city_v1"", ""source_snapshot_id"": 9, ""source_classification"": ""settlement""}"
osm:relation:19659012,safe_new,ရှင်စောပုရပ်ကွက်,ရှင်စောပုရပ်ကွက်,quarter,quarter,settlement,16.801843849999997,96.13619729547207,80.00,480d75a2b9be3b91be9afcc107b2d129,"{""place"": ""quarter"", ""osm_id"": ""19659012"", ""raw_id"": 71334, ""raw_table"": ""raw_osm_polygons"", ""population"": null, ""external_id"": ""osm:relation:19659012"", ""region_code"": ""MM-YANGON"", ""osm_feature_type"": ""R"", ""snapshot_version"": ""osm_myanmar_2026_07_21_yangon_city_v1"", ""source_snapshot_id"": 9, ""source_classification"": ""settlement""}"
osm:relation:19659013,safe_new,အောင်ချမ်းသာရပ်ကွက်,အောင်ချမ်းသာရပ်ကွက်,quarter,quarter,settlement,16.799366050000003,96.13208380947643,80.00,da5b9c39d3482abace9a1c9db07d2e0d,"{""place"": ""quarter"", ""osm_id"": ""19659013"", ""raw_id"": 71637, ""raw_table"": ""raw_osm_polygons"", ""population"": null, ""external_id"": ""osm:relation:19659013"", ""region_code"": ""MM-YANGON"", ""osm_feature_type"": ""R"", ""snapshot_version"": ""osm_myanmar_2026_07_21_yangon_city_v1"", ""source_snapshot_id"": 9, ""source_classification"": ""settlement""}"
osm:relation:19658950,safe_new,ကရင်အမျိုးသားရပ်ကွက်,ကရင်အမျိုးသားရပ်ကွက်,quarter,quarter,settlement,16.79698375,96.12713292331703,80.00,62d2fb9f5c7cfe8f592e40b86692f51d,"{""place"": ""quarter"", ""osm_id"": ""19658950"", ""raw_id"": 71664, ""raw_table"": ""raw_osm_polygons"", ""population"": null, ""external_id"": ""osm:relation:19658950"", ""region_code"": ""MM-YANGON"", ""osm_feature_type"": ""R"", ""snapshot_version"": ""osm_myanmar_2026_07_21_yangon_city_v1"", ""source_snapshot_id"": 9, ""source_classification"": ""settlement""}"
osm:relation:19659009,safe_new,စမ်းချောင်း (တောင်) ရပ်ကွက်,စမ်းချောင်း (တောင်) ရပ်ကွက်,quarter,quarter,settlement,16.8015318,96.13195394541549,80.00,ca077e6eb1c948a330b7b335c541906e,"{""place"": ""quarter"", ""osm_id"": ""19659009"", ""raw_id"": 71817, ""raw_table"": ""raw_osm_polygons"", ""population"": null, ""external_id"": ""osm:relation:19659009"", ""region_code"": ""MM-YANGON"", ""osm_feature_type"": ""R"", ""snapshot_version"": ""osm_myanmar_2026_07_21_yangon_city_v1"", ""source_snapshot_id"": 9, ""source_classification"": ""settlement""}"
osm:relation:19659007,safe_new,လင်းလွန်း (တောင်) ရပ်ကွက်,လင်းလွန်း (တောင်) ရပ်ကွက်,quarter,quarter,settlement,16.80534935,96.12817346501839,80.00,1f3664d5f4887ae094a31359eed9e14b,"{""place"": ""quarter"", ""osm_id"": ""19659007"", ""raw_id"": 72127, ""raw_table"": ""raw_osm_polygons"", ""population"": null, ""external_id"": ""osm:relation:19659007"", ""region_code"": ""MM-YANGON"", ""osm_feature_type"": ""R"", ""snapshot_version"": ""osm_myanmar_2026_07_21_yangon_city_v1"", ""source_snapshot_id"": 9, ""source_classification"": ""settlement""}"
osm:relation:19659006,safe_new,ကျွန်းတော (တောင်) ရပ်ကွက်,ကျွန်းတော (တောင်) ရပ်ကွက်,quarter,quarter,settlement,16.8058949,96.13329069831906,80.00,cba821fabfea22e0ce6e210b1db6664d,"{""place"": ""quarter"", ""osm_id"": ""19659006"", ""raw_id"": 72770, ""raw_table"": ""raw_osm_polygons"", ""population"": null, ""external_id"": ""osm:relation:19659006"", ""region_code"": ""MM-YANGON"", ""osm_feature_type"": ""R"", ""snapshot_version"": ""osm_myanmar_2026_07_21_yangon_city_v1"", ""source_snapshot_id"": 9, ""source_classification"": ""settlement""}"
osm:relation:19659005,safe_new,မြေနီကုန်း (မြောက်) ရပ်ကွက်,မြေနီကုန်း (မြောက်) ရပ်ကွက်,quarter,quarter,settlement,16.8085022,96.1375734714843,80.00,f9acfe0578de484fbf13a2108035cf06,"{""place"": ""quarter"", ""osm_id"": ""19659005"", ""raw_id"": 73089, ""raw_table"": ""raw_osm_polygons"", ""population"": null, ""external_id"": ""osm:relation:19659005"", ""region_code"": ""MM-YANGON"", ""osm_feature_type"": ""R"", ""snapshot_version"": ""osm_myanmar_2026_07_21_yangon_city_v1"", ""source_snapshot_id"": 9, ""source_classification"": ""settlement""}"
osm:relation:19659004,safe_new,ကျွန်းတော (အလယ်) ရပ်ကွက်,ကျွန်းတော (အလယ်) ရပ်ကွက်,quarter,quarter,settlement,16.80694295,96.13309080009968,80.00,d4ab1e81729c8f0d2b72b03e7310d1fb,"{""place"": ""quarter"", ""osm_id"": ""19659004"", ""raw_id"": 73183, ""raw_table"": ""raw_osm_polygons"", ""population"": null, ""external_id"": ""osm:relation:19659004"", ""region_code"": ""MM-YANGON"", ""osm_feature_type"": ""R"", ""snapshot_version"": ""osm_myanmar_2026_07_21_yangon_city_v1"", ""source_snapshot_id"": 9, ""source_classification"": ""settlement""}"
osm:relation:19658953,safe_new,ထီးတန်းစက်မြေရပ်ကွက်,ထီးတန်းစက်မြေရပ်ကွက်,quarter,quarter,settlement,16.7973986,96.12146790047828,80.00,5a6a5ee907aa1d6361289ae09b1a95a6,"{""place"": ""quarter"", ""osm_id"": ""19658953"", ""raw_id"": 74619, ""raw_table"": ""raw_osm_polygons"", ""population"": null, ""external_id"": ""osm:relation:19658953"", ""region_code"": ""MM-YANGON"", ""osm_feature_type"": ""R"", ""snapshot_version"": ""osm_myanmar_2026_07_21_yangon_city_v1"", ""source_snapshot_id"": 9, ""source_classification"": ""settlement""}"
osm:relation:19630935,safe_new,လွတ်လပ်ရေးရပ်ကွက်,လွတ်လပ်ရေးရပ်ကွက်,quarter,quarter,settlement,16.7900711,96.12178273285771,80.00,f5ebbbfde16ddf909a46f130161b0fc3,"{""place"": ""quarter"", ""osm_id"": ""19630935"", ""raw_id"": 75009, ""raw_table"": ""raw_osm_polygons"", ""population"": null, ""external_id"": ""osm:relation:19630935"", ""region_code"": ""MM-YANGON"", ""osm_feature_type"": ""R"", ""snapshot_version"": ""osm_myanmar_2026_07_21_yangon_city_v1"", ""source_snapshot_id"": 9, ""source_classification"": ""settlement""}"
osm:relation:19658938,safe_new,သရက်တော (တောင်) ရပ်ကွက်,သရက်တော (တောင်) ရပ်ကွက်,quarter,quarter,settlement,16.8179369,96.12353372778335,80.00,b0a7ff1079bad4a80c15cfd1058845c0,"{""place"": ""quarter"", ""osm_id"": ""19658938"", ""raw_id"": 75903, ""raw_table"": ""raw_osm_polygons"", ""population"": null, ""external_id"": ""osm:relation:19658938"", ""region_code"": ""MM-YANGON"", ""osm_feature_type"": ""R"", ""snapshot_version"": ""osm_myanmar_2026_07_21_yangon_city_v1"", ""source_snapshot_id"": 9, ""source_classification"": ""settlement""}"
osm:relation:19658936,safe_new,သရက်တော (မြောက်) ရပ်ကွက်,သရက်တော (မြောက်) ရပ်ကွက်,quarter,quarter,settlement,16.8192619,96.12002158414109,80.00,2e491748640e331df679bf2b33d48a37,"{""place"": ""quarter"", ""osm_id"": ""19658936"", ""raw_id"": 76106, ""raw_table"": ""raw_osm_polygons"", ""population"": null, ""external_id"": ""osm:relation:19658936"", ""region_code"": ""MM-YANGON"", ""osm_feature_type"": ""R"", ""snapshot_version"": ""osm_myanmar_2026_07_21_yangon_city_v1"", ""source_snapshot_id"": 9, ""source_classification"": ""settlement""}"
osm:relation:19659236,safe_new,အမှတ် (၇) ရပ်ကွက်,အမှတ် (၇) ရပ်ကွက်,quarter,quarter,settlement,16.8439164,96.12215259605668,80.00,efd19a020314d35e16e4ff17efb3d60b,"{""place"": ""quarter"", ""osm_id"": ""19659236"", ""raw_id"": 78225, ""raw_table"": ""raw_osm_polygons"", ""population"": null, ""external_id"": ""osm:relation:19659236"", ""region_code"": ""MM-YANGON"", ""osm_feature_type"": ""R"", ""snapshot_version"": ""osm_myanmar_2026_07_21_yangon_city_v1"", ""source_snapshot_id"": 9, ""source_classification"": ""settlement""}"
osm:relation:19659232,safe_new,အမှတ် (၁၆) ရပ်ကွက်,အမှတ် (၁၆) ရပ်ကွက်,quarter,quarter,settlement,16.85751585,96.11971995609584,80.00,0fbf6c2770d6e7e3cb11dbce6a68b4dd,"{""place"": ""quarter"", ""osm_id"": ""19659232"", ""raw_id"": 79304, ""raw_table"": ""raw_osm_polygons"", ""population"": null, ""external_id"": ""osm:relation:19659232"", ""region_code"": ""MM-YANGON"", ""osm_feature_type"": ""R"", ""snapshot_version"": ""osm_myanmar_2026_07_21_yangon_city_v1"", ""source_snapshot_id"": 9, ""source_classification"": ""settlement""}"
osm:relation:19659705,safe_new,အမှတ် (၂) ရပ်ကွက် (သမိုင်းမြို့),အမှတ် (၂) ရပ်ကွက် (သမိုင်းမြို့),quarter,quarter,settlement,16.86636955,96.11699138149264,80.00,14c071f311f7bb6ca0971ec5fdac92a5,"{""place"": ""quarter"", ""osm_id"": ""19659705"", ""raw_id"": 79620, ""raw_table"": ""raw_osm_polygons"", ""population"": null, ""external_id"": ""osm:relation:19659705"", ""region_code"": ""MM-YANGON"", ""osm_feature_type"": ""R"", ""snapshot_version"": ""osm_myanmar_2026_07_21_yangon_city_v1"", ""source_snapshot_id"": 9, ""source_classification"": ""settlement""}"
osm:relation:19672592,safe_new,အမှတ် (၅) ရပ်ကွက်,အမှတ် (၅) ရပ်ကွက်,quarter,quarter,settlement,16.8653841,96.07805554960979,80.00,a6744f5cd4127653cffe69cce65391ec,"{""place"": ""quarter"", ""osm_id"": ""19672592"", ""raw_id"": 80612, ""raw_table"": ""raw_osm_polygons"", ""population"": null, ""external_id"": ""osm:relation:19672592"", ""region_code"": ""MM-YANGON"", ""osm_feature_type"": ""R"", ""snapshot_version"": ""osm_myanmar_2026_07_21_yangon_city_v1"", ""source_snapshot_id"": 9, ""source_classification"": ""settlement""}"
osm:relation:19672590,safe_new,အမှတ် (၇) ရပ်ကွက်,အမှတ် (၇) ရပ်ကွက်,quarter,quarter,settlement,16.8699274,96.05058564764845,80.00,1c1dff1070ddd965ba82b9c051f3b396,"{""place"": ""quarter"", ""osm_id"": ""19672590"", ""raw_id"": 81687, ""raw_table"": ""raw_osm_polygons"", ""population"": null, ""external_id"": ""osm:relation:19672590"", ""region_code"": ""MM-YANGON"", ""osm_feature_type"": ""R"", ""snapshot_version"": ""osm_myanmar_2026_07_21_yangon_city_v1"", ""source_snapshot_id"": 9, ""source_classification"": ""settlement""}"
osm:relation:19672583,safe_new,အမှတ် (၁၆) ရပ်ကွက်,အမှတ် (၁၆) ရပ်ကွက်,quarter,quarter,settlement,16.88596165,96.05586934347409,80.00,24bac9206adf5fde59cd59559049bba5,"{""place"": ""quarter"", ""osm_id"": ""19672583"", ""raw_id"": 83269, ""raw_table"": ""raw_osm_polygons"", ""population"": null, ""external_id"": ""osm:relation:19672583"", ""region_code"": ""MM-YANGON"", ""osm_feature_type"": ""R"", ""snapshot_version"": ""osm_myanmar_2026_07_21_yangon_city_v1"", ""source_snapshot_id"": 9, ""source_classification"": ""settlement""}"
osm:relation:19672574,safe_new,အမှတ် (၂၀) ရပ်ကွက်,အမှတ် (၂၀) ရပ်ကွက်,quarter,quarter,settlement,16.900392,96.04655876443589,80.00,3b4e244f7a168a2fc81feae8e10baf83,"{""place"": ""quarter"", ""osm_id"": ""19672574"", ""raw_id"": 83749, ""raw_table"": ""raw_osm_polygons"", ""population"": null, ""external_id"": ""osm:relation:19672574"", ""region_code"": ""MM-YANGON"", ""osm_feature_type"": ""R"", ""snapshot_version"": ""osm_myanmar_2026_07_21_yangon_city_v1"", ""source_snapshot_id"": 9, ""source_classification"": ""settlement""}"
osm:relation:19669743,safe_new,ဒညင်းကုန်းရပ်ကွက်,ဒညင်းကုန်းရပ်ကွက်,quarter,quarter,settlement,16.93421425,96.09254250535673,80.00,0f47e93d008aa0661c855a36a4753a08,"{""place"": ""quarter"", ""osm_id"": ""19669743"", ""raw_id"": 84406, ""raw_table"": ""raw_osm_polygons"", ""population"": null, ""external_id"": ""osm:relation:19669743"", ""region_code"": ""MM-YANGON"", ""osm_feature_type"": ""R"", ""snapshot_version"": ""osm_myanmar_2026_07_21_yangon_city_v1"", ""source_snapshot_id"": 9, ""source_classification"": ""settlement""}"
osm:relation:19672483,safe_new,မင်္ဂလာဒုံဈေးရပ်ကွက်,မင်္ဂလာဒုံဈေးရပ်ကွက်,quarter,quarter,settlement,16.92046455,96.12296512600551,80.00,b4bcc85fb4e7e47de6d2138c890f0599,"{""place"": ""quarter"", ""osm_id"": ""19672483"", ""raw_id"": 84477, ""raw_table"": ""raw_osm_polygons"", ""population"": null, ""external_id"": ""osm:relation:19672483"", ""region_code"": ""MM-YANGON"", ""osm_feature_type"": ""R"", ""snapshot_version"": ""osm_myanmar_2026_07_21_yangon_city_v1"", ""source_snapshot_id"": 9, ""source_classification"": ""settlement""}"
osm:relation:19669744,safe_new,အောင်ဆန်း ရပ်ကွက်,အောင်ဆန်း ရပ်ကွက်,quarter,quarter,settlement,16.9207448,96.09275913393361,80.00,d93be46091cf3f336577f671df395000,"{""place"": ""quarter"", ""osm_id"": ""19669744"", ""raw_id"": 84492, ""raw_table"": ""raw_osm_polygons"", ""population"": null, ""external_id"": ""osm:relation:19669744"", ""region_code"": ""MM-YANGON"", ""osm_feature_type"": ""R"", ""snapshot_version"": ""osm_myanmar_2026_07_21_yangon_city_v1"", ""source_snapshot_id"": 9, ""source_classification"": ""settlement""}"
osm:relation:19669747,safe_new,တောင်သူကုန်းရပ်ကွက်,တောင်သူကုန်းရပ်ကွက်,quarter,quarter,settlement,16.9001575,96.11097297603546,80.00,308fb6533c716381e7dc7aea6ee3ac79,"{""place"": ""quarter"", ""osm_id"": ""19669747"", ""raw_id"": 84977, ""raw_table"": ""raw_osm_polygons"", ""population"": null, ""external_id"": ""osm:relation:19669747"", ""region_code"": ""MM-YANGON"", ""osm_feature_type"": ""R"", ""snapshot_version"": ""osm_myanmar_2026_07_21_yangon_city_v1"", ""source_snapshot_id"": 9, ""source_classification"": ""settlement""}"
osm:relation:19669756,safe_new,နံ့သာကုန်း ရပ်ကွက်,နံ့သာကုန်း ရပ်ကွက်,quarter,quarter,settlement,16.8906975,96.11242752728324,80.00,f1d9a6f215385ff27d498bc68fa5b693,"{""place"": ""quarter"", ""osm_id"": ""19669756"", ""raw_id"": 85134, ""raw_table"": ""raw_osm_polygons"", ""population"": null, ""external_id"": ""osm:relation:19669756"", ""region_code"": ""MM-YANGON"", ""osm_feature_type"": ""R"", ""snapshot_version"": ""osm_myanmar_2026_07_21_yangon_city_v1"", ""source_snapshot_id"": 9, ""source_classification"": ""settlement""}"
osm:relation:19669749,safe_new,ရွာမ (အလယ်) ရပ်ကွက်,ရွာမ (အလယ်) ရပ်ကွက်,quarter,quarter,settlement,16.89411075,96.09807202947826,80.00,01592b5f1b0074014569822b9e821816,"{""place"": ""quarter"", ""osm_id"": ""19669749"", ""raw_id"": 85192, ""raw_table"": ""raw_osm_polygons"", ""population"": null, ""external_id"": ""osm:relation:19669749"", ""region_code"": ""MM-YANGON"", ""osm_feature_type"": ""R"", ""snapshot_version"": ""osm_myanmar_2026_07_21_yangon_city_v1"", ""source_snapshot_id"": 9, ""source_classification"": ""settlement""}"
osm:relation:19669748,safe_new,ရွာမ (အရှေ့) ရပ်ကွက်,ရွာမ (အရှေ့) ရပ်ကွက်,quarter,quarter,settlement,16.895808199999998,96.10305338614629,80.00,7e1b30fbed3bf3f187e74705b31797ac,"{""place"": ""quarter"", ""osm_id"": ""19669748"", ""raw_id"": 85221, ""raw_table"": ""raw_osm_polygons"", ""population"": null, ""external_id"": ""osm:relation:19669748"", ""region_code"": ""MM-YANGON"", ""osm_feature_type"": ""R"", ""snapshot_version"": ""osm_myanmar_2026_07_21_yangon_city_v1"", ""source_snapshot_id"": 9, ""source_classification"": ""settlement""}"
osm:relation:19669752,safe_new,ကမ်းနား (အနောက်) ရပ်ကွက်,ကမ်းနား (အနောက်) ရပ်ကွက်,quarter,quarter,settlement,16.8790464,96.09200193715317,80.00,54d961b2e6b916475486a2e4ff025c8f,"{""place"": ""quarter"", ""osm_id"": ""19669752"", ""raw_id"": 86809, ""raw_table"": ""raw_osm_polygons"", ""population"": null, ""external_id"": ""osm:relation:19669752"", ""region_code"": ""MM-YANGON"", ""osm_feature_type"": ""R"", ""snapshot_version"": ""osm_myanmar_2026_07_21_yangon_city_v1"", ""source_snapshot_id"": 9, ""source_classification"": ""settlement""}"
osm:relation:19669751,safe_new,ကွက်သစ်ရပ်ကွက်,ကွက်သစ်ရပ်ကွက်,quarter,quarter,settlement,16.886918,96.0988459842942,80.00,d3d4e2c16946bc84f1d51a5b2ed6cc84,"{""place"": ""quarter"", ""osm_id"": ""19669751"", ""raw_id"": 86831, ""raw_table"": ""raw_osm_polygons"", ""population"": null, ""external_id"": ""osm:relation:19669751"", ""region_code"": ""MM-YANGON"", ""osm_feature_type"": ""R"", ""snapshot_version"": ""osm_myanmar_2026_07_21_yangon_city_v1"", ""source_snapshot_id"": 9, ""source_classification"": ""settlement""}"
osm:relation:19669759,safe_new,ဈေးကုန်း (အရှေ့) ရပ်ကွက်,ဈေးကုန်း (အရှေ့) ရပ်ကွက်,quarter,quarter,settlement,16.8841028,96.10800203040756,80.00,f41857091a50873cef08c0e286daa43a,"{""place"": ""quarter"", ""osm_id"": ""19669759"", ""raw_id"": 86871, ""raw_table"": ""raw_osm_polygons"", ""population"": null, ""external_id"": ""osm:relation:19669759"", ""region_code"": ""MM-YANGON"", ""osm_feature_type"": ""R"", ""snapshot_version"": ""osm_myanmar_2026_07_21_yangon_city_v1"", ""source_snapshot_id"": 9, ""source_classification"": ""settlement""}"
osm:relation:19669758,safe_new,ကြို့ကုန်း (အရှေ့) ရပ်ကွက်,ကြို့ကုန်း (အရှေ့) ရပ်ကွက်,quarter,quarter,settlement,16.8821516,96.11770802924562,80.00,32d789ab9e7a2b8b700759f8c24b5e82,"{""place"": ""quarter"", ""osm_id"": ""19669758"", ""raw_id"": 87105, ""raw_table"": ""raw_osm_polygons"", ""population"": null, ""external_id"": ""osm:relation:19669758"", ""region_code"": ""MM-YANGON"", ""osm_feature_type"": ""R"", ""snapshot_version"": ""osm_myanmar_2026_07_21_yangon_city_v1"", ""source_snapshot_id"": 9, ""source_classification"": ""settlement""}"
osm:relation:19670062,safe_new,ဂ-ရပ်ကွက်,ဂ-ရပ်ကွက်,quarter,quarter,settlement,16.901975649999997,96.15217689760048,80.00,daf5ed4ef91f6e224c9e734e74e85c01,"{""place"": ""quarter"", ""osm_id"": ""19670062"", ""raw_id"": 89827, ""raw_table"": ""raw_osm_polygons"", ""population"": null, ""external_id"": ""osm:relation:19670062"", ""region_code"": ""MM-YANGON"", ""osm_feature_type"": ""R"", ""snapshot_version"": ""osm_myanmar_2026_07_21_yangon_city_v1"", ""source_snapshot_id"": 9, ""source_classification"": ""settlement""}"
osm:relation:19670065,safe_new,တံတားကြီးရပ်ကွက်,တံတားကြီးရပ်ကွက်,quarter,quarter,settlement,16.89790815,96.15016649376112,80.00,2c9529c00b18feecb4abf68736418b43,"{""place"": ""quarter"", ""osm_id"": ""19670065"", ""raw_id"": 90672, ""raw_table"": ""raw_osm_polygons"", ""population"": null, ""external_id"": ""osm:relation:19670065"", ""region_code"": ""MM-YANGON"", ""osm_feature_type"": ""R"", ""snapshot_version"": ""osm_myanmar_2026_07_21_yangon_city_v1"", ""source_snapshot_id"": 9, ""source_classification"": ""settlement""}"
osm:relation:19672486,safe_new,ကြံခင်းစုရပ်ကွက်,ကြံခင်းစုရပ်ကွက်,quarter,quarter,settlement,16.8981885,96.142912289067,80.00,44cdec66c6da411950150d817273d6a1,"{""place"": ""quarter"", ""osm_id"": ""19672486"", ""raw_id"": 90705, ""raw_table"": ""raw_osm_polygons"", ""population"": null, ""external_id"": ""osm:relation:19672486"", ""region_code"": ""MM-YANGON"", ""osm_feature_type"": ""R"", ""snapshot_version"": ""osm_myanmar_2026_07_21_yangon_city_v1"", ""source_snapshot_id"": 9, ""source_classification"": ""settlement""}"
osm:relation:19670066,safe_new,င-ရပ်ကွက်,င-ရပ်ကွက်,quarter,quarter,settlement,16.8935929,96.1614651703755,80.00,04dc74fa7fd5dbfd3d1f2ecd9e09b5dd,"{""place"": ""quarter"", ""osm_id"": ""19670066"", ""raw_id"": 91079, ""raw_table"": ""raw_osm_polygons"", ""population"": null, ""external_id"": ""osm:relation:19670066"", ""region_code"": ""MM-YANGON"", ""osm_feature_type"": ""R"", ""snapshot_version"": ""osm_myanmar_2026_07_21_yangon_city_v1"", ""source_snapshot_id"": 9, ""source_classification"": ""settlement""}"
osm:relation:19666078,safe_new,အမှတ် (၄၈) ရပ်ကွက်,အမှတ် (၄၈) ရပ်ကွက်,quarter,quarter,settlement,16.89272365,96.17385305351718,80.00,c314569793ada1e4f895b02832453445,"{""place"": ""quarter"", ""osm_id"": ""19666078"", ""raw_id"": 91121, ""raw_table"": ""raw_osm_polygons"", ""population"": null, ""external_id"": ""osm:relation:19666078"", ""region_code"": ""MM-YANGON"", ""osm_feature_type"": ""R"", ""snapshot_version"": ""osm_myanmar_2026_07_21_yangon_city_v1"", ""source_snapshot_id"": 9, ""source_classification"": ""settlement""}"
osm:relation:19670064,safe_new,ဃ-ရပ်ကွက်,ဃ-ရပ်ကွက်,quarter,quarter,settlement,16.89709665,96.15575509503805,80.00,3cc36adbdce00ca7dcdffe23a5df6eed,"{""place"": ""quarter"", ""osm_id"": ""19670064"", ""raw_id"": 91262, ""raw_table"": ""raw_osm_polygons"", ""population"": null, ""external_id"": ""osm:relation:19670064"", ""region_code"": ""MM-YANGON"", ""osm_feature_type"": ""R"", ""snapshot_version"": ""osm_myanmar_2026_07_21_yangon_city_v1"", ""source_snapshot_id"": 9, ""source_classification"": ""settlement""}"
osm:relation:19670063,safe_new,စ-ရပ်ကွက်,စ-ရပ်ကွက်,quarter,quarter,settlement,16.9020983,96.16247365190173,80.00,9ac302cab3f9df6f8bbd46332a715032,"{""place"": ""quarter"", ""osm_id"": ""19670063"", ""raw_id"": 91427, ""raw_table"": ""raw_osm_polygons"", ""population"": null, ""external_id"": ""osm:relation:19670063"", ""region_code"": ""MM-YANGON"", ""osm_feature_type"": ""R"", ""snapshot_version"": ""osm_myanmar_2026_07_21_yangon_city_v1"", ""source_snapshot_id"": 9, ""source_classification"": ""settlement""}"
osm:relation:19670061,safe_new,ဆ-ရပ်ကွက်,ဆ-ရပ်ကွက်,quarter,quarter,settlement,16.90585205,96.15850298856074,80.00,9cc1beea0b631bf7a71bb84fa29be261,"{""place"": ""quarter"", ""osm_id"": ""19670061"", ""raw_id"": 91498, ""raw_table"": ""raw_osm_polygons"", ""population"": null, ""external_id"": ""osm:relation:19670061"", ""region_code"": ""MM-YANGON"", ""osm_feature_type"": ""R"", ""snapshot_version"": ""osm_myanmar_2026_07_21_yangon_city_v1"", ""source_snapshot_id"": 9, ""source_classification"": ""settlement""}"
osm:relation:19666075,safe_new,အမှတ် (၄၉) ရပ်ကွက်,အမှတ် (၄၉) ရပ်ကွက်,quarter,quarter,settlement,16.90354615,96.1804106352839,80.00,1f5743d143587cc70ead7fe7145954a9,"{""place"": ""quarter"", ""osm_id"": ""19666075"", ""raw_id"": 91720, ""raw_table"": ""raw_osm_polygons"", ""population"": null, ""external_id"": ""osm:relation:19666075"", ""region_code"": ""MM-YANGON"", ""osm_feature_type"": ""R"", ""snapshot_version"": ""osm_myanmar_2026_07_21_yangon_city_v1"", ""source_snapshot_id"": 9, ""source_classification"": ""settlement""}"
osm:relation:19666077,safe_new,အမှတ် (၄၇) ရပ်ကွက်,အမှတ် (၄၇) ရပ်ကွက်,quarter,quarter,settlement,16.8960271,96.1832062537163,80.00,eb0718b30bd852a9bfd6a9eb6ec3133a,"{""place"": ""quarter"", ""osm_id"": ""19666077"", ""raw_id"": 92357, ""raw_table"": ""raw_osm_polygons"", ""population"": null, ""external_id"": ""osm:relation:19666077"", ""region_code"": ""MM-YANGON"", ""osm_feature_type"": ""R"", ""snapshot_version"": ""osm_myanmar_2026_07_21_yangon_city_v1"", ""source_snapshot_id"": 9, ""source_classification"": ""settlement""}"
osm:relation:19666082,safe_new,အမှတ် (၄၂) ရပ်ကွက်,အမှတ် (၄၂) ရပ်ကွက်,quarter,quarter,settlement,16.881727849999997,96.17243045498567,80.00,cdd31b745f575ede79a6cf75511fd0f3,"{""place"": ""quarter"", ""osm_id"": ""19666082"", ""raw_id"": 93110, ""raw_table"": ""raw_osm_polygons"", ""population"": null, ""external_id"": ""osm:relation:19666082"", ""region_code"": ""MM-YANGON"", ""osm_feature_type"": ""R"", ""snapshot_version"": ""osm_myanmar_2026_07_21_yangon_city_v1"", ""source_snapshot_id"": 9, ""source_classification"": ""settlement""}"
osm:relation:19670068,safe_new,အမှတ် (၂) ရပ်ကွက်,အမှတ် (၂) ရပ်ကွက်,quarter,quarter,settlement,16.8778313,96.15977956209562,80.00,a3dbab92273fcc5ef3a63a91564134d1,"{""place"": ""quarter"", ""osm_id"": ""19670068"", ""raw_id"": 93380, ""raw_table"": ""raw_osm_polygons"", ""population"": null, ""external_id"": ""osm:relation:19670068"", ""region_code"": ""MM-YANGON"", ""osm_feature_type"": ""R"", ""snapshot_version"": ""osm_myanmar_2026_07_21_yangon_city_v1"", ""source_snapshot_id"": 9, ""source_classification"": ""settlement""}"
osm:relation:19666083,safe_new,အမှတ် (၄၁) တိုးချဲ့ရပ်ကွက်,အမှတ် (၄၁) တိုးချဲ့ရပ်ကွက်,quarter,quarter,settlement,16.8751669,96.16858077987484,80.00,f3e039b1c72b5293dea21cb8b3d99895,"{""place"": ""quarter"", ""osm_id"": ""19666083"", ""raw_id"": 93664, ""raw_table"": ""raw_osm_polygons"", ""population"": null, ""external_id"": ""osm:relation:19666083"", ""region_code"": ""MM-YANGON"", ""osm_feature_type"": ""R"", ""snapshot_version"": ""osm_myanmar_2026_07_21_yangon_city_v1"", ""source_snapshot_id"": 9, ""source_classification"": ""settlement""}"
osm:relation:19666088,safe_new,၃၇ ရပ်ကွက်,၃၇ ရပ်ကွက်,quarter,quarter,settlement,16.87883025,96.1999685188591,80.00,3726880d183af96057440ecb0e778907,"{""place"": ""quarter"", ""osm_id"": ""19666088"", ""raw_id"": 94558, ""raw_table"": ""raw_osm_polygons"", ""population"": null, ""external_id"": ""osm:relation:19666088"", ""region_code"": ""MM-YANGON"", ""osm_feature_type"": ""R"", ""snapshot_version"": ""osm_myanmar_2026_07_21_yangon_city_v1"", ""source_snapshot_id"": 9, ""source_classification"": ""settlement""}"
osm:relation:19666086,safe_new,အမှတ် (၃၉) ရပ်ကွက်,အမှတ် (၃၉) ရပ်ကွက်,quarter,quarter,settlement,16.8828969,96.19050219502861,80.00,dcd8bb0de6eb7dc3d2d08f34e92615bf,"{""place"": ""quarter"", ""osm_id"": ""19666086"", ""raw_id"": 95102, ""raw_table"": ""raw_osm_polygons"", ""population"": null, ""external_id"": ""osm:relation:19666086"", ""region_code"": ""MM-YANGON"", ""osm_feature_type"": ""R"", ""snapshot_version"": ""osm_myanmar_2026_07_21_yangon_city_v1"", ""source_snapshot_id"": 9, ""source_classification"": ""settlement""}"
osm:way:280089721,safe_new,Ward 11,Ward 11,neighbourhood,neighbourhood,settlement,16.8866391,96.20967565746017,80.00,b285c1c2253355b8e5d33e089fa52a25,"{""place"": ""neighbourhood"", ""osm_id"": ""280089721"", ""raw_id"": 95654, ""raw_table"": ""raw_osm_polygons"", ""population"": null, ""external_id"": ""osm:way:280089721"", ""region_code"": ""MM-YANGON"", ""osm_feature_type"": ""W"", ""snapshot_version"": ""osm_myanmar_2026_07_21_yangon_city_v1"", ""source_snapshot_id"": 9, ""source_classification"": ""settlement""}"
osm:way:387231302,safe_new,Ward 13,Ward 13,neighbourhood,neighbourhood,settlement,16.884915499999998,96.22528098630148,80.00,7e077f29861bf18c6ee987ca09d8b5c0,"{""place"": ""neighbourhood"", ""osm_id"": ""387231302"", ""raw_id"": 96331, ""raw_table"": ""raw_osm_polygons"", ""population"": null, ""external_id"": ""osm:way:387231302"", ""region_code"": ""MM-YANGON"", ""osm_feature_type"": ""W"", ""snapshot_version"": ""osm_myanmar_2026_07_21_yangon_city_v1"", ""source_snapshot_id"": 9, ""source_classification"": ""settlement""}"
osm:relation:19669477,safe_new,အမှတ် (၁၀၉) ရပ်ကွက်,အမှတ် (၁၀၉) ရပ်ကွက်,quarter,quarter,settlement,16.89287895,96.22350960474458,80.00,9022e9eadbdf438bd8f9c31c510bb424,"{""place"": ""quarter"", ""osm_id"": ""19669477"", ""raw_id"": 96353, ""raw_table"": ""raw_osm_polygons"", ""population"": null, ""external_id"": ""osm:relation:19669477"", ""region_code"": ""MM-YANGON"", ""osm_feature_type"": ""R"", ""snapshot_version"": ""osm_myanmar_2026_07_21_yangon_city_v1"", ""source_snapshot_id"": 9, ""source_classification"": ""settlement""}"
osm:relation:19669452,safe_new,အမှတ် (၅) ရပ်ကွက်,အမှတ် (၅) ရပ်ကွက်,quarter,quarter,settlement,16.8968802,96.19875060050033,80.00,7fdb71d1904340491df73c1f1d85b25c,"{""place"": ""quarter"", ""osm_id"": ""19669452"", ""raw_id"": 96724, ""raw_table"": ""raw_osm_polygons"", ""population"": null, ""external_id"": ""osm:relation:19669452"", ""region_code"": ""MM-YANGON"", ""osm_feature_type"": ""R"", ""snapshot_version"": ""osm_myanmar_2026_07_21_yangon_city_v1"", ""source_snapshot_id"": 9, ""source_classification"": ""settlement""}"
osm:relation:19666079,safe_new,အမှတ် (၄၅) ရပ်ကွက်,အမှတ် (၄၅) ရပ်ကွက်,quarter,quarter,settlement,16.89368865,96.19213213676228,80.00,3b9e3b01ebacc968dfc35a8471c60228,"{""place"": ""quarter"", ""osm_id"": ""19666079"", ""raw_id"": 96813, ""raw_table"": ""raw_osm_polygons"", ""population"": null, ""external_id"": ""osm:relation:19666079"", ""region_code"": ""MM-YANGON"", ""osm_feature_type"": ""R"", ""snapshot_version"": ""osm_myanmar_2026_07_21_yangon_city_v1"", ""source_snapshot_id"": 9, ""source_classification"": ""settlement""}"
osm:relation:19669445,safe_new,အမှတ် (၁၃၀) ရပ်ကွက်,အမှတ် (၁၃၀) ရပ်ကွက်,quarter,quarter,settlement,16.913869249999998,96.22480539764436,80.00,827919f97349a82bf9f2461f0c6496c0,"{""place"": ""quarter"", ""osm_id"": ""19669445"", ""raw_id"": 100520, ""raw_table"": ""raw_osm_polygons"", ""population"": null, ""external_id"": ""osm:relation:19669445"", ""region_code"": ""MM-YANGON"", ""osm_feature_type"": ""R"", ""snapshot_version"": ""osm_myanmar_2026_07_21_yangon_city_v1"", ""source_snapshot_id"": 9, ""source_classification"": ""settlement""}"
osm:relation:19670053,safe_new,ဌ-ရပ်ကွက်,ဌ-ရပ်ကွက်,quarter,quarter,settlement,16.9257323,96.16436999711988,80.00,6ef8ac2fa42b3cbfaf11329ddee21c75,"{""place"": ""quarter"", ""osm_id"": ""19670053"", ""raw_id"": 101422, ""raw_table"": ""raw_osm_polygons"", ""population"": null, ""external_id"": ""osm:relation:19670053"", ""region_code"": ""MM-YANGON"", ""osm_feature_type"": ""R"", ""snapshot_version"": ""osm_myanmar_2026_07_21_yangon_city_v1"", ""source_snapshot_id"": 9, ""source_classification"": ""settlement""}"
osm:relation:19670059,safe_new,ဋ-ရပ်ကွက်,ဋ-ရပ်ကွက်,quarter,quarter,settlement,16.90832665,96.17066082794949,80.00,d3c44ae89ffcfbedb427ecee5b929a59,"{""place"": ""quarter"", ""osm_id"": ""19670059"", ""raw_id"": 102758, ""raw_table"": ""raw_osm_polygons"", ""population"": null, ""external_id"": ""osm:relation:19670059"", ""region_code"": ""MM-YANGON"", ""osm_feature_type"": ""R"", ""snapshot_version"": ""osm_myanmar_2026_07_21_yangon_city_v1"", ""source_snapshot_id"": 9, ""source_classification"": ""settlement""}"
osm:relation:19670060,safe_new,ဇ-ရပ်ကွက်,ဇ-ရပ်ကွက်,quarter,quarter,settlement,16.90852975,96.16447708452176,80.00,96959bb6a4a4bd223f438fcc3a982011,"{""place"": ""quarter"", ""osm_id"": ""19670060"", ""raw_id"": 102851, ""raw_table"": ""raw_osm_polygons"", ""population"": null, ""external_id"": ""osm:relation:19670060"", ""region_code"": ""MM-YANGON"", ""osm_feature_type"": ""R"", ""snapshot_version"": ""osm_myanmar_2026_07_21_yangon_city_v1"", ""source_snapshot_id"": 9, ""source_classification"": ""settlement""}"
osm:relation:19670052,safe_new,ည-ရပ်ကွက်,ည-ရပ်ကွက်,quarter,quarter,settlement,16.9179969,96.16958514984424,80.00,ad4eed92f0fa63662478995cf0cebe22,"{""place"": ""quarter"", ""osm_id"": ""19670052"", ""raw_id"": 103578, ""raw_table"": ""raw_osm_polygons"", ""population"": null, ""external_id"": ""osm:relation:19670052"", ""region_code"": ""MM-YANGON"", ""osm_feature_type"": ""R"", ""snapshot_version"": ""osm_myanmar_2026_07_21_yangon_city_v1"", ""source_snapshot_id"": 9, ""source_classification"": ""settlement""}"
osm:way:738202922,safe_new,၁၀ ရပ်ကွက်,၁၀ ရပ်ကွက်,quarter,quarter,settlement,16.94602855,96.20394034460386,80.00,090b57ef3a4cd597359a263bc5f3f27d,"{""place"": ""quarter"", ""osm_id"": ""738202922"", ""raw_id"": 109071, ""raw_table"": ""raw_osm_polygons"", ""population"": null, ""external_id"": ""osm:way:738202922"", ""region_code"": ""MM-YANGON"", ""osm_feature_type"": ""W"", ""snapshot_version"": ""osm_myanmar_2026_07_21_yangon_city_v1"", ""source_snapshot_id"": 9, ""source_classification"": ""settlement""}"
osm:relation:19670056,safe_new,က-ရပ်ကွက်,က-ရပ်ကွက်,quarter,quarter,settlement,16.91166305,96.15383026396893,80.00,c3b352f54f025eba9502f9981e76455a,"{""place"": ""quarter"", ""osm_id"": ""19670056"", ""raw_id"": 104308, ""raw_table"": ""raw_osm_polygons"", ""population"": null, ""external_id"": ""osm:relation:19670056"", ""region_code"": ""MM-YANGON"", ""osm_feature_type"": ""R"", ""snapshot_version"": ""osm_myanmar_2026_07_21_yangon_city_v1"", ""source_snapshot_id"": 9, ""source_classification"": ""settlement""}"
osm:relation:19672473,safe_new,ပြန်လည်နေရာချထားရေးရပ်ကွက်,ပြန်လည်နေရာချထားရေးရပ်ကွက်,quarter,quarter,settlement,16.9701786,96.12628194254684,80.00,85051dd2ba6e93eeb76f8857537cbad6,"{""place"": ""quarter"", ""osm_id"": ""19672473"", ""raw_id"": 109501, ""raw_table"": ""raw_osm_polygons"", ""population"": null, ""external_id"": ""osm:relation:19672473"", ""region_code"": ""MM-YANGON"", ""osm_feature_type"": ""R"", ""snapshot_version"": ""osm_myanmar_2026_07_21_yangon_city_v1"", ""source_snapshot_id"": 9, ""source_classification"": ""settlement""}"
osm:relation:19672554,safe_new,အမှတ် (၄) ရပ်ကွက်,အမှတ် (၄) ရပ်ကွက်,quarter,quarter,settlement,16.98213005,96.08726754527855,80.00,23e1eb465400521ec89441de17803962,"{""place"": ""quarter"", ""osm_id"": ""19672554"", ""raw_id"": 111576, ""raw_table"": ""raw_osm_polygons"", ""population"": null, ""external_id"": ""osm:relation:19672554"", ""region_code"": ""MM-YANGON"", ""osm_feature_type"": ""R"", ""snapshot_version"": ""osm_myanmar_2026_07_21_yangon_city_v1"", ""source_snapshot_id"": 9, ""source_classification"": ""settlement""}"
osm:relation:19672553,safe_new,အမှတ် (၉) ရပ်ကွက်,အမှတ် (၉) ရပ်ကွက်,quarter,quarter,settlement,16.98293905,96.07241094820904,80.00,5c6f997fe6feba00e51f70501092a218,"{""place"": ""quarter"", ""osm_id"": ""19672553"", ""raw_id"": 111607, ""raw_table"": ""raw_osm_polygons"", ""population"": null, ""external_id"": ""osm:relation:19672553"", ""region_code"": ""MM-YANGON"", ""osm_feature_type"": ""R"", ""snapshot_version"": ""osm_myanmar_2026_07_21_yangon_city_v1"", ""source_snapshot_id"": 9, ""source_classification"": ""settlement""}"
osm:relation:19672564,safe_new,အမှတ် (၁၃) ရပ်ကွက်,အမှတ် (၁၃) ရပ်ကွက်,quarter,quarter,settlement,16.948093649999997,96.06507753412444,80.00,ffb0ef775264def6e613f66f4c8c3863,"{""place"": ""quarter"", ""osm_id"": ""19672564"", ""raw_id"": 117055, ""raw_table"": ""raw_osm_polygons"", ""population"": null, ""external_id"": ""osm:relation:19672564"", ""region_code"": ""MM-YANGON"", ""osm_feature_type"": ""R"", ""snapshot_version"": ""osm_myanmar_2026_07_21_yangon_city_v1"", ""source_snapshot_id"": 9, ""source_classification"": ""settlement""}"
osm:relation:19672563,safe_new,အမှတ် (၁၁) ရပ်ကွက်,အမှတ် (၁၁) ရပ်ကွက်,quarter,quarter,settlement,16.95295905,96.07094258485924,80.00,456858b0199441e6f26163d6176df114,"{""place"": ""quarter"", ""osm_id"": ""19672563"", ""raw_id"": 117066, ""raw_table"": ""raw_osm_polygons"", ""population"": null, ""external_id"": ""osm:relation:19672563"", ""region_code"": ""MM-YANGON"", ""osm_feature_type"": ""R"", ""snapshot_version"": ""osm_myanmar_2026_07_21_yangon_city_v1"", ""source_snapshot_id"": 9, ""source_classification"": ""settlement""}"
osm:relation:19672558,safe_new,အမှတ် (၂၀) ရပ်ကွက်,အမှတ် (၂၀) ရပ်ကွက်,quarter,quarter,settlement,16.967109049999998,96.06529380852012,80.00,9e461db7f4fdf45d849e3577d3d12ed4,"{""place"": ""quarter"", ""osm_id"": ""19672558"", ""raw_id"": 119998, ""raw_table"": ""raw_osm_polygons"", ""population"": null, ""external_id"": ""osm:relation:19672558"", ""region_code"": ""MM-YANGON"", ""osm_feature_type"": ""R"", ""snapshot_version"": ""osm_myanmar_2026_07_21_yangon_city_v1"", ""source_snapshot_id"": 9, ""source_classification"": ""settlement""}"
osm:relation:19672546,safe_new,အမှတ် (၁၆) ရပ်ကွက်,အမှတ် (၁၆) ရပ်ကွက်,quarter,quarter,settlement,17.01056165,96.06823380786761,80.00,9a426203626353b5ba254514972af795,"{""place"": ""quarter"", ""osm_id"": ""19672546"", ""raw_id"": 122758, ""raw_table"": ""raw_osm_polygons"", ""population"": null, ""external_id"": ""osm:relation:19672546"", ""region_code"": ""MM-YANGON"", ""osm_feature_type"": ""R"", ""snapshot_version"": ""osm_myanmar_2026_07_21_yangon_city_v1"", ""source_snapshot_id"": 9, ""source_classification"": ""settlement""}"
osm:relation:19672465,safe_new,ပ-စံပြရပ်ကွက်,ပ-စံပြရပ်ကွက်,quarter,quarter,settlement,17.0459882,96.13295009669565,80.00,34dfc550e3028cc833a1c2a782951d10,"{""place"": ""quarter"", ""osm_id"": ""19672465"", ""raw_id"": 124666, ""raw_table"": ""raw_osm_polygons"", ""population"": null, ""external_id"": ""osm:relation:19672465"", ""region_code"": ""MM-YANGON"", ""osm_feature_type"": ""R"", ""snapshot_version"": ""osm_myanmar_2026_07_21_yangon_city_v1"", ""source_snapshot_id"": 9, ""source_classification"": ""settlement""}"
osm:relation:19672466,safe_new,တိလောကရုံရပ်ကွက်,တိလောကရုံရပ်ကွက်,quarter,quarter,settlement,17.0402292,96.12614113717065,80.00,bdf53ccc71fef8104da8b1e343325419,"{""place"": ""quarter"", ""osm_id"": ""19672466"", ""raw_id"": 125347, ""raw_table"": ""raw_osm_polygons"", ""population"": null, ""external_id"": ""osm:relation:19672466"", ""region_code"": ""MM-YANGON"", ""osm_feature_type"": ""R"", ""snapshot_version"": ""osm_myanmar_2026_07_21_yangon_city_v1"", ""source_snapshot_id"": 9, ""source_classification"": ""settlement""}"
osm:relation:19672467,safe_new,လမ်းဆုံပိုင်းရပ်ကွက် (ထောက်ကြံ့လမ်းဆုံ),လမ်းဆုံပိုင်းရပ်ကွက် (ထောက်ကြံ့လမ်းဆုံ),quarter,quarter,settlement,17.04062845,96.13118286391554,80.00,30d77524ae71f23294e754d28c9cb638,"{""place"": ""quarter"", ""osm_id"": ""19672467"", ""raw_id"": 125364, ""raw_table"": ""raw_osm_polygons"", ""population"": null, ""external_id"": ""osm:relation:19672467"", ""region_code"": ""MM-YANGON"", ""osm_feature_type"": ""R"", ""snapshot_version"": ""osm_myanmar_2026_07_21_yangon_city_v1"", ""source_snapshot_id"": 9, ""source_classification"": ""settlement""}"
osm:relation:19672471,safe_new,ထောက်ကြန့်တိုးချဲ့ရပ်ကွက်,ထောက်ကြန့်တိုးချဲ့ရပ်ကွက်,quarter,quarter,settlement,17.0306038,96.14081903821312,80.00,0c4e1d1b8e33ddeace6349c6b6c4691c,"{""place"": ""quarter"", ""osm_id"": ""19672471"", ""raw_id"": 126705, ""raw_table"": ""raw_osm_polygons"", ""population"": null, ""external_id"": ""osm:relation:19672471"", ""region_code"": ""MM-YANGON"", ""osm_feature_type"": ""R"", ""snapshot_version"": ""osm_myanmar_2026_07_21_yangon_city_v1"", ""source_snapshot_id"": 9, ""source_classification"": ""settlement""}"
osm:relation:19672472,safe_new,ထောက်ကြန့် (တောင်ပိုင်း)ရပ်ကွက်,ထောက်ကြန့် (တောင်ပိုင်း)ရပ်ကွက်,quarter,quarter,settlement,17.0293345,96.13458433670985,80.00,5150861ed44e726fc424c15c2c6613cb,"{""place"": ""quarter"", ""osm_id"": ""19672472"", ""raw_id"": 126725, ""raw_table"": ""raw_osm_polygons"", ""population"": null, ""external_id"": ""osm:relation:19672472"", ""region_code"": ""MM-YANGON"", ""osm_feature_type"": ""R"", ""snapshot_version"": ""osm_myanmar_2026_07_21_yangon_city_v1"", ""source_snapshot_id"": 9, ""source_classification"": ""settlement""}"
